file,subject,task,trial_index,t_cue_on,cue_dur,t_tgt_on,cue2tgt_gap,t_resp,RT,side_cue,side_tgt,side_resp,congruent,bad_frac_Fz,bad_frac_F3,bad_frac_F4,n_sat,warmup_flag,side_conflict_flag
VisualCogA_Task-1.mat,A,1,1,5162,52,5758,544,6256,1.9453125,-1,-1,-1,True,0.0026041666666666665,0.8541666666666666,0.0026041666666666665,0.0,True,False
VisualCogA_Task-1.mat,A,1,2,7538,52,8105,515,8407,1.1796875,1,1,1,True,0.0,0.6901041666666666,0.625,0.0,False,False
VisualCogA_Task-1.mat,A,1,3,9690,53,10258,515,10567,1.20703125,-1,-1,-1,True,0.2734375,0.20052083333333334,0.3046875,106.0,False,False
VisualCogA_Task-1.mat,A,1,4,11851,52,12418,515,12771,1.37890625,-1,-1,-1,True,0.0,0.5260416666666666,1.0,0.0,False,False
VisualCogA_Task-1.mat,A,1,5,14055,52,14623,516,14932,1.20703125,1,1,1,True,0.0,0.4036458333333333,1.0,0.0,False,False
VisualCogA_Task-1.mat,A,1,6,16216,52,16783,515,17086,1.18359375,-1,-1,-1,True,0.28125,0.5286458333333334,0.3177083333333333,0.0,False,False
VisualCogA_Task-1.mat,A,1,7,18368,52,18936,516,19306,1.4453125,-1,-1,-1,True,0.0,0.28125,0.0,0.0,False,False
VisualCogA_Task-1.mat,A,1,8,20589,52,21156,515,21421,1.03515625,-1,-1,-1,True,0.0,0.033854166666666664,1.0,0.0,False,False
VisualCogA_Task-1.mat,A,1,9,22705,52,23272,515,23572,1.171875,1,1,1,True,0.0,0.005208333333333333,0.0,0.0,False,False
VisualCogA_Task-1.mat,A,1,10,24854,52,25421,515,25817,1.546875,1,1,1,True,0.0,0.0,0.013020833333333334,0.0,False,False
VisualCogA_Task-1.mat,A,1,11,27102,52,27669,515,27970,1.17578125,1,1,1,True,0.4505208333333333,1.0,0.0,0.0,False,False
VisualCogA_Task-1.mat,A,1,12,29254,53,29822,515,30096,1.0703125,1,1,1,True,0.0,0.0,0.890625,0.0,False,False
VisualCogA_Task-1.mat,A,1,13,31379,52,31946,515,32238,1.140625,-1,-1,-1,True,0.0,1.0,0.0,0.0,False,False
VisualCogA_Task-1.mat,A,1,14,33520,52,34087,515,34391,1.1875,-1,-1,-1,True,0.984375,0.0,1.0,372.0,False,False
VisualCogA_Task-1.mat,A,1,15,35676,52,36243,515,36507,1.03125,1,1,1,True,0.0,0.06510416666666667,0.7083333333333334,0.0,False,False
VisualCogA_Task-1.mat,A,1,16,37789,52,38356,515,38614,1.0078125,-1,-1,-1,True,0.0,0.0,0.18489583333333334,0.0,False,False
VisualCogA_Task-1.mat,A,1,17,39897,52,40465,516,40824,1.40234375,1,1,1,True,0.0,0.0,0.2630208333333333,0.0,False,False
VisualCogA_Task-1.mat,A,1,18,42110,52,42677,515,42997,1.25,-1,-1,-1,True,0.0,0.5859375,0.0,0.0,False,False
VisualCogA_Task-1.mat,A,1,19,44282,52,44849,515,45160,1.21484375,-1,-1,-1,True,0.0,0.22916666666666666,0.0,0.0,False,False
VisualCogA_Task-1.mat,A,1,20,46443,52,47010,515,47295,1.11328125,1,1,1,True,0.6640625,0.0859375,1.0,199.0,False,False
VisualCogA_Task-1.mat,A,1,21,48579,52,49147,516,49392,0.95703125,-1,-1,-1,True,0.0,0.046875,0.5026041666666666,0.0,False,False
VisualCogA_Task-1.mat,A,1,22,50676,52,51243,515,51571,1.28125,-1,-1,-1,True,0.5234375,0.0,1.0,6.0,False,False
VisualCogA_Task-1.mat,A,1,23,52856,52,53423,515,53716,1.14453125,1,1,1,True,0.09375,0.2994791666666667,0.4375,0.0,False,False
VisualCogA_Task-1.mat,A,1,24,55001,52,55568,515,55850,1.1015625,-1,-1,-1,True,0.0,0.11197916666666667,0.0,0.0,False,False
VisualCogA_Task-1.mat,A,1,25,57133,52,57700,515,58029,1.28515625,-1,-1,-1,True,0.0,0.6822916666666666,0.3671875,0.0,False,False
VisualCogA_Task-1.mat,A,1,26,59314,52,59881,515,60125,0.953125,1,1,1,True,0.0,0.0,0.03125,0.0,False,False
VisualCogA_Task-1.mat,A,1,27,61410,52,61978,516,62292,1.2265625,1,1,1,True,0.28125,0.12239583333333333,0.3098958333333333,90.0,False,False
VisualCogA_Task-1.mat,A,1,28,63575,52,64142,515,64381,0.93359375,-1,-1,-1,True,0.015625,0.2109375,0.020833333333333332,0.0,False,False
VisualCogA_Task-1.mat,A,1,29,65663,52,66231,516,66575,1.34375,-1,-1,-1,True,0.0,0.0,0.5078125,0.0,False,False
VisualCogA_Task-1.mat,A,1,30,67860,52,68427,515,68692,1.03515625,-1,-1,-1,True,0.0,0.16927083333333334,0.0,0.0,False,False
VisualCogA_Task-1.mat,A,1,31,69976,52,70544,516,70795,0.98046875,-1,-1,-1,True,0.0,0.24739583333333334,0.3515625,0.0,False,False
VisualCogA_Task-1.mat,A,1,32,72081,52,72648,515,72986,1.3203125,1,1,1,True,0.0,0.24739583333333334,0.0,0.0,False,False
VisualCogA_Task-1.mat,A,1,33,74269,52,74837,516,75138,1.17578125,1,1,1,True,0.0,0.8203125,0.0,0.0,False,False
VisualCogA_Task-1.mat,A,1,34,76422,52,76989,515,77391,1.5703125,-1,-1,-1,True,0.0,0.5572916666666666,0.0,0.0,False,False
VisualCogA_Task-1.mat,A,1,35,78674,52,79241,515,79509,1.046875,1,1,1,True,0.0,0.4791666666666667,0.0,0.0,False,False
VisualCogA_Task-1.mat,A,1,36,80791,52,81358,515,81646,1.125,-1,-1,-1,True,0.7447916666666666,0.8697916666666666,0.5442708333333334,409.0,False,False
VisualCogA_Task-1.mat,A,1,37,82931,52,83499,516,83790,1.13671875,-1,-1,-1,True,0.08333333333333333,0.4739583333333333,0.09375,0.0,False,False
VisualCogA_Task-1.mat,A,1,38,85076,52,85643,515,85922,1.08984375,-1,-1,-1,True,0.0,0.23697916666666666,0.4296875,0.0,False,False
VisualCogA_Task-1.mat,A,1,39,87204,52,87772,516,88067,1.15234375,-1,-1,-1,True,0.6432291666666666,0.6119791666666666,0.7760416666666666,390.0,False,False
VisualCogA_Task-1.mat,A,1,40,89353,52,89920,515,90170,0.9765625,-1,-1,-1,True,0.6953125,1.0,0.0,271.0,False,False
VisualCogA_Task-1.mat,A,1,41,91453,52,92021,516,92268,0.96484375,-1,-1,-1,True,0.0,0.3359375,0.7942708333333334,7.0,False,False
VisualCogA_Task-1.mat,A,1,42,93554,52,94122,516,94412,1.1328125,1,1,1,True,0.0,0.9869791666666666,0.0078125,0.0,False,False
VisualCogA_Task-1.mat,A,1,43,95698,53,96266,515,96596,1.2890625,-1,-1,-1,True,0.0,0.4505208333333333,0.0,0.0,False,False
VisualCogA_Task-1.mat,A,1,44,97879,52,98446,515,98713,1.04296875,1,1,1,True,0.0,0.4739583333333333,0.0,0.0,False,False
VisualCogA_Task-1.mat,A,1,45,99995,53,100563,515,100811,0.96875,-1,-1,-1,True,0.0,0.7421875,0.0,0.0,False,False
VisualCogA_Task-1.mat,A,1,46,102096,52,102663,515,102949,1.1171875,-1,-1,-1,True,1.0,0.4375,1.0,495.0,False,False
VisualCogA_Task-1.mat,A,1,47,104233,52,104800,515,105138,1.3203125,-1,-1,-1,True,0.0,0.010416666666666666,0.0,0.0,False,False
VisualCogA_Task-1.mat,A,1,48,106421,52,106988,515,107311,1.26171875,1,1,1,True,0.0,0.2526041666666667,0.0,0.0,False,False
VisualCogA_Task-1.mat,A,1,49,108593,53,109161,515,109441,1.09375,-1,-1,-1,True,0.0,0.005208333333333333,0.018229166666666668,0.0,False,False
VisualCogA_Task-1.mat,A,1,50,110726,52,111293,515,111553,1.015625,-1,-1,-1,True,0.0,0.6302083333333334,0.049479166666666664,0.0,False,False
VisualCogA_Task-1.mat,A,1,51,112835,52,113402,515,113700,1.1640625,1,1,1,True,0.796875,0.17708333333333334,0.5546875,0.0,False,False
VisualCogA_Task-1.mat,A,1,52,114983,52,115551,516,115865,1.2265625,1,1,1,True,0.5416666666666666,0.6666666666666666,0.19791666666666666,0.0,False,False
VisualCogA_Task-1.mat,A,1,53,117148,52,117715,515,117979,1.03125,1,1,1,True,0.5,0.9401041666666666,0.0,15.0,False,False
VisualCogA_Task-1.mat,A,1,54,119264,52,119832,516,120130,1.1640625,-1,-1,-1,True,0.1953125,1.0,0.578125,0.0,False,False
VisualCogA_Task-1.mat,A,1,55,121417,52,121984,515,122259,1.07421875,1,1,1,True,0.0,0.09635416666666667,0.0,0.0,False,False
VisualCogA_Task-1.mat,A,1,56,123541,52,124109,516,124416,1.19921875,-1,-1,-1,True,0.0,0.5963541666666666,0.0,0.0,False,False
VisualCogA_Task-1.mat,A,1,57,125702,52,126269,515,126579,1.2109375,-1,-1,-1,True,0.0,0.5078125,0.0,0.0,False,False
VisualCogA_Task-1.mat,A,1,58,127862,52,128429,515,128743,1.2265625,1,1,1,True,0.0,0.9348958333333334,0.0,0.0,False,False
VisualCogA_Task-1.mat,A,1,59,130027,52,130594,515,130890,1.15625,1,1,1,True,0.0,0.9973958333333334,0.0,0.0,False,False
VisualCogA_Task-1.mat,A,1,60,132175,52,132742,515,133052,1.2109375,-1,-1,-1,True,0.0,1.0,0.0,0.0,False,False
VisualCogA_Task-1.mat,A,1,61,134336,52,134903,515,135373,1.8359375,1,1,1,True,0.0,0.033854166666666664,0.14583333333333334,0.0,False,False
VisualCogA_Task-1.mat,A,1,62,136656,52,137223,515,137503,1.09375,-1,-1,-1,True,0.0,0.9661458333333334,0.0,0.0,False,False
VisualCogA_Task-1.mat,A,1,63,138788,53,139356,515,139658,1.1796875,1,1,1,True,0.7838541666666666,0.0,1.0,0.0,False,False
VisualCogA_Task-1.mat,A,1,64,140941,52,141508,515,141755,0.96484375,1,1,1,True,0.15885416666666666,0.1953125,1.0,0.0,False,False
VisualCogA_Task-1.mat,A,1,65,143037,53,143605,515,143927,1.2578125,-1,-1,-1,True,0.0,0.11197916666666667,0.0,0.0,False,False
VisualCogA_Task-1.mat,A,1,66,145214,52,145781,515,146056,1.07421875,1,1,1,True,0.0,0.3828125,0.020833333333333332,0.0,False,False
VisualCogA_Task-1.mat,A,1,67,147338,53,147906,515,148211,1.19140625,-1,-1,-1,True,0.0,0.3020833333333333,0.0026041666666666665,0.0,False,False
VisualCogA_Task-1.mat,A,1,68,149495,52,150062,515,150326,1.03125,-1,-1,-1,True,0.0,0.059895833333333336,0.0,0.0,False,False
VisualCogA_Task-1.mat,A,1,69,151611,53,152179,515,152477,1.1640625,1,1,1,True,0.0,0.234375,0.0,0.0,False,False
VisualCogA_Task-1.mat,A,1,70,153760,52,154327,515,154607,1.09375,1,1,1,True,0.0,0.4635416666666667,0.0,0.0,False,False
VisualCogA_Task-1.mat,A,1,71,155889,52,156456,515,156733,1.08203125,-1,-1,-1,True,0.0,0.6848958333333334,0.421875,0.0,False,False
VisualCogA_Task-1.mat,A,1,72,158017,52,158584,515,158806,0.8671875,1,1,1,True,0.0,0.5546875,0.14583333333333334,0.0,False,False
VisualCogA_Task-1.mat,A,1,73,160090,52,160657,515,160971,1.2265625,-1,-1,-1,True,0.0,0.1640625,0.0,0.0,False,False
VisualCogA_Task-1.mat,A,1,74,162254,52,162821,515,163082,1.01953125,1,1,1,True,0.0,0.0234375,0.5572916666666666,0.0,False,False
VisualCogA_Task-1.mat,A,1,75,164367,52,164934,515,165210,1.078125,-1,-1,-1,True,0.0,0.4140625,0.16666666666666666,0.0,False,False
VisualCogA_Task-1.mat,A,1,76,166495,52,167063,516,167313,0.9765625,1,1,1,True,0.0,0.0,0.0,0.0,False,False
VisualCogA_Task-1.mat,A,1,77,168596,52,169163,515,169453,1.1328125,-1,-1,-1,True,1.0,1.0,0.4296875,486.0,False,False
VisualCogA_Task-1.mat,A,1,78,170736,53,171304,515,171576,1.0625,-1,-1,-1,True,0.0546875,0.7916666666666666,0.2786458333333333,0.0,False,False
VisualCogA_Task-1.mat,A,1,79,172861,52,173429,516,173717,1.125,-1,-1,-1,True,0.0,1.0,0.0,0.0,False,False
VisualCogA_Task-1.mat,A,1,80,175002,52,175569,515,175883,1.2265625,-1,-1,-1,True,0.0,0.9192708333333334,0.0,0.0,False,False
VisualCogA_Task-1.mat,A,1,81,177170,52,177737,515,178035,1.1640625,-1,-1,-1,True,0.0,0.6432291666666666,0.0,0.0,False,False
VisualCogA_Task-1.mat,A,1,82,179318,53,179886,515,180176,1.1328125,1,1,1,True,0.0,1.0,0.0,0.0,False,False
VisualCogA_Task-1.mat,A,1,83,181459,52,182026,515,182274,0.96875,-1,-1,-1,True,0.0,0.9791666666666666,0.0,0.0,False,False
VisualCogA_Task-1.mat,A,1,84,183556,52,184123,515,184388,1.03515625,1,1,1,True,0.044270833333333336,0.0026041666666666665,1.0,0.0,False,False
VisualCogA_Task-1.mat,A,1,85,185672,52,186239,515,186504,1.03515625,-1,-1,-1,True,0.0,1.0,0.0,0.0,False,False
VisualCogA_Task-1.mat,A,1,86,187789,52,188356,515,188625,1.05078125,1,1,1,True,0.0,0.7291666666666666,0.0,0.0,False,False
VisualCogA_Task-1.mat,A,1,87,189909,52,190477,516,190801,1.265625,1,1,1,True,0.0,0.6171875,0.9401041666666666,0.0,False,False
VisualCogA_Task-1.mat,A,1,88,192086,52,192653,515,192927,1.0703125,1,1,1,True,0.609375,1.0,0.033854166666666664,149.0,False,False
VisualCogA_Task-1.mat,A,1,89,194210,52,194778,516,195055,1.08203125,1,1,1,True,0.7864583333333334,0.2552083333333333,0.1875,0.0,False,False
VisualCogA_Task-1.mat,A,1,90,196339,52,196906,515,197165,1.01171875,1,1,1,True,0.0,1.0,0.0,0.0,False,False
VisualCogA_Task-1.mat,A,1,91,198451,53,199019,515,199371,1.375,-1,-1,-1,True,0.3307291666666667,0.8567708333333334,0.0,0.0,False,False
VisualCogA_Task-1.mat,A,1,92,200656,52,201223,515,201475,0.984375,1,1,1,True,0.0,0.7161458333333334,0.0,0.0,False,False
VisualCogA_Task-1.mat,A,1,93,202756,52,203324,516,203657,1.30078125,1,1,1,True,0.0,0.46875,0.0,0.0,False,False
VisualCogA_Task-1.mat,A,1,94,204941,52,205508,515,205829,1.25390625,1,1,1,True,0.0,0.78125,0.0,0.0,False,False
VisualCogA_Task-1.mat,A,1,95,207113,52,207681,516,208003,1.2578125,-1,-1,-1,True,0.0,1.0,0.0,0.0,False,False
VisualCogA_Task-1.mat,A,1,96,209286,52,209853,515,210099,0.9609375,1,1,1,True,0.0,0.8932291666666666,0.0026041666666666665,0.0,False,False
VisualCogA_Task-1.mat,A,1,97,211382,52,211950,516,212182,0.90625,1,1,1,True,0.0,0.203125,0.0026041666666666665,0.0,False,False
VisualCogA_Task-1.mat,A,1,98,213467,52,214034,515,214334,1.171875,-1,-1,-1,True,0.0,0.5442708333333334,0.6640625,0.0,False,False
VisualCogA_Task-1.mat,A,1,99,215619,53,216187,515,216530,1.33984375,-1,-1,-1,True,0.0,1.0,0.0,0.0,False,False
VisualCogA_Task-1.mat,A,1,100,217816,52,218383,515,218710,1.27734375,1,1,1,True,0.0,0.4427083333333333,0.0,0.0,False,False
VisualCogA_Task-2.mat,A,2,1,5133,52,5701,516,6134,1.69140625,1,-1,-1,False,0.0,0.0,0.6848958333333334,0.0,False,False
VisualCogA_Task-2.mat,A,2,2,7418,52,7985,515,8490,1.97265625,-1,-1,-1,True,0.0,0.0,0.2109375,0.0,False,False
VisualCogA_Task-2.mat,A,2,3,9778,52,10345,515,10730,1.50390625,-1,-1,-1,True,0.0,0.0,1.0,0.0,False,False
VisualCogA_Task-2.mat,A,2,4,12014,52,12581,515,12969,1.515625,-1,-1,-1,True,0.0,0.0,0.3671875,0.0,False,False
VisualCogA_Task-2.mat,A,2,5,14255,52,14822,515,15193,1.44921875,1,-1,-1,False,0.0,0.0,0.10416666666666667,0.0,False,False
VisualCogA_Task-2.mat,A,2,6,16479,52,17046,515,17389,1.33984375,-1,1,1,False,0.0,0.0,0.0026041666666666665,0.0,False,False
VisualCogA_Task-2.mat,A,2,7,18675,52,19243,516,19580,1.31640625,1,-1,-1,False,0.0,0.0,0.5338541666666666,0.0,False,False
VisualCogA_Task-2.mat,A,2,8,20864,52,21431,515,21772,1.33203125,1,-1,-1,False,0.0,0.0,0.1640625,0.0,False,False
VisualCogA_Task-2.mat,A,2,9,23056,52,23624,516,24050,1.6640625,-1,1,1,False,0.0,0.0,0.0,0.0,False,False
VisualCogA_Task-2.mat,A,2,10,25337,52,25904,515,26248,1.34375,-1,-1,-1,True,0.0,0.0,0.044270833333333336,0.0,False,False
VisualCogA_Task-2.mat,A,2,11,27533,52,28100,515,28478,1.4765625,1,1,1,True,0.0,0.0,0.18489583333333334,0.0,False,False
VisualCogA_Task-2.mat,A,2,12,29761,53,30329,515,30687,1.3984375,1,-1,-1,False,0.328125,0.0,0.0,0.0,False,False
VisualCogA_Task-2.mat,A,2,13,31970,52,32537,515,32883,1.3515625,1,-1,-1,False,0.0,0.0,0.026041666666666668,0.0,False,False
VisualCogA_Task-2.mat,A,2,14,34166,52,34734,516,35127,1.53515625,-1,-1,-1,True,0.0,0.005208333333333333,0.1328125,0.0,False,False
VisualCogA_Task-2.mat,A,2,15,36415,52,36982,515,37415,1.69140625,-1,1,1,False,0.0,0.0,0.8020833333333334,0.0,False,False
VisualCogA_Task-2.mat,A,2,16,38699,52,39267,516,39657,1.5234375,-1,1,1,False,0.0,0.0,0.3020833333333333,0.0,False,False
VisualCogA_Task-2.mat,A,2,17,40943,53,41511,515,41874,1.41796875,1,-1,-1,False,0.0,0.0,0.9973958333333334,0.0,False,False
VisualCogA_Task-2.mat,A,2,18,43164,52,43731,515,44133,1.5703125,1,1,1,True,0.0,0.0,0.1015625,0.0,False,False
VisualCogA_Task-2.mat,A,2,19,45420,52,45988,516,46306,1.2421875,-1,1,1,False,0.19791666666666666,0.0,0.013020833333333334,0.0,False,False
VisualCogA_Task-2.mat,A,2,20,47593,52,48160,515,48538,1.4765625,-1,1,1,False,0.0,0.0,0.8619791666666666,0.0,False,False
VisualCogA_Task-2.mat,A,2,21,49821,52,50388,515,50719,1.29296875,1,-1,-1,False,0.0,0.0026041666666666665,0.13020833333333334,0.0,False,False
VisualCogA_Task-2.mat,A,2,22,52005,53,52573,515,52939,1.4296875,-1,-1,-1,True,0.0,0.0,0.057291666666666664,0.0,False,False
VisualCogA_Task-2.mat,A,2,23,54226,52,54793,515,55131,1.3203125,1,1,1,True,0.0,0.0,1.0,0.0,False,False
VisualCogA_Task-2.mat,A,2,24,56418,52,56986,516,57344,1.3984375,1,-1,-1,False,0.0,0.0,1.0,0.0,False,False
VisualCogA_Task-2.mat,A,2,25,58631,52,59198,515,59512,1.2265625,-1,1,1,False,0.0,0.0,0.7005208333333334,0.0,False,False
VisualCogA_Task-2.mat,A,2,26,60795,52,61363,516,61688,1.26953125,-1,1,1,False,0.0,0.0,0.0,0.0,False,False
VisualCogA_Task-2.mat,A,2,27,62972,52,63539,515,63895,1.390625,1,1,1,True,0.0,0.010416666666666666,0.5729166666666666,0.0,False,False
VisualCogA_Task-2.mat,A,2,28,65181,52,65748,515,66119,1.44921875,1,1,1,True,0.0,0.0,1.0,0.0,False,False
VisualCogA_Task-2.mat,A,2,29,67405,52,67972,515,68399,1.66796875,1,1,1,True,0.0,0.0,0.5885416666666666,0.0,False,False
VisualCogA_Task-2.mat,A,2,30,69685,52,70252,515,70656,1.578125,-1,-1,-1,True,0.0,0.5546875,0.2864583333333333,102.0,False,False
VisualCogA_Task-2.mat,A,2,31,71941,52,72509,516,72819,1.2109375,-1,1,1,False,0.0,0.0,0.0,0.0,False,False
VisualCogA_Task-2.mat,A,2,32,74110,52,74677,515,74976,1.16796875,-1,1,1,False,0.0,0.0,0.5546875,0.0,False,False
VisualCogA_Task-2.mat,A,2,33,76262,52,76830,516,77164,1.3046875,1,1,1,True,0.0,0.5598958333333334,0.6953125,176.0,False,False
VisualCogA_Task-2.mat,A,2,34,78455,52,79022,515,79406,1.5,-1,-1,-1,True,0.0,0.0,0.7864583333333334,0.0,False,False
VisualCogA_Task-2.mat,A,2,35,80691,52,81258,515,81632,1.4609375,-1,-1,-1,True,0.0,0.0,1.0,0.0,False,False
VisualCogA_Task-2.mat,A,2,36,82915,53,83483,515,83785,1.1796875,1,1,1,True,0.0,0.0,1.0,0.0,False,False
VisualCogA_Task-2.mat,A,2,37,85072,52,85639,515,85983,1.34375,1,1,1,True,0.0,0.1640625,0.0026041666666666665,0.0,False,False
VisualCogA_Task-2.mat,A,2,38,87272,53,87840,515,88205,1.42578125,-1,1,1,False,0.0,0.0,0.7838541666666666,0.0,False,False
VisualCogA_Task-2.mat,A,2,39,89489,52,90057,516,90473,1.625,1,1,1,True,0.0,0.2265625,0.21354166666666666,13.0,False,False
VisualCogA_Task-2.mat,A,2,40,91757,53,92325,515,92650,1.26953125,-1,1,1,False,0.0,0.0,0.734375,0.0,False,False
VisualCogA_Task-2.mat,A,2,41,93938,52,94505,515,94897,1.53125,-1,-1,-1,True,0.0,0.23177083333333334,0.5494791666666666,5.0,False,False
VisualCogA_Task-2.mat,A,2,42,96182,53,96750,515,97091,1.33203125,-1,-1,-1,True,0.0,0.0,0.0,0.0,False,False
VisualCogA_Task-2.mat,A,2,43,98375,52,98942,515,99283,1.33203125,-1,-1,-1,True,0.0,0.0,0.7630208333333334,0.0,False,False
VisualCogA_Task-2.mat,A,2,44,100571,52,101139,516,101557,1.6328125,-1,1,1,False,0.0,0.0,0.24479166666666666,0.0,False,False
VisualCogA_Task-2.mat,A,2,45,102843,53,103411,515,103719,1.203125,-1,1,1,False,0.1484375,0.5286458333333334,0.921875,80.0,False,False
VisualCogA_Task-2.mat,A,2,46,105004,52,105572,516,105915,1.33984375,-1,-1,-1,True,0.0,0.0,0.9296875,0.0,False,False
VisualCogA_Task-2.mat,A,2,47,107201,52,107768,515,108081,1.22265625,-1,1,1,False,0.0,0.0,1.0,0.0,False,False
VisualCogA_Task-2.mat,A,2,48,109365,52,109933,516,110317,1.5,-1,-1,-1,True,0.0,0.0,0.4869791666666667,0.0,False,False
VisualCogA_Task-2.mat,A,2,49,111601,53,112169,515,112551,1.4921875,1,-1,-1,False,0.0,0.328125,1.0,0.0,False,False
VisualCogA_Task-2.mat,A,2,50,113838,52,114406,516,114785,1.48046875,1,-1,-1,False,0.052083333333333336,0.1875,0.6328125,0.0,False,False
VisualCogA_Task-2.mat,A,2,51,116071,52,116638,515,117011,1.45703125,-1,1,1,False,0.19010416666666666,0.4296875,1.0,0.0,False,False
VisualCogA_Task-2.mat,A,2,52,118295,52,118862,515,119158,1.15625,1,1,1,True,0.0,0.3723958333333333,0.9661458333333334,0.0,False,False
VisualCogA_Task-2.mat,A,2,53,120443,52,121011,516,121380,1.44140625,1,-1,-1,False,0.0,0.0,0.9947916666666666,0.0,False,False
VisualCogA_Task-2.mat,A,2,54,122664,52,123231,515,123590,1.40234375,-1,1,1,False,0.0,0.7135416666666666,0.7239583333333334,0.0,False,False
VisualCogA_Task-2.mat,A,2,55,124876,52,125444,516,125768,1.265625,-1,1,1,False,0.028645833333333332,0.7109375,0.3776041666666667,0.0,False,False
VisualCogA_Task-2.mat,A,2,56,127057,52,127624,515,127994,1.4453125,1,1,1,True,0.0,0.0,0.2838541666666667,0.0,False,False
VisualCogA_Task-2.mat,A,2,57,129277,52,129845,516,130217,1.453125,1,-1,-1,False,0.0,0.0,0.020833333333333332,0.0,False,False
VisualCogA_Task-2.mat,A,2,58,131502,52,132069,515,132454,1.50390625,1,1,1,True,0.0,0.0,0.19791666666666666,0.0,False,False
VisualCogA_Task-2.mat,A,2,59,133738,52,134306,516,134681,1.46484375,1,-1,-1,False,0.0,0.0,0.24479166666666666,0.0,False,False
VisualCogA_Task-2.mat,A,2,60,135966,53,136534,515,136916,1.4921875,1,-1,-1,False,0.0,0.0,0.15625,0.0,False,False
VisualCogA_Task-2.mat,A,2,61,138203,52,138770,515,139159,1.51953125,-1,1,1,False,0.0,0.0,0.3489583333333333,0.0,False,False
VisualCogA_Task-2.mat,A,2,62,140443,52,141011,516,141339,1.28125,1,-1,-1,False,0.0,0.0,0.7369791666666666,0.0,False,False
VisualCogA_Task-2.mat,A,2,63,142628,52,143195,515,143542,1.35546875,-1,1,1,False,0.20572916666666666,0.20572916666666666,0.8645833333333334,79.0,False,False
VisualCogA_Task-2.mat,A,2,64,144828,52,145396,516,145740,1.34375,-1,-1,-1,True,0.0,0.12760416666666666,0.6901041666666666,0.0,False,False
VisualCogA_Task-2.mat,A,2,65,147025,52,147592,515,147915,1.26171875,1,1,1,True,0.0,0.0,0.0,0.0,False,False
VisualCogA_Task-2.mat,A,2,66,149201,52,149769,516,150099,1.2890625,-1,-1,-1,True,0.0,0.0,1.0,0.0,False,False
VisualCogA_Task-2.mat,A,2,67,151386,52,151953,515,152275,1.2578125,1,1,1,True,0.0,0.4036458333333333,1.0,0.0,False,False
VisualCogA_Task-2.mat,A,2,68,153562,52,154129,515,154519,1.5234375,1,-1,-1,False,0.0,0.20052083333333334,0.2760416666666667,0.0,False,False
VisualCogA_Task-2.mat,A,2,69,155802,53,156370,515,156765,1.54296875,-1,-1,-1,True,0.0,0.013020833333333334,0.921875,0.0,False,False
VisualCogA_Task-2.mat,A,2,70,158051,52,158618,515,158959,1.33203125,-1,-1,-1,True,0.0,0.0,0.9479166666666666,0.0,False,False
VisualCogA_Task-2.mat,A,2,71,160243,52,160811,516,161126,1.23046875,1,-1,-1,False,0.0,0.0,0.20052083333333334,0.0,False,False
VisualCogA_Task-2.mat,A,2,72,162412,52,162979,515,163276,1.16015625,1,-1,-1,False,0.0,0.5651041666666666,1.0,0.0,False,False
VisualCogA_Task-2.mat,A,2,73,164560,52,165127,515,165503,1.46875,1,1,1,True,0.0,0.0,0.6484375,0.0,False,False
VisualCogA_Task-2.mat,A,2,74,166789,52,167356,515,167721,1.42578125,1,-1,-1,False,0.0,0.0,0.8515625,0.0,False,False
VisualCogA_Task-2.mat,A,2,75,169005,52,169572,515,169899,1.27734375,-1,1,1,False,0.0,0.0,0.5,0.0,False,False
VisualCogA_Task-2.mat,A,2,76,171185,53,171753,515,172158,1.58203125,-1,-1,-1,True,0.0,0.0,1.0,0.0,False,False
VisualCogA_Task-2.mat,A,2,77,173442,52,174009,515,174333,1.265625,-1,1,1,False,0.0,0.0,0.171875,0.0,False,False
VisualCogA_Task-2.mat,A,2,78,175618,52,176186,516,176596,1.6015625,1,1,1,True,0.0,0.0,0.2786458333333333,0.0,False,False
VisualCogA_Task-2.mat,A,2,79,177883,52,178450,515,178761,1.21484375,-1,1,1,False,0.0,0.0,1.0,0.0,False,False
VisualCogA_Task-2.mat,A,2,80,180047,52,180614,515,181009,1.54296875,1,-1,-1,False,0.2265625,0.049479166666666664,0.9713541666666666,36.0,False,False
VisualCogA_Task-2.mat,A,2,81,182295,53,182863,515,183207,1.34375,-1,1,1,False,0.4479166666666667,0.0,0.10677083333333333,0.0,False,False
VisualCogA_Task-2.mat,A,2,82,184492,52,185059,515,185433,1.4609375,1,-1,-1,False,0.005208333333333333,0.015625,0.057291666666666664,0.0,False,False
VisualCogA_Task-2.mat,A,2,83,186720,53,187288,515,187639,1.37109375,1,1,1,True,0.0,0.0026041666666666665,0.4036458333333333,0.0,False,False
VisualCogA_Task-2.mat,A,2,84,188925,52,189492,515,189824,1.296875,-1,1,1,False,0.0,0.0026041666666666665,0.5286458333333334,0.0,False,False
VisualCogA_Task-2.mat,A,2,85,191109,52,191677,516,192034,1.39453125,1,1,1,True,0.0,0.0,0.5651041666666666,0.0,False,False
VisualCogA_Task-2.mat,A,2,86,193322,52,193889,515,194185,1.15625,-1,-1,-1,True,0.036458333333333336,0.4817708333333333,0.7395833333333334,230.0,False,False
VisualCogA_Task-2.mat,A,2,87,195470,52,196038,516,196380,1.3359375,-1,-1,-1,True,0.13541666666666666,0.028645833333333332,1.0,0.0,False,False
VisualCogA_Task-2.mat,A,2,88,197671,52,198238,515,198519,1.09765625,1,1,1,True,0.4557291666666667,0.0,0.7395833333333334,0.0,False,False
VisualCogA_Task-2.mat,A,2,89,199803,52,200371,516,200714,1.33984375,-1,1,1,False,0.0,0.0026041666666666665,0.453125,0.0,False,False
VisualCogA_Task-2.mat,A,2,90,202000,52,202567,515,203019,1.765625,-1,-1,-1,True,0.0546875,0.0,0.7916666666666666,0.0,False,False
VisualCogA_Task-2.mat,A,2,91,204304,52,204871,515,205214,1.33984375,-1,1,1,False,0.0,0.0,1.0,0.0,False,False
VisualCogA_Task-2.mat,A,2,92,206500,53,207068,515,207463,1.54296875,-1,-1,-1,True,0.0,0.005208333333333333,0.2421875,0.0,False,False
VisualCogA_Task-2.mat,A,2,93,208749,52,209316,515,209641,1.26953125,1,1,1,True,0.0,0.0,0.4140625,0.0,False,False
VisualCogA_Task-2.mat,A,2,94,210925,52,211493,516,211864,1.44921875,-1,1,1,False,0.057291666666666664,0.21614583333333334,0.19270833333333334,0.0,False,False
VisualCogA_Task-2.mat,A,2,95,213150,52,213717,515,214040,1.26171875,-1,1,1,False,0.0,0.0026041666666666665,0.3723958333333333,0.0,False,False
VisualCogA_Task-2.mat,A,2,96,215326,52,215894,516,216247,1.37890625,-1,1,1,False,0.0,0.0,0.2682291666666667,0.0,False,False
VisualCogA_Task-2.mat,A,2,97,217535,52,218102,515,218429,1.27734375,-1,-1,-1,True,0.0,0.0,0.018229166666666668,0.0,False,False
VisualCogA_Task-2.mat,A,2,98,219715,52,220282,515,220617,1.30859375,-1,-1,-1,True,0.0,0.0,0.2760416666666667,0.0,False,False
VisualCogA_Task-2.mat,A,2,99,221904,52,222471,515,222810,1.32421875,-1,1,1,False,0.0,0.0,0.328125,0.0,False,False
VisualCogA_Task-2.mat,A,2,100,224096,52,224663,515,225022,1.40234375,-1,-1,-1,True,0.0,0.0,0.4661458333333333,0.0,False,False
VisualCogB_Task-1.mat,B,1,1,5154,53,5726,519,6204,1.8671875,-1,-1,-1,True,0.0,1.0,0.0,0.0,False,False
VisualCogB_Task-1.mat,B,1,2,7486,53,8054,515,8363,1.20703125,-1,-1,-1,True,0.015625,0.3541666666666667,0.0703125,0.0,False,False
VisualCogB_Task-1.mat,B,1,3,9647,52,10214,515,10493,1.08984375,1,1,1,True,0.0,0.22916666666666666,0.3307291666666667,0.0,False,False
VisualCogB_Task-1.mat,B,1,4,11776,52,12343,515,12604,1.01953125,-1,-1,-1,True,0.0,0.0234375,0.1328125,0.0,False,False
VisualCogB_Task-1.mat,B,1,5,13888,52,14455,515,14763,1.203125,1,1,1,True,0.5,0.044270833333333336,0.9322916666666666,0.0,False,False
VisualCogB_Task-1.mat,B,1,6,16049,52,16616,515,16950,1.3046875,1,1,1,True,0.08854166666666667,0.828125,0.059895833333333336,0.0,False,False
VisualCogB_Task-1.mat,B,1,7,18233,52,18800,515,19092,1.140625,1,1,1,True,0.0,0.9192708333333334,0.0,0.0,False,False
VisualCogB_Task-1.mat,B,1,8,20378,52,20945,515,21193,0.96875,-1,-1,-1,True,0.0,0.9270833333333334,0.0,0.0,False,False
VisualCogB_Task-1.mat,B,1,9,22478,52,23046,516,23499,1.76953125,-1,-1,-1,True,0.0,0.23958333333333334,0.0,0.0,False,False
VisualCogB_Task-1.mat,B,1,10,24782,53,25350,515,25681,1.29296875,-1,-1,-1,True,0.0,0.06770833333333333,0.0,0.0,False,False
VisualCogB_Task-1.mat,B,1,11,26963,52,27530,515,27820,1.1328125,1,1,1,True,0.0,0.0,0.3671875,0.0,False,False
VisualCogB_Task-1.mat,B,1,12,29103,53,29671,515,29954,1.10546875,-1,-1,-1,True,0.0,0.0,0.0,0.0,False,False
VisualCogB_Task-1.mat,B,1,13,31236,52,31804,516,32074,1.0546875,1,1,1,True,0.0,0.3619791666666667,0.203125,0.0,False,False
VisualCogB_Task-1.mat,B,1,14,33360,53,33928,515,34269,1.33203125,1,1,1,True,0.453125,0.0,0.8177083333333334,186.0,False,False
VisualCogB_Task-1.mat,B,1,15,35553,52,36120,515,36384,1.03125,-1,-1,-1,True,0.0,0.0,0.828125,0.0,False,False
VisualCogB_Task-1.mat,B,1,16,37666,52,38233,515,38513,1.09375,1,1,1,True,0.0,0.0,0.9296875,0.0,False,False
VisualCogB_Task-1.mat,B,1,17,39798,52,40365,515,40614,0.97265625,-1,-1,-1,True,0.0,0.16145833333333334,0.7473958333333334,0.0,False,False
VisualCogB_Task-1.mat,B,1,18,41899,52,42466,515,42769,1.18359375,-1,-1,-1,True,0.0,0.7786458333333334,0.0390625,0.0,False,False
VisualCogB_Task-1.mat,B,1,19,44055,52,44623,516,44883,1.015625,1,1,1,True,0.0,0.4244791666666667,0.0,0.0,False,False
VisualCogB_Task-1.mat,B,1,20,46168,52,46735,515,47021,1.1171875,-1,-1,-1,True,0.0,0.8958333333333334,0.08072916666666667,0.0,False,False
VisualCogB_Task-1.mat,B,1,21,48304,52,48872,516,49176,1.1875,1,1,1,True,0.0,1.0,0.0,0.0,False,False
VisualCogB_Task-1.mat,B,1,22,50461,52,51028,515,51335,1.19921875,1,1,1,True,0.0,0.8723958333333334,0.0,0.0,False,False
VisualCogB_Task-1.mat,B,1,23,52617,52,53185,516,53477,1.140625,1,1,1,True,0.4869791666666667,1.0,0.059895833333333336,140.0,False,False
VisualCogB_Task-1.mat,B,1,24,54762,52,55329,515,55597,1.046875,1,1,1,True,0.0,0.6458333333333334,0.19010416666666666,0.0,False,False
VisualCogB_Task-1.mat,B,1,25,56882,53,57450,515,57691,0.94140625,1,1,1,True,0.5286458333333334,0.6979166666666666,0.22135416666666666,59.0,False,False
VisualCogB_Task-1.mat,B,1,26,58975,52,59543,516,59788,0.95703125,1,1,1,True,0.0,0.0,0.8776041666666666,0.0,False,False
VisualCogB_Task-1.mat,B,1,27,61072,52,61639,515,61892,0.98828125,1,1,1,True,0.0,0.0,1.0,0.0,False,False
VisualCogB_Task-1.mat,B,1,28,63176,52,63744,516,64081,1.31640625,1,1,1,True,0.0,0.0,1.0,0.0,False,False
VisualCogB_Task-1.mat,B,1,29,65365,52,65932,515,66207,1.07421875,1,1,1,True,0.0,0.0,0.9947916666666666,0.0,False,False
VisualCogB_Task-1.mat,B,1,30,67489,52,68057,516,68411,1.3828125,-1,-1,-1,True,0.0,1.0,0.0,0.0,False,False
VisualCogB_Task-1.mat,B,1,31,69694,52,70261,515,70537,1.078125,1,1,1,True,0.0,0.7942708333333334,0.018229166666666668,0.0,False,False
VisualCogB_Task-1.mat,B,1,32,71822,52,72389,515,72609,0.859375,-1,-1,-1,True,0.0,0.78125,0.22916666666666666,0.0,False,False
VisualCogB_Task-1.mat,B,1,33,73895,52,74462,515,74750,1.125,-1,-1,-1,True,0.0,0.7265625,0.0,0.0,False,False
VisualCogB_Task-1.mat,B,1,34,76035,52,76603,516,76904,1.17578125,1,1,1,True,0.0,0.0,0.7239583333333334,0.0,False,False
VisualCogB_Task-1.mat,B,1,35,78188,52,78755,515,79057,1.1796875,-1,-1,-1,True,0.4583333333333333,0.9947916666666666,0.0,0.0,False,False
VisualCogB_Task-1.mat,B,1,36,80340,52,80908,516,81147,0.93359375,-1,-1,-1,True,0.9973958333333334,0.4140625,0.34375,169.0,False,False
VisualCogB_Task-1.mat,B,1,37,82429,52,82996,515,83365,1.44140625,-1,-1,-1,True,0.0,0.13802083333333334,0.8151041666666666,0.0,False,False
VisualCogB_Task-1.mat,B,1,38,84649,53,85217,515,85508,1.13671875,-1,-1,-1,True,0.0,0.6197916666666666,0.4609375,0.0,False,False
VisualCogB_Task-1.mat,B,1,39,86790,52,87357,515,87644,1.12109375,1,1,1,True,0.0,0.125,0.703125,0.0,False,False
VisualCogB_Task-1.mat,B,1,40,88926,53,89494,515,89809,1.23046875,1,1,1,True,0.0026041666666666665,0.7760416666666666,0.24739583333333334,0.0,False,False
VisualCogB_Task-1.mat,B,1,41,91091,52,91658,515,91909,0.98046875,-1,-1,-1,True,0.0,0.0,0.24479166666666666,0.0,False,False
VisualCogB_Task-1.mat,B,1,42,93191,53,93759,515,94055,1.15625,1,1,1,True,0.0,0.3567708333333333,0.0,0.0,False,False
VisualCogB_Task-1.mat,B,1,43,95340,52,95908,516,96171,1.02734375,1,1,1,True,0.11979166666666667,0.265625,0.2760416666666667,0.0,False,False
VisualCogB_Task-1.mat,B,1,44,97457,52,98024,515,98419,1.54296875,1,1,1,True,0.0,0.6171875,0.0,0.0,False,False
VisualCogB_Task-1.mat,B,1,45,99705,52,100273,516,100711,1.7109375,1,1,1,True,0.0,0.0,0.005208333333333333,0.0,False,False
VisualCogB_Task-1.mat,B,1,46,101998,52,102565,515,102913,1.359375,-1,-1,-1,True,0.20833333333333334,0.5807291666666666,0.0026041666666666665,16.0,False,False
VisualCogB_Task-1.mat,B,1,47,104198,52,104765,515,105010,0.95703125,-1,-1,-1,True,0.0,0.890625,0.8828125,0.0,False,False
VisualCogB_Task-1.mat,B,1,48,106294,53,106862,515,107112,0.9765625,1,1,1,True,0.0,1.0,0.3385416666666667,0.0,False,False
VisualCogB_Task-1.mat,B,1,49,108395,52,108962,515,109285,1.26171875,1,-1,-1,False,0.0,0.3125,0.0,0.0,False,True
VisualCogB_Task-1.mat,B,1,50,110568,52,111135,515,111374,0.93359375,-1,-1,-1,True,0.5104166666666666,0.0703125,0.7708333333333334,0.0,False,False
VisualCogB_Task-1.mat,B,1,51,112656,52,113224,516,113475,0.98046875,1,1,1,True,0.0,0.3723958333333333,0.4921875,0.0,False,False
VisualCogB_Task-1.mat,B,1,52,114757,52,115324,515,115614,1.1328125,-1,-1,-1,True,0.0,0.4088541666666667,0.8802083333333334,0.0,False,False
VisualCogB_Task-1.mat,B,1,53,116897,52,117465,516,117692,0.88671875,1,1,1,True,0.0,0.0,0.08333333333333333,0.0,False,False
VisualCogB_Task-1.mat,B,1,54,118978,52,119545,515,119783,0.9296875,-1,-1,-1,True,0.6953125,0.3125,0.3697916666666667,157.0,False,False
VisualCogB_Task-1.mat,B,1,55,121067,52,121634,515,121926,1.140625,1,1,1,True,0.0,0.4375,0.5260416666666666,0.0,False,False
VisualCogB_Task-1.mat,B,1,56,123211,52,123778,515,124018,0.9375,-1,-1,-1,True,0.0,0.6744791666666666,0.0,0.0,False,False
VisualCogB_Task-1.mat,B,1,57,125304,52,125871,515,126127,1.0,1,1,1,True,0.0,0.0,0.9661458333333334,0.0,False,False
VisualCogB_Task-1.mat,B,1,58,127412,52,127980,516,128239,1.01171875,1,1,1,True,0.5078125,0.0625,0.9921875,0.0,False,False
VisualCogB_Task-1.mat,B,1,59,129525,52,130092,515,130392,1.171875,1,1,1,True,0.5,0.0078125,0.4088541666666667,0.0,False,False
VisualCogB_Task-1.mat,B,1,60,131677,52,132245,516,132527,1.1015625,1,1,1,True,0.0,0.0,0.4427083333333333,0.0,False,False
VisualCogB_Task-1.mat,B,1,61,133810,52,134377,515,134750,1.45703125,-1,-1,-1,True,0.0026041666666666665,0.4791666666666667,0.84375,0.0,False,False
VisualCogB_Task-1.mat,B,1,62,136034,53,136602,515,136911,1.20703125,-1,-1,-1,True,0.0,0.40625,0.5416666666666666,0.0,False,False
VisualCogB_Task-1.mat,B,1,63,138195,52,138762,515,139052,1.1328125,1,1,1,True,0.2942708333333333,0.25,0.9973958333333334,0.0,False,False
VisualCogB_Task-1.mat,B,1,64,140335,53,140903,515,141164,1.01953125,-1,-1,-1,True,0.0,0.296875,0.2864583333333333,0.0,False,False
VisualCogB_Task-1.mat,B,1,65,142448,52,143015,515,143320,1.19140625,-1,-1,-1,True,0.0,0.5911458333333334,0.7473958333333334,0.0,False,False
VisualCogB_Task-1.mat,B,1,66,144604,53,145172,515,145398,0.8828125,-1,-1,-1,True,0.028645833333333332,0.3072916666666667,0.734375,0.0,False,False
VisualCogB_Task-1.mat,B,1,67,146681,52,147248,515,147492,0.953125,1,1,1,True,0.0,0.0,0.5807291666666666,0.0,False,False
VisualCogB_Task-1.mat,B,1,68,148774,52,149341,515,149672,1.29296875,1,1,1,True,0.0,0.0,0.7864583333333334,0.0,False,False
VisualCogB_Task-1.mat,B,1,69,150958,52,151525,515,151795,1.0546875,-1,-1,-1,True,0.8645833333333334,0.0,1.0,0.0,False,False
VisualCogB_Task-1.mat,B,1,70,153079,52,153646,515,153917,1.05859375,-1,-1,-1,True,0.0,0.4453125,0.5989583333333334,0.0,False,False
VisualCogB_Task-1.mat,B,1,71,155199,52,155767,516,156007,0.9375,1,1,1,True,0.0,0.3697916666666667,0.5729166666666666,0.0,False,False
VisualCogB_Task-1.mat,B,1,72,157292,52,157859,515,158110,0.98046875,1,1,1,True,0.0,0.2682291666666667,0.3072916666666667,0.0,False,False
VisualCogB_Task-1.mat,B,1,73,159392,53,159960,515,160229,1.05078125,-1,-1,-1,True,0.0,0.0,0.6354166666666666,0.0,False,False
VisualCogB_Task-1.mat,B,1,74,161513,52,162080,515,162392,1.21875,-1,-1,-1,True,0.0,0.3151041666666667,0.0,0.0,False,False
VisualCogB_Task-1.mat,B,1,75,163678,52,164245,515,164528,1.10546875,1,1,1,True,0.0,0.5104166666666666,0.5078125,0.0,False,False
VisualCogB_Task-1.mat,B,1,76,165814,52,166381,515,166697,1.234375,-1,-1,-1,True,0.0,0.3385416666666667,0.013020833333333334,0.0,False,False
VisualCogB_Task-1.mat,B,1,77,167982,53,168550,515,168854,1.1875,-1,-1,-1,True,0.0,0.15104166666666666,0.0,0.0,False,False
VisualCogB_Task-1.mat,B,1,78,170139,52,170706,515,170998,1.140625,-1,-1,-1,True,0.0,0.7734375,0.4427083333333333,5.0,False,False
VisualCogB_Task-1.mat,B,1,79,172279,53,172847,515,173132,1.11328125,1,1,1,True,0.0,0.75,0.16145833333333334,0.0,False,False
VisualCogB_Task-1.mat,B,1,80,174416,52,174983,515,175248,1.03515625,-1,-1,-1,True,0.0,0.2786458333333333,0.0,0.0,False,False
VisualCogB_Task-1.mat,B,1,81,176533,52,177100,515,177419,1.24609375,-1,-1,-1,True,0.0,0.4921875,1.0,0.0,False,False
VisualCogB_Task-1.mat,B,1,82,178705,52,179273,516,179563,1.1328125,1,1,1,True,0.0,0.7265625,0.15625,0.0,False,False
VisualCogB_Task-1.mat,B,1,83,180846,52,181413,515,181736,1.26171875,-1,-1,-1,True,0.0,0.0,1.0,0.0,False,False
VisualCogB_Task-1.mat,B,1,84,183022,52,183590,516,183839,0.97265625,-1,-1,-1,True,0.0,0.9817708333333334,0.0,0.0,False,False
VisualCogB_Task-1.mat,B,1,85,185123,52,185690,515,185983,1.14453125,1,1,1,True,0.0,0.0,0.8671875,0.0,False,False
VisualCogB_Task-1.mat,B,1,86,187267,52,187835,516,188082,0.96484375,-1,-1,-1,True,0.0,0.0,0.3098958333333333,0.0,False,False
VisualCogB_Task-1.mat,B,1,87,189368,52,189935,515,190332,1.55078125,-1,1,1,False,0.0,0.0,0.17447916666666666,0.0,False,True
VisualCogB_Task-1.mat,B,1,88,191616,52,192183,515,192494,1.21484375,1,1,1,True,1.0,0.5052083333333334,0.7005208333333334,603.0,False,False
VisualCogB_Task-1.mat,B,1,89,193777,52,194344,515,194589,0.95703125,-1,-1,-1,True,0.0,0.20572916666666666,0.125,0.0,False,False
VisualCogB_Task-1.mat,B,1,90,195873,52,196441,516,196732,1.13671875,-1,-1,-1,True,0.0,0.23697916666666666,0.08333333333333333,0.0,False,False
VisualCogB_Task-1.mat,B,1,91,198018,52,198585,515,198850,1.03515625,1,1,1,True,0.0,0.0,0.0,0.0,False,False
VisualCogB_Task-1.mat,B,1,92,200134,53,200702,515,200973,1.05859375,1,1,1,True,1.0,0.8046875,0.84375,578.0,False,False
VisualCogB_Task-1.mat,B,1,93,202259,52,202826,515,203086,1.015625,-1,-1,-1,True,0.0,0.78125,0.0,0.0,False,False
VisualCogB_Task-1.mat,B,1,94,204367,53,204935,515,205214,1.08984375,1,1,1,True,0.0,0.17447916666666666,0.0,0.0,False,False
VisualCogB_Task-1.mat,B,1,95,206496,52,207063,515,207274,0.82421875,-1,-1,-1,True,0.0,0.0,0.0,0.0,False,False
VisualCogB_Task-1.mat,B,1,96,208557,52,209124,515,209369,0.95703125,1,1,1,True,0.0,0.0,0.75,0.0,False,False
VisualCogB_Task-1.mat,B,1,97,210653,52,211221,516,211520,1.16796875,-1,-1,-1,True,0.0,0.6927083333333334,0.09895833333333333,0.0,False,False
VisualCogB_Task-1.mat,B,1,98,212806,52,213373,515,213679,1.1953125,1,1,1,True,0.0,0.5208333333333334,0.0,0.0,False,False
VisualCogB_Task-1.mat,B,1,99,214962,52,215530,516,215781,0.98046875,1,1,1,True,0.0,0.5078125,0.0,0.0,False,False
VisualCogB_Task-1.mat,B,1,100,217063,52,217630,515,217866,0.921875,1,1,1,True,0.0,0.6692708333333334,0.3776041666666667,0.0,False,False
VisualCogB_Task-2.mat,B,2,1,5134,53,5702,515,6062,1.40625,-1,1,1,False,0.0,0.0,0.0,0.0,False,False
VisualCogB_Task-2.mat,B,2,2,7347,52,7914,515,8324,1.6015625,-1,-1,-1,True,0.0,0.0,0.4973958333333333,0.0,False,False
VisualCogB_Task-2.mat,B,2,3,9611,52,10179,516,10588,1.59765625,-1,-1,-1,True,0.0,0.0,0.0,0.0,False,False
VisualCogB_Task-2.mat,B,2,4,11871,53,12439,515,12712,1.06640625,1,1,1,True,0.0,0.0,0.1171875,0.0,False,False
VisualCogB_Task-2.mat,B,2,5,13996,52,14564,516,14874,1.2109375,-1,-1,-1,True,0.0,0.0,1.0,0.0,False,False
VisualCogB_Task-2.mat,B,2,6,16161,52,16728,515,17037,1.20703125,1,-1,-1,False,0.3046875,0.0,0.5416666666666666,0.0,False,False
VisualCogB_Task-2.mat,B,2,7,18321,52,18889,516,19211,1.2578125,1,1,1,True,0.0,0.0,0.4322916666666667,0.0,False,False
VisualCogB_Task-2.mat,B,2,8,20498,52,21065,515,21347,1.1015625,1,1,1,True,0.0,0.0,0.015625,0.0,False,False
VisualCogB_Task-2.mat,B,2,9,22630,52,23197,515,23474,1.08203125,1,1,1,True,0.0,0.0,0.06770833333333333,0.0,False,False
VisualCogB_Task-2.mat,B,2,10,24759,52,25326,515,25641,1.23046875,-1,1,1,False,0.0,0.0,0.5833333333333334,50.0,False,False
VisualCogB_Task-2.mat,B,2,11,26927,52,27494,515,27849,1.38671875,1,1,1,True,0.0,0.0,0.0,0.0,False,False
VisualCogB_Task-2.mat,B,2,12,29131,53,29699,515,30089,1.5234375,1,-1,-1,False,0.0,0.0,0.6458333333333334,0.0,False,False
VisualCogB_Task-2.mat,B,2,13,31372,52,31939,515,32293,1.3828125,1,1,1,True,0.0,0.0,0.0,0.0,False,False
VisualCogB_Task-2.mat,B,2,14,33576,53,34144,515,34523,1.48046875,1,-1,-1,False,0.3359375,0.14322916666666666,0.3932291666666667,140.0,False,False
VisualCogB_Task-2.mat,B,2,15,35809,52,36376,515,36748,1.453125,1,-1,-1,False,0.0,0.6458333333333334,0.4244791666666667,0.0,False,False
VisualCogB_Task-2.mat,B,2,16,38033,52,38601,516,38910,1.20703125,1,1,1,True,0.4479166666666667,0.0,0.7473958333333334,158.0,False,False
VisualCogB_Task-2.mat,B,2,17,40198,52,40765,515,41094,1.28515625,-1,-1,-1,True,0.0,0.0,0.24739583333333334,0.0,False,False
VisualCogB_Task-2.mat,B,2,18,42378,52,42946,516,43318,1.453125,1,-1,-1,False,0.0,0.0,0.828125,0.0,False,False
VisualCogB_Task-2.mat,B,2,19,44603,52,45170,515,45526,1.390625,1,1,1,True,0.0,0.0,0.18229166666666666,0.0,False,False
VisualCogB_Task-2.mat,B,2,20,46811,52,47378,515,47716,1.3203125,-1,1,1,False,0.21354166666666666,0.5130208333333334,0.5494791666666666,0.0,False,False
VisualCogB_Task-2.mat,B,2,21,49003,53,49571,515,49854,1.10546875,1,1,1,True,0.5260416666666666,0.15885416666666666,0.3046875,0.0,False,False
VisualCogB_Task-2.mat,B,2,22,51140,52,51707,515,52054,1.35546875,1,-1,-1,False,0.15625,0.0,0.07552083333333333,0.0,False,False
VisualCogB_Task-2.mat,B,2,23,53340,53,53908,515,54210,1.1796875,-1,-1,-1,True,0.16927083333333334,0.6953125,0.7213541666666666,213.0,False,False
VisualCogB_Task-2.mat,B,2,24,55493,52,56060,515,56409,1.36328125,-1,1,1,False,0.0,0.0,0.0,0.0,False,False
VisualCogB_Task-2.mat,B,2,25,57693,52,58261,516,58595,1.3046875,-1,-1,-1,True,0.9635416666666666,0.7005208333333334,0.0,0.0,False,False
VisualCogB_Task-2.mat,B,2,26,59878,52,60445,515,60785,1.328125,1,1,1,True,0.15885416666666666,0.7083333333333334,0.2734375,0.0,False,False
VisualCogB_Task-2.mat,B,2,27,62070,52,62638,516,63010,1.453125,-1,1,1,False,0.2604166666666667,0.2682291666666667,0.15364583333333334,0.0,False,False
VisualCogB_Task-2.mat,B,2,28,64295,52,64862,515,65160,1.1640625,-1,1,1,False,0.0,0.0026041666666666665,0.0,0.0,False,False
VisualCogB_Task-2.mat,B,2,29,66447,52,67015,516,67343,1.28125,-1,-1,-1,True,0.9791666666666666,0.4453125,0.12760416666666666,0.0,False,False
VisualCogB_Task-2.mat,B,2,30,68632,52,69199,515,69559,1.40625,1,-1,-1,False,0.15364583333333334,0.7760416666666666,0.5338541666666666,0.0,False,False
VisualCogB_Task-2.mat,B,2,31,70844,52,71412,516,71758,1.3515625,1,1,1,True,0.484375,0.0,0.2942708333333333,0.0,False,False
VisualCogB_Task-2.mat,B,2,32,73045,52,73612,515,73902,1.1328125,1,1,1,True,0.7005208333333334,0.5911458333333334,0.013020833333333334,0.0,False,False
VisualCogB_Task-2.mat,B,2,33,75189,52,75757,516,76087,1.2890625,1,-1,-1,False,0.0,0.0,0.9348958333333334,0.0,False,False
VisualCogB_Task-2.mat,B,2,34,77369,53,77937,515,78280,1.33984375,1,-1,-1,False,0.6380208333333334,0.11458333333333333,0.3541666666666667,0.0,False,False
VisualCogB_Task-2.mat,B,2,35,79566,52,80134,516,80496,1.4140625,-1,1,1,False,0.0,0.8958333333333334,0.16145833333333334,0.0,False,False
VisualCogB_Task-2.mat,B,2,36,81783,52,82350,515,82675,1.26953125,1,1,1,True,0.3984375,0.0,0.390625,0.0,False,False
VisualCogB_Task-2.mat,B,2,37,83959,52,84527,516,84881,1.3828125,-1,-1,-1,True,0.0026041666666666665,0.0,0.7421875,0.0,False,False
VisualCogB_Task-2.mat,B,2,38,86167,53,86735,515,87125,1.5234375,-1,1,1,False,0.0,0.328125,0.0,0.0,False,False
VisualCogB_Task-2.mat,B,2,39,88412,52,88979,515,89356,1.47265625,1,-1,-1,False,0.5520833333333334,0.0,0.4140625,0.0,False,False
VisualCogB_Task-2.mat,B,2,40,90640,52,91208,516,91529,1.25390625,1,-1,-1,False,0.0,0.0,0.23958333333333334,0.0,False,False
VisualCogB_Task-2.mat,B,2,41,92817,52,93384,515,93692,1.203125,1,1,1,True,0.12239583333333333,0.4036458333333333,0.6666666666666666,0.0,False,False
VisualCogB_Task-2.mat,B,2,42,94977,52,95545,516,95858,1.22265625,-1,-1,-1,True,0.7447916666666666,0.14583333333333334,0.2916666666666667,0.0,False,False
VisualCogB_Task-2.mat,B,2,43,97142,52,97709,515,97976,1.04296875,-1,-1,-1,True,0.3203125,0.7083333333333334,0.8489583333333334,350.0,False,False
VisualCogB_Task-2.mat,B,2,44,99262,52,99830,516,100213,1.49609375,1,-1,-1,False,0.0,0.0,0.4739583333333333,0.0,False,False
VisualCogB_Task-2.mat,B,2,45,101498,53,102066,515,102392,1.2734375,-1,1,1,False,0.296875,0.4348958333333333,0.4661458333333333,0.0,False,False
VisualCogB_Task-2.mat,B,2,46,103675,52,104242,515,104547,1.19140625,-1,1,1,False,0.08072916666666667,0.0,0.2838541666666667,0.0,False,False
VisualCogB_Task-2.mat,B,2,47,105831,53,106399,515,106752,1.37890625,1,-1,-1,False,0.0,0.0,0.0,0.0,False,False
VisualCogB_Task-2.mat,B,2,48,108040,52,108607,515,109005,1.5546875,-1,-1,-1,True,0.0,0.0,0.5494791666666666,0.0,False,False
VisualCogB_Task-2.mat,B,2,49,110293,52,110860,515,111198,1.3203125,1,1,1,True,0.71875,0.2682291666666667,0.005208333333333333,0.0,False,False
VisualCogB_Task-2.mat,B,2,50,112485,52,113053,516,113404,1.37109375,-1,-1,-1,True,0.057291666666666664,0.3515625,0.6432291666666666,158.0,False,False
VisualCogB_Task-2.mat,B,2,51,114689,53,115257,515,115612,1.38671875,-1,1,1,False,0.5416666666666666,0.4036458333333333,0.13802083333333334,0.0,False,False
VisualCogB_Task-2.mat,B,2,52,116898,52,117465,515,117813,1.359375,-1,-1,-1,True,0.0,0.0,0.044270833333333336,0.0,False,False
VisualCogB_Task-2.mat,B,2,53,119098,53,119666,515,119961,1.15234375,1,1,1,True,0.2421875,0.2916666666666667,0.026041666666666668,0.0,False,False
VisualCogB_Task-2.mat,B,2,54,121247,52,121814,515,122191,1.47265625,1,-1,-1,False,0.4453125,0.3463541666666667,0.5572916666666666,310.0,False,False
VisualCogB_Task-2.mat,B,2,55,123479,52,124047,516,124326,1.08984375,1,1,1,True,0.0,0.0,0.671875,0.0,False,False
VisualCogB_Task-2.mat,B,2,56,125612,52,126179,515,126483,1.1875,-1,1,1,False,0.5859375,0.0,0.4947916666666667,5.0,False,False
VisualCogB_Task-2.mat,B,2,57,127768,53,128336,515,128654,1.2421875,-1,1,1,False,0.5442708333333334,0.17447916666666666,0.6458333333333334,25.0,False,False
VisualCogB_Task-2.mat,B,2,58,129941,52,130508,515,130845,1.31640625,-1,1,1,False,0.4869791666666667,0.010416666666666666,0.5208333333333334,0.0,False,False
VisualCogB_Task-2.mat,B,2,59,132129,52,132697,516,133031,1.3046875,-1,1,1,False,0.0,0.3046875,0.005208333333333333,0.0,False,False
VisualCogB_Task-2.mat,B,2,60,134318,52,134886,516,135204,1.2421875,-1,1,1,False,0.0,0.0,1.0,0.0,False,False
VisualCogB_Task-2.mat,B,2,61,136490,52,137058,516,137353,1.15234375,-1,1,1,False,0.0,0.0,0.984375,0.0,False,False
VisualCogB_Task-2.mat,B,2,62,138639,52,139206,515,139591,1.50390625,1,-1,-1,False,0.0,0.0,0.15364583333333334,0.0,False,False
VisualCogB_Task-2.mat,B,2,63,140879,52,141446,515,141841,1.54296875,-1,-1,-1,True,0.03125,0.0,0.28125,0.0,False,False
VisualCogB_Task-2.mat,B,2,64,143127,53,143695,515,144008,1.22265625,-1,-1,-1,True,0.0,0.0,0.046875,0.0,False,False
VisualCogB_Task-2.mat,B,2,65,145292,52,145859,515,146166,1.19921875,1,-1,-1,False,0.3203125,0.0,0.09635416666666667,0.0,False,False
VisualCogB_Task-2.mat,B,2,66,147452,53,148020,515,148368,1.359375,1,1,1,True,0.0,0.4244791666666667,0.23177083333333334,0.0,False,False
VisualCogB_Task-2.mat,B,2,67,149653,52,150220,515,150541,1.25390625,1,-1,-1,False,0.0026041666666666665,0.0026041666666666665,0.6588541666666666,0.0,False,False
VisualCogB_Task-2.mat,B,2,68,151825,53,152393,515,152750,1.39453125,1,-1,-1,False,0.3151041666666667,0.22916666666666666,0.4817708333333333,0.0,False,False
VisualCogB_Task-2.mat,B,2,69,154038,52,154605,515,154949,1.34375,-1,1,1,False,0.5989583333333334,0.026041666666666668,0.3255208333333333,0.0,False,False
VisualCogB_Task-2.mat,B,2,70,156234,52,156802,516,157097,1.15234375,-1,1,1,False,0.0,0.0026041666666666665,0.0,0.0,False,False
VisualCogB_Task-2.mat,B,2,71,158383,52,158951,516,159328,1.47265625,1,1,1,True,0.0,0.0,0.15364583333333334,0.0,False,False
VisualCogB_Task-2.mat,B,2,72,160615,53,161183,515,161488,1.19140625,1,1,1,True,0.0,0.0,0.4921875,0.0,False,False
VisualCogB_Task-2.mat,B,2,73,162772,52,163339,515,163678,1.32421875,1,1,1,True,0.0,0.0,0.0,0.0,False,False
VisualCogB_Task-2.mat,B,2,74,164964,53,165532,515,165874,1.3359375,-1,1,1,False,0.20572916666666666,0.0,0.4244791666666667,0.0,False,False
VisualCogB_Task-2.mat,B,2,75,167161,53,167729,515,168113,1.5,-1,1,1,False,0.0,0.0,0.23177083333333334,0.0,False,False
VisualCogB_Task-2.mat,B,2,76,169398,52,169965,515,170382,1.62890625,1,-1,-1,False,0.0,0.0,0.6354166666666666,0.0,False,False
VisualCogB_Task-2.mat,B,2,77,171666,53,172234,515,172515,1.09765625,1,-1,-1,False,0.0,0.0,0.0625,0.0,False,False
VisualCogB_Task-2.mat,B,2,78,173803,52,174370,515,174729,1.40234375,-1,-1,-1,True,0.0,0.0,0.0,0.0,False,False
VisualCogB_Task-2.mat,B,2,79,176015,53,176583,515,177051,1.828125,-1,1,1,False,0.0,0.0,0.2838541666666667,0.0,False,False
VisualCogB_Task-2.mat,B,2,80,178336,52,178903,515,179259,1.390625,-1,1,1,False,0.0,0.0,0.9140625,0.0,False,False
VisualCogB_Task-2.mat,B,2,81,180544,52,181111,515,181434,1.26171875,1,-1,-1,False,0.0,0.0,0.2734375,0.0,False,False
VisualCogB_Task-2.mat,B,2,82,182721,52,183288,515,183639,1.37109375,-1,-1,-1,True,0.4583333333333333,0.20052083333333334,0.4114583333333333,209.0,False,False
VisualCogB_Task-2.mat,B,2,83,184925,52,185492,515,185842,1.3671875,1,-1,-1,False,0.0,0.0,0.3151041666666667,0.0,False,False
VisualCogB_Task-2.mat,B,2,84,187125,52,187693,516,188047,1.3828125,-1,-1,-1,True,0.0,0.0,0.03125,0.0,False,False
VisualCogB_Task-2.mat,B,2,85,189338,52,189905,515,190304,1.55859375,-1,1,1,False,0.0234375,0.005208333333333333,0.28125,8.0,False,False
VisualCogB_Task-2.mat,B,2,86,191590,52,192158,516,192487,1.28515625,1,1,1,True,0.0,0.0,0.4244791666666667,0.0,False,False
VisualCogB_Task-2.mat,B,2,87,193775,52,194342,515,194642,1.171875,-1,1,1,False,0.005208333333333333,0.0026041666666666665,0.8229166666666666,0.0,False,False
VisualCogB_Task-2.mat,B,2,88,195927,52,196495,516,196797,1.1796875,1,1,1,True,0.06510416666666667,0.0,0.6796875,0.0,False,False
VisualCogB_Task-2.mat,B,2,89,198084,52,198651,515,198978,1.27734375,-1,-1,-1,True,0.6510416666666666,0.0,0.16666666666666666,0.0,False,False
VisualCogB_Task-2.mat,B,2,90,200264,52,200832,516,201157,1.26953125,1,1,1,True,0.0,0.0,0.015625,0.0,False,False
VisualCogB_Task-2.mat,B,2,91,202445,52,203012,515,203306,1.1484375,-1,1,1,False,0.5442708333333334,0.0,0.0,0.0,False,False
VisualCogB_Task-2.mat,B,2,92,204593,52,205161,516,205532,1.44921875,-1,-1,-1,True,0.0,0.0,0.0,0.0,False,False
VisualCogB_Task-2.mat,B,2,93,206818,52,207385,515,207681,1.15625,1,1,1,True,0.0,0.0,0.0,0.0,False,False
VisualCogB_Task-2.mat,B,2,94,208962,53,209530,515,209933,1.57421875,-1,1,1,False,0.0,0.0,0.7473958333333334,0.0,False,False
VisualCogB_Task-2.mat,B,2,95,211219,52,211786,515,212076,1.1328125,1,1,1,True,0.0,0.0026041666666666665,0.036458333333333336,0.0,False,False
VisualCogB_Task-2.mat,B,2,96,213363,52,213931,516,214366,1.69921875,1,-1,-1,False,0.0,0.0,0.020833333333333332,0.0,False,False
VisualCogB_Task-2.mat,B,2,97,215651,53,216219,515,216654,1.69921875,-1,-1,-1,True,0.0,0.0,0.078125,0.0,False,False
VisualCogB_Task-2.mat,B,2,98,217940,52,218508,516,218860,1.375,-1,-1,-1,True,0.0,0.0,0.10677083333333333,0.0,False,False
VisualCogB_Task-2.mat,B,2,99,220148,52,220716,516,221040,1.265625,1,-1,-1,False,0.0,0.0,0.12760416666666666,0.0,False,False
VisualCogB_Task-2.mat,B,2,100,222325,52,222892,515,223192,1.171875,-1,1,1,False,0.0,0.0,0.203125,0.0,False,False
