mode,scheme,fold,false_positive,true_positive
cross,erp,cross_A_to_B,0.0,0.0
cross,erp,cross_A_to_B,0.013333333333333334,0.0
cross,erp,cross_A_to_B,0.013333333333333334,0.012345679012345678
cross,erp,cross_A_to_B,0.04,0.012345679012345678
cross,erp,cross_A_to_B,0.04,0.037037037037037035
cross,erp,cross_A_to_B,0.08,0.037037037037037035
cross,erp,cross_A_to_B,0.08,0.04938271604938271
cross,erp,cross_A_to_B,0.09333333333333334,0.04938271604938271
cross,erp,cross_A_to_B,0.09333333333333334,0.06172839506172839
cross,erp,cross_A_to_B,0.10666666666666667,0.06172839506172839
cross,erp,cross_A_to_B,0.10666666666666667,0.07407407407407407
cross,erp,cross_A_to_B,0.12,0.07407407407407407
cross,erp,cross_A_to_B,0.12,0.09876543209876543
cross,erp,cross_A_to_B,0.14666666666666667,0.09876543209876543
cross,erp,cross_A_to_B,0.14666666666666667,0.1728395061728395
cross,erp,cross_A_to_B,0.18666666666666668,0.1728395061728395
cross,erp,cross_A_to_B,0.18666666666666668,0.20987654320987653
cross,erp,cross_A_to_B,0.21333333333333335,0.20987654320987653
cross,erp,cross_A_to_B,0.21333333333333335,0.2222222222222222
cross,erp,cross_A_to_B,0.22666666666666666,0.2222222222222222
cross,erp,cross_A_to_B,0.22666666666666666,0.2345679012345679
cross,erp,cross_A_to_B,0.24,0.2345679012345679
cross,erp,cross_A_to_B,0.24,0.24691358024691357
cross,erp,cross_A_to_B,0.25333333333333335,0.24691358024691357
cross,erp,cross_A_to_B,0.25333333333333335,0.25925925925925924
cross,erp,cross_A_to_B,0.26666666666666666,0.25925925925925924
cross,erp,cross_A_to_B,0.26666666666666666,0.2716049382716049
cross,erp,cross_A_to_B,0.28,0.2716049382716049
cross,erp,cross_A_to_B,0.28,0.2839506172839506
cross,erp,cross_A_to_B,0.29333333333333333,0.2839506172839506
cross,erp,cross_A_to_B,0.29333333333333333,0.3333333333333333
cross,erp,cross_A_to_B,0.30666666666666664,0.3333333333333333
cross,erp,cross_A_to_B,0.30666666666666664,0.37037037037037035
cross,erp,cross_A_to_B,0.3466666666666667,0.37037037037037035
cross,erp,cross_A_to_B,0.3466666666666667,0.38271604938271603
cross,erp,cross_A_to_B,0.36,0.38271604938271603
cross,erp,cross_A_to_B,0.36,0.43209876543209874
cross,erp,cross_A_to_B,0.38666666666666666,0.43209876543209874
cross,erp,cross_A_to_B,0.38666666666666666,0.4567901234567901
cross,erp,cross_A_to_B,0.41333333333333333,0.4567901234567901
cross,erp,cross_A_to_B,0.41333333333333333,0.48148148148148145
cross,erp,cross_A_to_B,0.44,0.48148148148148145
cross,erp,cross_A_to_B,0.44,0.49382716049382713
cross,erp,cross_A_to_B,0.4533333333333333,0.49382716049382713
cross,erp,cross_A_to_B,0.4533333333333333,0.5061728395061729
cross,erp,cross_A_to_B,0.4666666666666667,0.5061728395061729
cross,erp,cross_A_to_B,0.4666666666666667,0.5185185185185185
cross,erp,cross_A_to_B,0.48,0.5185185185185185
cross,erp,cross_A_to_B,0.48,0.5308641975308642
cross,erp,cross_A_to_B,0.52,0.5308641975308642
cross,erp,cross_A_to_B,0.52,0.5555555555555556
cross,erp,cross_A_to_B,0.5333333333333333,0.5555555555555556
cross,erp,cross_A_to_B,0.5333333333333333,0.5925925925925926
cross,erp,cross_A_to_B,0.5466666666666666,0.5925925925925926
cross,erp,cross_A_to_B,0.5466666666666666,0.6172839506172839
cross,erp,cross_A_to_B,0.56,0.6172839506172839
cross,erp,cross_A_to_B,0.56,0.654320987654321
cross,erp,cross_A_to_B,0.5866666666666667,0.654320987654321
cross,erp,cross_A_to_B,0.5866666666666667,0.6666666666666666
cross,erp,cross_A_to_B,0.6,0.6666666666666666
cross,erp,cross_A_to_B,0.6,0.691358024691358
cross,erp,cross_A_to_B,0.64,0.691358024691358
cross,erp,cross_A_to_B,0.64,0.7160493827160493
cross,erp,cross_A_to_B,0.6533333333333333,0.7160493827160493
cross,erp,cross_A_to_B,0.6533333333333333,0.7283950617283951
cross,erp,cross_A_to_B,0.6666666666666666,0.7283950617283951
cross,erp,cross_A_to_B,0.6666666666666666,0.7654320987654321
cross,erp,cross_A_to_B,0.72,0.7654320987654321
cross,erp,cross_A_to_B,0.72,0.8271604938271605
cross,erp,cross_A_to_B,0.7333333333333333,0.8271604938271605
cross,erp,cross_A_to_B,0.7333333333333333,0.8395061728395061
cross,erp,cross_A_to_B,0.76,0.8395061728395061
cross,erp,cross_A_to_B,0.76,0.8518518518518519
cross,erp,cross_A_to_B,0.7733333333333333,0.8518518518518519
cross,erp,cross_A_to_B,0.7733333333333333,0.8641975308641975
cross,erp,cross_A_to_B,0.8,0.8641975308641975
cross,erp,cross_A_to_B,0.8,0.8765432098765432
cross,erp,cross_A_to_B,0.8133333333333334,0.8765432098765432
cross,erp,cross_A_to_B,0.8133333333333334,0.8888888888888888
cross,erp,cross_A_to_B,0.88,0.8888888888888888
cross,erp,cross_A_to_B,0.88,0.9012345679012346
cross,erp,cross_A_to_B,0.92,0.9012345679012346
cross,erp,cross_A_to_B,0.92,0.9259259259259259
cross,erp,cross_A_to_B,0.9466666666666667,0.9259259259259259
cross,erp,cross_A_to_B,0.9466666666666667,0.9382716049382716
cross,erp,cross_A_to_B,0.9733333333333334,0.9382716049382716
cross,erp,cross_A_to_B,0.9733333333333334,0.9506172839506173
cross,erp,cross_A_to_B,1.0,0.9506172839506173
cross,erp,cross_A_to_B,1.0,1.0
cross,erp,cross_B_to_A,0.0,0.0
cross,erp,cross_B_to_A,0.0,0.013513513513513514
cross,erp,cross_B_to_A,0.0,0.02702702702702703
cross,erp,cross_B_to_A,0.011235955056179775,0.02702702702702703
cross,erp,cross_B_to_A,0.011235955056179775,0.05405405405405406
cross,erp,cross_B_to_A,0.02247191011235955,0.05405405405405406
cross,erp,cross_B_to_A,0.02247191011235955,0.06756756756756757
cross,erp,cross_B_to_A,0.0449438202247191,0.06756756756756757
cross,erp,cross_B_to_A,0.0449438202247191,0.10810810810810811
cross,erp,cross_B_to_A,0.056179775280898875,0.10810810810810811
cross,erp,cross_B_to_A,0.056179775280898875,0.12162162162162163
cross,erp,cross_B_to_A,0.07865168539325842,0.12162162162162163
cross,erp,cross_B_to_A,0.07865168539325842,0.13513513513513514
cross,erp,cross_B_to_A,0.0898876404494382,0.13513513513513514
cross,erp,cross_B_to_A,0.0898876404494382,0.16216216216216217
cross,erp,cross_B_to_A,0.14606741573033707,0.16216216216216217
cross,erp,cross_B_to_A,0.14606741573033707,0.21621621621621623
cross,erp,cross_B_to_A,0.15730337078651685,0.21621621621621623
cross,erp,cross_B_to_A,0.15730337078651685,0.22972972972972974
cross,erp,cross_B_to_A,0.16853932584269662,0.22972972972972974
cross,erp,cross_B_to_A,0.16853932584269662,0.24324324324324326
cross,erp,cross_B_to_A,0.1797752808988764,0.24324324324324326
cross,erp,cross_B_to_A,0.1797752808988764,0.25675675675675674
cross,erp,cross_B_to_A,0.19101123595505617,0.25675675675675674
cross,erp,cross_B_to_A,0.19101123595505617,0.35135135135135137
cross,erp,cross_B_to_A,0.20224719101123595,0.35135135135135137
cross,erp,cross_B_to_A,0.20224719101123595,0.36486486486486486
cross,erp,cross_B_to_A,0.2247191011235955,0.36486486486486486
cross,erp,cross_B_to_A,0.2247191011235955,0.3783783783783784
cross,erp,cross_B_to_A,0.30337078651685395,0.3783783783783784
cross,erp,cross_B_to_A,0.30337078651685395,0.40540540540540543
cross,erp,cross_B_to_A,0.3595505617977528,0.40540540540540543
cross,erp,cross_B_to_A,0.3595505617977528,0.4189189189189189
cross,erp,cross_B_to_A,0.4044943820224719,0.4189189189189189
cross,erp,cross_B_to_A,0.4044943820224719,0.43243243243243246
cross,erp,cross_B_to_A,0.43820224719101125,0.43243243243243246
cross,erp,cross_B_to_A,0.43820224719101125,0.47297297297297297
cross,erp,cross_B_to_A,0.4943820224719101,0.47297297297297297
cross,erp,cross_B_to_A,0.4943820224719101,0.4864864864864865
cross,erp,cross_B_to_A,0.5056179775280899,0.4864864864864865
cross,erp,cross_B_to_A,0.5056179775280899,0.527027027027027
cross,erp,cross_B_to_A,0.5168539325842697,0.527027027027027
cross,erp,cross_B_to_A,0.5168539325842697,0.5540540540540541
cross,erp,cross_B_to_A,0.5280898876404494,0.5540540540540541
cross,erp,cross_B_to_A,0.5280898876404494,0.5675675675675675
cross,erp,cross_B_to_A,0.5393258426966292,0.5675675675675675
cross,erp,cross_B_to_A,0.5393258426966292,0.6756756756756757
cross,erp,cross_B_to_A,0.5617977528089888,0.6756756756756757
cross,erp,cross_B_to_A,0.5617977528089888,0.6891891891891891
cross,erp,cross_B_to_A,0.5730337078651685,0.6891891891891891
cross,erp,cross_B_to_A,0.5730337078651685,0.7027027027027027
cross,erp,cross_B_to_A,0.5842696629213483,0.7027027027027027
cross,erp,cross_B_to_A,0.5842696629213483,0.7162162162162162
cross,erp,cross_B_to_A,0.5955056179775281,0.7162162162162162
cross,erp,cross_B_to_A,0.5955056179775281,0.7432432432432432
cross,erp,cross_B_to_A,0.6067415730337079,0.7432432432432432
cross,erp,cross_B_to_A,0.6067415730337079,0.7567567567567568
cross,erp,cross_B_to_A,0.6179775280898876,0.7567567567567568
cross,erp,cross_B_to_A,0.6179775280898876,0.7972972972972973
cross,erp,cross_B_to_A,0.6292134831460674,0.7972972972972973
cross,erp,cross_B_to_A,0.6292134831460674,0.8243243243243243
cross,erp,cross_B_to_A,0.7303370786516854,0.8243243243243243
cross,erp,cross_B_to_A,0.7303370786516854,0.8513513513513513
cross,erp,cross_B_to_A,0.7415730337078652,0.8513513513513513
cross,erp,cross_B_to_A,0.7415730337078652,0.8783783783783784
cross,erp,cross_B_to_A,0.7528089887640449,0.8783783783783784
cross,erp,cross_B_to_A,0.7528089887640449,0.8918918918918919
cross,erp,cross_B_to_A,0.8202247191011236,0.8918918918918919
cross,erp,cross_B_to_A,0.8202247191011236,0.918918918918919
cross,erp,cross_B_to_A,0.8539325842696629,0.918918918918919
cross,erp,cross_B_to_A,0.8539325842696629,0.9324324324324325
cross,erp,cross_B_to_A,0.8651685393258427,0.9324324324324325
cross,erp,cross_B_to_A,0.8651685393258427,0.9594594594594594
cross,erp,cross_B_to_A,0.9213483146067416,0.9594594594594594
cross,erp,cross_B_to_A,0.9213483146067416,0.9864864864864865
cross,erp,cross_B_to_A,1.0,0.9864864864864865
cross,erp,cross_B_to_A,1.0,1.0
cross,source,cross_A_to_B,0.0,0.0
cross,source,cross_A_to_B,0.013333333333333334,0.0
cross,source,cross_A_to_B,0.02666666666666667,0.0
cross,source,cross_A_to_B,0.02666666666666667,0.012345679012345678
cross,source,cross_A_to_B,0.05333333333333334,0.012345679012345678
cross,source,cross_A_to_B,0.05333333333333334,0.024691358024691357
cross,source,cross_A_to_B,0.06666666666666667,0.024691358024691357
cross,source,cross_A_to_B,0.06666666666666667,0.08641975308641975
cross,source,cross_A_to_B,0.09333333333333334,0.08641975308641975
cross,source,cross_A_to_B,0.09333333333333334,0.1111111111111111
cross,source,cross_A_to_B,0.10666666666666667,0.1111111111111111
cross,source,cross_A_to_B,0.10666666666666667,0.12345679012345678
cross,source,cross_A_to_B,0.13333333333333333,0.12345679012345678
cross,source,cross_A_to_B,0.13333333333333333,0.13580246913580246
cross,source,cross_A_to_B,0.14666666666666667,0.13580246913580246
cross,source,cross_A_to_B,0.14666666666666667,0.16049382716049382
cross,source,cross_A_to_B,0.17333333333333334,0.16049382716049382
cross,source,cross_A_to_B,0.17333333333333334,0.1728395061728395
cross,source,cross_A_to_B,0.18666666666666668,0.1728395061728395
cross,source,cross_A_to_B,0.18666666666666668,0.19753086419753085
cross,source,cross_A_to_B,0.2,0.19753086419753085
cross,source,cross_A_to_B,0.2,0.2345679012345679
cross,source,cross_A_to_B,0.22666666666666666,0.2345679012345679
cross,source,cross_A_to_B,0.22666666666666666,0.2716049382716049
cross,source,cross_A_to_B,0.24,0.2716049382716049
cross,source,cross_A_to_B,0.24,0.2839506172839506
cross,source,cross_A_to_B,0.25333333333333335,0.2839506172839506
cross,source,cross_A_to_B,0.25333333333333335,0.2962962962962963
cross,source,cross_A_to_B,0.28,0.2962962962962963
cross,source,cross_A_to_B,0.28,0.30864197530864196
cross,source,cross_A_to_B,0.29333333333333333,0.30864197530864196
cross,source,cross_A_to_B,0.29333333333333333,0.3333333333333333
cross,source,cross_A_to_B,0.32,0.3333333333333333
cross,source,cross_A_to_B,0.32,0.38271604938271603
cross,source,cross_A_to_B,0.3333333333333333,0.38271604938271603
cross,source,cross_A_to_B,0.3333333333333333,0.4074074074074074
cross,source,cross_A_to_B,0.36,0.4074074074074074
cross,source,cross_A_to_B,0.36,0.4444444444444444
cross,source,cross_A_to_B,0.38666666666666666,0.4444444444444444
cross,source,cross_A_to_B,0.38666666666666666,0.4567901234567901
cross,source,cross_A_to_B,0.4,0.4567901234567901
cross,source,cross_A_to_B,0.4,0.48148148148148145
cross,source,cross_A_to_B,0.4266666666666667,0.48148148148148145
cross,source,cross_A_to_B,0.4266666666666667,0.49382716049382713
cross,source,cross_A_to_B,0.56,0.49382716049382713
cross,source,cross_A_to_B,0.56,0.5185185185185185
cross,source,cross_A_to_B,0.5733333333333334,0.5185185185185185
cross,source,cross_A_to_B,0.5733333333333334,0.5555555555555556
cross,source,cross_A_to_B,0.6,0.5555555555555556
cross,source,cross_A_to_B,0.6,0.5802469135802469
cross,source,cross_A_to_B,0.6266666666666667,0.5802469135802469
cross,source,cross_A_to_B,0.6266666666666667,0.6049382716049383
cross,source,cross_A_to_B,0.6533333333333333,0.6049382716049383
cross,source,cross_A_to_B,0.6533333333333333,0.6172839506172839
cross,source,cross_A_to_B,0.7066666666666667,0.6172839506172839
cross,source,cross_A_to_B,0.7066666666666667,0.654320987654321
cross,source,cross_A_to_B,0.76,0.654320987654321
cross,source,cross_A_to_B,0.76,0.6666666666666666
cross,source,cross_A_to_B,0.7733333333333333,0.6666666666666666
cross,source,cross_A_to_B,0.7733333333333333,0.6790123456790124
cross,source,cross_A_to_B,0.8133333333333334,0.6790123456790124
cross,source,cross_A_to_B,0.8133333333333334,0.691358024691358
cross,source,cross_A_to_B,0.8266666666666667,0.691358024691358
cross,source,cross_A_to_B,0.8266666666666667,0.7037037037037037
cross,source,cross_A_to_B,0.84,0.7037037037037037
cross,source,cross_A_to_B,0.84,0.7407407407407407
cross,source,cross_A_to_B,0.8533333333333334,0.7407407407407407
cross,source,cross_A_to_B,0.8533333333333334,0.7530864197530864
cross,source,cross_A_to_B,0.8666666666666667,0.7530864197530864
cross,source,cross_A_to_B,0.8666666666666667,0.8518518518518519
cross,source,cross_A_to_B,0.8933333333333333,0.8518518518518519
cross,source,cross_A_to_B,0.8933333333333333,0.8641975308641975
cross,source,cross_A_to_B,0.9066666666666666,0.8641975308641975
cross,source,cross_A_to_B,0.9066666666666666,0.8888888888888888
cross,source,cross_A_to_B,0.92,0.8888888888888888
cross,source,cross_A_to_B,0.92,0.9012345679012346
cross,source,cross_A_to_B,0.9333333333333333,0.9012345679012346
cross,source,cross_A_to_B,0.9333333333333333,0.9259259259259259
cross,source,cross_A_to_B,0.96,0.9259259259259259
cross,source,cross_A_to_B,0.96,0.9382716049382716
cross,source,cross_A_to_B,0.9733333333333334,0.9382716049382716
cross,source,cross_A_to_B,0.9733333333333334,0.9629629629629629
cross,source,cross_A_to_B,0.9866666666666667,0.9629629629629629
cross,source,cross_A_to_B,0.9866666666666667,0.9753086419753086
cross,source,cross_A_to_B,1.0,0.9753086419753086
cross,source,cross_A_to_B,1.0,1.0
cross,source,cross_B_to_A,0.0,0.0
cross,source,cross_B_to_A,0.0,0.013513513513513514
cross,source,cross_B_to_A,0.0449438202247191,0.013513513513513514
cross,source,cross_B_to_A,0.0449438202247191,0.06756756756756757
cross,source,cross_B_to_A,0.11235955056179775,0.06756756756756757
cross,source,cross_B_to_A,0.11235955056179775,0.0945945945945946
cross,source,cross_B_to_A,0.14606741573033707,0.0945945945945946
cross,source,cross_B_to_A,0.14606741573033707,0.10810810810810811
cross,source,cross_B_to_A,0.1797752808988764,0.10810810810810811
cross,source,cross_B_to_A,0.1797752808988764,0.16216216216216217
cross,source,cross_B_to_A,0.19101123595505617,0.16216216216216217
cross,source,cross_B_to_A,0.19101123595505617,0.20270270270270271
cross,source,cross_B_to_A,0.20224719101123595,0.20270270270270271
cross,source,cross_B_to_A,0.20224719101123595,0.21621621621621623
cross,source,cross_B_to_A,0.21348314606741572,0.21621621621621623
cross,source,cross_B_to_A,0.21348314606741572,0.25675675675675674
cross,source,cross_B_to_A,0.23595505617977527,0.25675675675675674
cross,source,cross_B_to_A,0.23595505617977527,0.2702702702702703
cross,source,cross_B_to_A,0.25842696629213485,0.2702702702702703
cross,source,cross_B_to_A,0.25842696629213485,0.28378378378378377
cross,source,cross_B_to_A,0.29213483146067415,0.28378378378378377
cross,source,cross_B_to_A,0.29213483146067415,0.2972972972972973
cross,source,cross_B_to_A,0.3146067415730337,0.2972972972972973
cross,source,cross_B_to_A,0.3146067415730337,0.33783783783783783
cross,source,cross_B_to_A,0.3258426966292135,0.33783783783783783
cross,source,cross_B_to_A,0.3258426966292135,0.35135135135135137
cross,source,cross_B_to_A,0.33707865168539325,0.35135135135135137
cross,source,cross_B_to_A,0.33707865168539325,0.3783783783783784
cross,source,cross_B_to_A,0.3595505617977528,0.3783783783783784
cross,source,cross_B_to_A,0.3595505617977528,0.3918918918918919
cross,source,cross_B_to_A,0.3707865168539326,0.3918918918918919
cross,source,cross_B_to_A,0.3707865168539326,0.40540540540540543
cross,source,cross_B_to_A,0.43820224719101125,0.40540540540540543
cross,source,cross_B_to_A,0.43820224719101125,0.43243243243243246
cross,source,cross_B_to_A,0.4606741573033708,0.43243243243243246
cross,source,cross_B_to_A,0.4606741573033708,0.4594594594594595
cross,source,cross_B_to_A,0.5168539325842697,0.4594594594594595
cross,source,cross_B_to_A,0.5168539325842697,0.5
cross,source,cross_B_to_A,0.5393258426966292,0.5
cross,source,cross_B_to_A,0.5393258426966292,0.527027027027027
cross,source,cross_B_to_A,0.5617977528089888,0.527027027027027
cross,source,cross_B_to_A,0.5617977528089888,0.5945945945945946
cross,source,cross_B_to_A,0.5842696629213483,0.5945945945945946
cross,source,cross_B_to_A,0.5842696629213483,0.6081081081081081
cross,source,cross_B_to_A,0.5955056179775281,0.6081081081081081
cross,source,cross_B_to_A,0.5955056179775281,0.6216216216216216
cross,source,cross_B_to_A,0.6067415730337079,0.6216216216216216
cross,source,cross_B_to_A,0.6067415730337079,0.6351351351351351
cross,source,cross_B_to_A,0.6404494382022472,0.6351351351351351
cross,source,cross_B_to_A,0.6404494382022472,0.6486486486486487
cross,source,cross_B_to_A,0.651685393258427,0.6486486486486487
cross,source,cross_B_to_A,0.651685393258427,0.6621621621621622
cross,source,cross_B_to_A,0.6966292134831461,0.6621621621621622
cross,source,cross_B_to_A,0.6966292134831461,0.6756756756756757
cross,source,cross_B_to_A,0.7191011235955056,0.6756756756756757
cross,source,cross_B_to_A,0.7191011235955056,0.7027027027027027
cross,source,cross_B_to_A,0.7303370786516854,0.7027027027027027
cross,source,cross_B_to_A,0.7303370786516854,0.7297297297297297
cross,source,cross_B_to_A,0.7415730337078652,0.7297297297297297
cross,source,cross_B_to_A,0.7415730337078652,0.7567567567567568
cross,source,cross_B_to_A,0.7640449438202247,0.7567567567567568
cross,source,cross_B_to_A,0.7640449438202247,0.7702702702702703
cross,source,cross_B_to_A,0.7752808988764045,0.7702702702702703
cross,source,cross_B_to_A,0.7752808988764045,0.7837837837837838
cross,source,cross_B_to_A,0.7865168539325843,0.7837837837837838
cross,source,cross_B_to_A,0.7865168539325843,0.7972972972972973
cross,source,cross_B_to_A,0.8202247191011236,0.7972972972972973
cross,source,cross_B_to_A,0.8202247191011236,0.8243243243243243
cross,source,cross_B_to_A,0.8314606741573034,0.8243243243243243
cross,source,cross_B_to_A,0.8314606741573034,0.8378378378378378
cross,source,cross_B_to_A,0.8426966292134831,0.8378378378378378
cross,source,cross_B_to_A,0.8426966292134831,0.8648648648648649
cross,source,cross_B_to_A,0.8539325842696629,0.8648648648648649
cross,source,cross_B_to_A,0.8539325842696629,0.918918918918919
cross,source,cross_B_to_A,0.8651685393258427,0.918918918918919
cross,source,cross_B_to_A,0.8651685393258427,0.9459459459459459
cross,source,cross_B_to_A,0.898876404494382,0.9459459459459459
cross,source,cross_B_to_A,0.898876404494382,0.9594594594594594
cross,source,cross_B_to_A,0.9887640449438202,0.9594594594594594
cross,source,cross_B_to_A,0.9887640449438202,0.9864864864864865
cross,source,cross_B_to_A,1.0,0.9864864864864865
cross,source,cross_B_to_A,1.0,1.0
cross,combined,cross_A_to_B,0.0,0.0
cross,combined,cross_A_to_B,0.013333333333333334,0.0
cross,combined,cross_A_to_B,0.02666666666666667,0.0
cross,combined,cross_A_to_B,0.02666666666666667,0.012345679012345678
cross,combined,cross_A_to_B,0.05333333333333334,0.012345679012345678
cross,combined,cross_A_to_B,0.05333333333333334,0.04938271604938271
cross,combined,cross_A_to_B,0.06666666666666667,0.04938271604938271
cross,combined,cross_A_to_B,0.06666666666666667,0.07407407407407407
cross,combined,cross_A_to_B,0.08,0.07407407407407407
cross,combined,cross_A_to_B,0.08,0.08641975308641975
cross,combined,cross_A_to_B,0.09333333333333334,0.08641975308641975
cross,combined,cross_A_to_B,0.09333333333333334,0.1111111111111111
cross,combined,cross_A_to_B,0.13333333333333333,0.1111111111111111
cross,combined,cross_A_to_B,0.13333333333333333,0.12345679012345678
cross,combined,cross_A_to_B,0.14666666666666667,0.12345679012345678
cross,combined,cross_A_to_B,0.14666666666666667,0.16049382716049382
cross,combined,cross_A_to_B,0.16,0.16049382716049382
cross,combined,cross_A_to_B,0.16,0.1728395061728395
cross,combined,cross_A_to_B,0.18666666666666668,0.1728395061728395
cross,combined,cross_A_to_B,0.18666666666666668,0.18518518518518517
cross,combined,cross_A_to_B,0.22666666666666666,0.18518518518518517
cross,combined,cross_A_to_B,0.22666666666666666,0.2222222222222222
cross,combined,cross_A_to_B,0.26666666666666666,0.2222222222222222
cross,combined,cross_A_to_B,0.26666666666666666,0.2345679012345679
cross,combined,cross_A_to_B,0.29333333333333333,0.2345679012345679
cross,combined,cross_A_to_B,0.29333333333333333,0.25925925925925924
cross,combined,cross_A_to_B,0.32,0.25925925925925924
cross,combined,cross_A_to_B,0.32,0.345679012345679
cross,combined,cross_A_to_B,0.3333333333333333,0.345679012345679
cross,combined,cross_A_to_B,0.3333333333333333,0.35802469135802467
cross,combined,cross_A_to_B,0.3466666666666667,0.35802469135802467
cross,combined,cross_A_to_B,0.3466666666666667,0.4074074074074074
cross,combined,cross_A_to_B,0.36,0.4074074074074074
cross,combined,cross_A_to_B,0.36,0.4444444444444444
cross,combined,cross_A_to_B,0.37333333333333335,0.4444444444444444
cross,combined,cross_A_to_B,0.37333333333333335,0.4567901234567901
cross,combined,cross_A_to_B,0.44,0.4567901234567901
cross,combined,cross_A_to_B,0.44,0.4691358024691358
cross,combined,cross_A_to_B,0.4533333333333333,0.4691358024691358
cross,combined,cross_A_to_B,0.4533333333333333,0.48148148148148145
cross,combined,cross_A_to_B,0.49333333333333335,0.48148148148148145
cross,combined,cross_A_to_B,0.49333333333333335,0.49382716049382713
cross,combined,cross_A_to_B,0.5333333333333333,0.49382716049382713
cross,combined,cross_A_to_B,0.5333333333333333,0.5061728395061729
cross,combined,cross_A_to_B,0.5466666666666666,0.5061728395061729
cross,combined,cross_A_to_B,0.5466666666666666,0.5308641975308642
cross,combined,cross_A_to_B,0.5733333333333334,0.5308641975308642
cross,combined,cross_A_to_B,0.5733333333333334,0.5432098765432098
cross,combined,cross_A_to_B,0.5866666666666667,0.5432098765432098
cross,combined,cross_A_to_B,0.5866666666666667,0.5555555555555556
cross,combined,cross_A_to_B,0.6533333333333333,0.5555555555555556
cross,combined,cross_A_to_B,0.6533333333333333,0.5925925925925926
cross,combined,cross_A_to_B,0.72,0.5925925925925926
cross,combined,cross_A_to_B,0.72,0.6419753086419753
cross,combined,cross_A_to_B,0.7466666666666667,0.6419753086419753
cross,combined,cross_A_to_B,0.7466666666666667,0.654320987654321
cross,combined,cross_A_to_B,0.76,0.654320987654321
cross,combined,cross_A_to_B,0.76,0.7037037037037037
cross,combined,cross_A_to_B,0.7866666666666666,0.7037037037037037
cross,combined,cross_A_to_B,0.7866666666666666,0.7160493827160493
cross,combined,cross_A_to_B,0.8133333333333334,0.7160493827160493
cross,combined,cross_A_to_B,0.8133333333333334,0.7283950617283951
cross,combined,cross_A_to_B,0.8266666666666667,0.7283950617283951
cross,combined,cross_A_to_B,0.8266666666666667,0.7530864197530864
cross,combined,cross_A_to_B,0.84,0.7530864197530864
cross,combined,cross_A_to_B,0.84,0.7901234567901234
cross,combined,cross_A_to_B,0.8533333333333334,0.7901234567901234
cross,combined,cross_A_to_B,0.8533333333333334,0.8024691358024691
cross,combined,cross_A_to_B,0.88,0.8024691358024691
cross,combined,cross_A_to_B,0.88,0.8148148148148148
cross,combined,cross_A_to_B,0.8933333333333333,0.8148148148148148
cross,combined,cross_A_to_B,0.8933333333333333,0.8518518518518519
cross,combined,cross_A_to_B,0.9066666666666666,0.8518518518518519
cross,combined,cross_A_to_B,0.9066666666666666,0.8641975308641975
cross,combined,cross_A_to_B,0.92,0.8641975308641975
cross,combined,cross_A_to_B,0.92,0.9012345679012346
cross,combined,cross_A_to_B,0.9466666666666667,0.9012345679012346
cross,combined,cross_A_to_B,0.9466666666666667,0.9259259259259259
cross,combined,cross_A_to_B,0.9733333333333334,0.9259259259259259
cross,combined,cross_A_to_B,0.9733333333333334,0.9629629629629629
cross,combined,cross_A_to_B,0.9866666666666667,0.9629629629629629
cross,combined,cross_A_to_B,0.9866666666666667,0.9753086419753086
cross,combined,cross_A_to_B,1.0,0.9753086419753086
cross,combined,cross_A_to_B,1.0,1.0
cross,combined,cross_B_to_A,0.0,0.0
cross,combined,cross_B_to_A,0.011235955056179775,0.0
cross,combined,cross_B_to_A,0.033707865168539325,0.0
cross,combined,cross_B_to_A,0.033707865168539325,0.013513513513513514
cross,combined,cross_B_to_A,0.0449438202247191,0.013513513513513514
cross,combined,cross_B_to_A,0.0449438202247191,0.02702702702702703
cross,combined,cross_B_to_A,0.06741573033707865,0.02702702702702703
cross,combined,cross_B_to_A,0.06741573033707865,0.04054054054054054
cross,combined,cross_B_to_A,0.07865168539325842,0.04054054054054054
cross,combined,cross_B_to_A,0.07865168539325842,0.08108108108108109
cross,combined,cross_B_to_A,0.1348314606741573,0.08108108108108109
cross,combined,cross_B_to_A,0.1348314606741573,0.0945945945945946
cross,combined,cross_B_to_A,0.15730337078651685,0.0945945945945946
cross,combined,cross_B_to_A,0.15730337078651685,0.13513513513513514
cross,combined,cross_B_to_A,0.1797752808988764,0.13513513513513514
cross,combined,cross_B_to_A,0.1797752808988764,0.1891891891891892
cross,combined,cross_B_to_A,0.20224719101123595,0.1891891891891892
cross,combined,cross_B_to_A,0.20224719101123595,0.24324324324324326
cross,combined,cross_B_to_A,0.2247191011235955,0.24324324324324326
cross,combined,cross_B_to_A,0.2247191011235955,0.25675675675675674
cross,combined,cross_B_to_A,0.2696629213483146,0.25675675675675674
cross,combined,cross_B_to_A,0.2696629213483146,0.28378378378378377
cross,combined,cross_B_to_A,0.2808988764044944,0.28378378378378377
cross,combined,cross_B_to_A,0.2808988764044944,0.2972972972972973
cross,combined,cross_B_to_A,0.30337078651685395,0.2972972972972973
cross,combined,cross_B_to_A,0.30337078651685395,0.3108108108108108
cross,combined,cross_B_to_A,0.3258426966292135,0.3108108108108108
cross,combined,cross_B_to_A,0.3258426966292135,0.35135135135135137
cross,combined,cross_B_to_A,0.33707865168539325,0.35135135135135137
cross,combined,cross_B_to_A,0.33707865168539325,0.36486486486486486
cross,combined,cross_B_to_A,0.3595505617977528,0.36486486486486486
cross,combined,cross_B_to_A,0.3595505617977528,0.43243243243243246
cross,combined,cross_B_to_A,0.3707865168539326,0.43243243243243246
cross,combined,cross_B_to_A,0.3707865168539326,0.4594594594594595
cross,combined,cross_B_to_A,0.4157303370786517,0.4594594594594595
cross,combined,cross_B_to_A,0.4157303370786517,0.47297297297297297
cross,combined,cross_B_to_A,0.4606741573033708,0.47297297297297297
cross,combined,cross_B_to_A,0.4606741573033708,0.527027027027027
cross,combined,cross_B_to_A,0.48314606741573035,0.527027027027027
cross,combined,cross_B_to_A,0.48314606741573035,0.5405405405405406
cross,combined,cross_B_to_A,0.5955056179775281,0.5405405405405406
cross,combined,cross_B_to_A,0.5955056179775281,0.5675675675675675
cross,combined,cross_B_to_A,0.6179775280898876,0.5675675675675675
cross,combined,cross_B_to_A,0.6179775280898876,0.581081081081081
cross,combined,cross_B_to_A,0.6292134831460674,0.581081081081081
cross,combined,cross_B_to_A,0.6292134831460674,0.6081081081081081
cross,combined,cross_B_to_A,0.6404494382022472,0.6081081081081081
cross,combined,cross_B_to_A,0.6404494382022472,0.6216216216216216
cross,combined,cross_B_to_A,0.651685393258427,0.6216216216216216
cross,combined,cross_B_to_A,0.651685393258427,0.6351351351351351
cross,combined,cross_B_to_A,0.6966292134831461,0.6351351351351351
cross,combined,cross_B_to_A,0.6966292134831461,0.6891891891891891
cross,combined,cross_B_to_A,0.7191011235955056,0.6891891891891891
cross,combined,cross_B_to_A,0.7191011235955056,0.7162162162162162
cross,combined,cross_B_to_A,0.7640449438202247,0.7162162162162162
cross,combined,cross_B_to_A,0.7640449438202247,0.7297297297297297
cross,combined,cross_B_to_A,0.7865168539325843,0.7297297297297297
cross,combined,cross_B_to_A,0.7865168539325843,0.7432432432432432
cross,combined,cross_B_to_A,0.797752808988764,0.7432432432432432
cross,combined,cross_B_to_A,0.797752808988764,0.7837837837837838
cross,combined,cross_B_to_A,0.8202247191011236,0.7837837837837838
cross,combined,cross_B_to_A,0.8202247191011236,0.7972972972972973
cross,combined,cross_B_to_A,0.8314606741573034,0.7972972972972973
cross,combined,cross_B_to_A,0.8314606741573034,0.8243243243243243
cross,combined,cross_B_to_A,0.8426966292134831,0.8243243243243243
cross,combined,cross_B_to_A,0.8426966292134831,0.8378378378378378
cross,combined,cross_B_to_A,0.8651685393258427,0.8378378378378378
cross,combined,cross_B_to_A,0.8651685393258427,0.8648648648648649
cross,combined,cross_B_to_A,0.8764044943820225,0.8648648648648649
cross,combined,cross_B_to_A,0.8764044943820225,0.918918918918919
cross,combined,cross_B_to_A,0.8876404494382022,0.918918918918919
cross,combined,cross_B_to_A,0.8876404494382022,0.9459459459459459
cross,combined,cross_B_to_A,0.898876404494382,0.9459459459459459
cross,combined,cross_B_to_A,0.898876404494382,0.972972972972973
cross,combined,cross_B_to_A,0.9325842696629213,0.972972972972973
cross,combined,cross_B_to_A,0.9325842696629213,0.9864864864864865
cross,combined,cross_B_to_A,1.0,0.9864864864864865
cross,combined,cross_B_to_A,1.0,1.0
within,erp,within_A_block0,0.0,0.0
within,erp,within_A_block0,0.05,0.0
within,erp,within_A_block0,0.05,0.21428571428571427
within,erp,within_A_block0,0.15,0.21428571428571427
within,erp,within_A_block0,0.15,0.2857142857142857
within,erp,within_A_block0,0.3,0.2857142857142857
within,erp,within_A_block0,0.3,0.35714285714285715
within,erp,within_A_block0,0.45,0.35714285714285715
within,erp,within_A_block0,0.45,0.5
within,erp,within_A_block0,0.55,0.5
within,erp,within_A_block0,0.55,0.6428571428571429
within,erp,within_A_block0,0.65,0.6428571428571429
within,erp,within_A_block0,0.65,0.7142857142857143
within,erp,within_A_block0,0.7,0.7142857142857143
within,erp,within_A_block0,0.7,0.8571428571428571
within,erp,within_A_block0,0.8,0.8571428571428571
within,erp,within_A_block0,0.8,0.9285714285714286
within,erp,within_A_block0,0.9,0.9285714285714286
within,erp,within_A_block0,0.9,1.0
within,erp,within_A_block0,1.0,1.0
within,erp,within_A_block1,0.0,0.0
within,erp,within_A_block1,0.0625,0.0
within,erp,within_A_block1,0.125,0.0
within,erp,within_A_block1,0.125,0.08333333333333333
within,erp,within_A_block1,0.1875,0.08333333333333333
within,erp,within_A_block1,0.1875,0.16666666666666666
within,erp,within_A_block1,0.3125,0.16666666666666666
within,erp,within_A_block1,0.3125,0.25
within,erp,within_A_block1,0.375,0.25
within,erp,within_A_block1,0.375,0.3333333333333333
within,erp,within_A_block1,0.4375,0.3333333333333333
within,erp,within_A_block1,0.4375,0.5
within,erp,within_A_block1,0.5,0.5
within,erp,within_A_block1,0.5,0.75
within,erp,within_A_block1,0.5625,0.75
within,erp,within_A_block1,0.5625,0.8333333333333334
within,erp,within_A_block1,0.6875,0.8333333333333334
within,erp,within_A_block1,0.6875,0.9166666666666666
within,erp,within_A_block1,0.8125,0.9166666666666666
within,erp,within_A_block1,0.8125,1.0
within,erp,within_A_block1,1.0,1.0
within,erp,within_A_block2,0.0,0.0
within,erp,within_A_block2,0.0,0.06666666666666667
within,erp,within_A_block2,0.058823529411764705,0.06666666666666667
within,erp,within_A_block2,0.058823529411764705,0.13333333333333333
within,erp,within_A_block2,0.11764705882352941,0.13333333333333333
within,erp,within_A_block2,0.11764705882352941,0.2
within,erp,within_A_block2,0.23529411764705882,0.2
within,erp,within_A_block2,0.23529411764705882,0.3333333333333333
within,erp,within_A_block2,0.5294117647058824,0.3333333333333333
within,erp,within_A_block2,0.5294117647058824,0.5333333333333333
within,erp,within_A_block2,0.5882352941176471,0.5333333333333333
within,erp,within_A_block2,0.5882352941176471,0.8
within,erp,within_A_block2,0.6470588235294118,0.8
within,erp,within_A_block2,0.6470588235294118,0.8666666666666667
within,erp,within_A_block2,0.7647058823529411,0.8666666666666667
within,erp,within_A_block2,0.7647058823529411,0.9333333333333333
within,erp,within_A_block2,1.0,0.9333333333333333
within,erp,within_A_block2,1.0,1.0
within,erp,within_A_block3,0.0,0.0
within,erp,within_A_block3,0.0625,0.0
within,erp,within_A_block3,0.0625,0.125
within,erp,within_A_block3,0.125,0.125
within,erp,within_A_block3,0.125,0.1875
within,erp,within_A_block3,0.1875,0.1875
within,erp,within_A_block3,0.1875,0.25
within,erp,within_A_block3,0.3125,0.25
within,erp,within_A_block3,0.3125,0.3125
within,erp,within_A_block3,0.375,0.3125
within,erp,within_A_block3,0.375,0.5
within,erp,within_A_block3,0.4375,0.5
within,erp,within_A_block3,0.4375,0.625
within,erp,within_A_block3,0.5,0.625
within,erp,within_A_block3,0.5,0.6875
within,erp,within_A_block3,0.6875,0.6875
within,erp,within_A_block3,0.6875,0.75
within,erp,within_A_block3,0.875,0.75
within,erp,within_A_block3,0.875,0.9375
within,erp,within_A_block3,1.0,0.9375
within,erp,within_A_block3,1.0,1.0
within,erp,within_A_block4,0.0,0.0
within,erp,within_A_block4,0.0,0.058823529411764705
within,erp,within_A_block4,0.0,0.11764705882352941
within,erp,within_A_block4,0.05,0.11764705882352941
within,erp,within_A_block4,0.05,0.17647058823529413
within,erp,within_A_block4,0.25,0.17647058823529413
within,erp,within_A_block4,0.25,0.35294117647058826
within,erp,within_A_block4,0.4,0.35294117647058826
within,erp,within_A_block4,0.4,0.47058823529411764
within,erp,within_A_block4,0.45,0.47058823529411764
within,erp,within_A_block4,0.45,0.6470588235294118
within,erp,within_A_block4,0.5,0.6470588235294118
within,erp,within_A_block4,0.5,0.7647058823529411
within,erp,within_A_block4,0.6,0.7647058823529411
within,erp,within_A_block4,0.6,0.8235294117647058
within,erp,within_A_block4,0.8,0.8235294117647058
within,erp,within_A_block4,0.8,0.9411764705882353
within,erp,within_A_block4,0.9,0.9411764705882353
within,erp,within_A_block4,0.9,1.0
within,erp,within_A_block4,1.0,1.0
within,erp,within_B_block0,0.0,0.0
within,erp,within_B_block0,0.0,0.06666666666666667
within,erp,within_B_block0,0.0,0.13333333333333333
within,erp,within_B_block0,0.26666666666666666,0.13333333333333333
within,erp,within_B_block0,0.26666666666666666,0.26666666666666666
within,erp,within_B_block0,0.4,0.26666666666666666
within,erp,within_B_block0,0.4,0.3333333333333333
within,erp,within_B_block0,0.4666666666666667,0.3333333333333333
within,erp,within_B_block0,0.4666666666666667,0.4666666666666667
within,erp,within_B_block0,0.6,0.4666666666666667
within,erp,within_B_block0,0.6,0.5333333333333333
within,erp,within_B_block0,0.6666666666666666,0.5333333333333333
within,erp,within_B_block0,0.6666666666666666,0.6
within,erp,within_B_block0,0.7333333333333333,0.6
within,erp,within_B_block0,0.7333333333333333,0.6666666666666666
within,erp,within_B_block0,0.8666666666666667,0.6666666666666666
within,erp,within_B_block0,0.8666666666666667,0.9333333333333333
within,erp,within_B_block0,1.0,0.9333333333333333
within,erp,within_B_block0,1.0,1.0
within,erp,within_B_block1,0.0,0.0
within,erp,within_B_block1,0.09090909090909091,0.0
within,erp,within_B_block1,0.09090909090909091,0.05555555555555555
within,erp,within_B_block1,0.45454545454545453,0.05555555555555555
within,erp,within_B_block1,0.45454545454545453,0.16666666666666666
within,erp,within_B_block1,0.5454545454545454,0.16666666666666666
within,erp,within_B_block1,0.5454545454545454,0.2222222222222222
within,erp,within_B_block1,0.6363636363636364,0.2222222222222222
within,erp,within_B_block1,0.6363636363636364,0.4444444444444444
within,erp,within_B_block1,0.7272727272727273,0.4444444444444444
within,erp,within_B_block1,0.7272727272727273,0.5555555555555556
within,erp,within_B_block1,0.8181818181818182,0.5555555555555556
within,erp,within_B_block1,0.8181818181818182,0.6666666666666666
within,erp,within_B_block1,0.9090909090909091,0.6666666666666666
within,erp,within_B_block1,0.9090909090909091,0.9444444444444444
within,erp,within_B_block1,1.0,0.9444444444444444
within,erp,within_B_block1,1.0,1.0
within,erp,within_B_block2,0.0,0.0
within,erp,within_B_block2,0.0,0.05555555555555555
within,erp,within_B_block2,0.0,0.2222222222222222
within,erp,within_B_block2,0.09090909090909091,0.2222222222222222
within,erp,within_B_block2,0.09090909090909091,0.2777777777777778
within,erp,within_B_block2,0.36363636363636365,0.2777777777777778
within,erp,within_B_block2,0.36363636363636365,0.5
within,erp,within_B_block2,0.45454545454545453,0.5
within,erp,within_B_block2,0.45454545454545453,0.5555555555555556
within,erp,within_B_block2,0.5454545454545454,0.5555555555555556
within,erp,within_B_block2,0.5454545454545454,0.7222222222222222
within,erp,within_B_block2,0.6363636363636364,0.7222222222222222
within,erp,within_B_block2,0.6363636363636364,0.7777777777777778
within,erp,within_B_block2,0.9090909090909091,0.7777777777777778
within,erp,within_B_block2,0.9090909090909091,0.8333333333333334
within,erp,within_B_block2,1.0,0.8333333333333334
within,erp,within_B_block2,1.0,1.0
within,erp,within_B_block3,0.0,0.0
within,erp,within_B_block3,0.05,0.0
within,erp,within_B_block3,0.05,0.2857142857142857
within,erp,within_B_block3,0.1,0.2857142857142857
within,erp,within_B_block3,0.1,0.42857142857142855
within,erp,within_B_block3,0.35,0.42857142857142855
within,erp,within_B_block3,0.35,0.5
within,erp,within_B_block3,0.45,0.5
within,erp,within_B_block3,0.45,0.5714285714285714
within,erp,within_B_block3,0.6,0.5714285714285714
within,erp,within_B_block3,0.6,0.6428571428571429
within,erp,within_B_block3,0.7,0.6428571428571429
within,erp,within_B_block3,0.7,1.0
within,erp,within_B_block3,1.0,1.0
within,erp,within_B_block4,0.0,0.0
within,erp,within_B_block4,0.05555555555555555,0.0
within,erp,within_B_block4,0.1111111111111111,0.0
within,erp,within_B_block4,0.1111111111111111,0.0625
within,erp,within_B_block4,0.2222222222222222,0.0625
within,erp,within_B_block4,0.2222222222222222,0.375
within,erp,within_B_block4,0.3333333333333333,0.375
within,erp,within_B_block4,0.3333333333333333,0.5
within,erp,within_B_block4,0.3888888888888889,0.5
within,erp,within_B_block4,0.3888888888888889,0.5625
within,erp,within_B_block4,0.5,0.5625
within,erp,within_B_block4,0.5,0.625
within,erp,within_B_block4,0.6111111111111112,0.625
within,erp,within_B_block4,0.6111111111111112,0.8125
within,erp,within_B_block4,0.7222222222222222,0.8125
within,erp,within_B_block4,0.7222222222222222,0.9375
within,erp,within_B_block4,1.0,0.9375
within,erp,within_B_block4,1.0,1.0
within,source,within_A_block0,0.0,0.0
within,source,within_A_block0,0.05,0.0
within,source,within_A_block0,0.05,0.07142857142857142
within,source,within_A_block0,0.1,0.07142857142857142
within,source,within_A_block0,0.1,0.21428571428571427
within,source,within_A_block0,0.15,0.21428571428571427
within,source,within_A_block0,0.15,0.2857142857142857
within,source,within_A_block0,0.25,0.2857142857142857
within,source,within_A_block0,0.25,0.35714285714285715
within,source,within_A_block0,0.3,0.35714285714285715
within,source,within_A_block0,0.3,0.42857142857142855
within,source,within_A_block0,0.35,0.42857142857142855
within,source,within_A_block0,0.35,0.5
within,source,within_A_block0,0.5,0.5
within,source,within_A_block0,0.5,0.6428571428571429
within,source,within_A_block0,0.65,0.6428571428571429
within,source,within_A_block0,0.65,0.7142857142857143
within,source,within_A_block0,0.75,0.7142857142857143
within,source,within_A_block0,0.75,0.7857142857142857
within,source,within_A_block0,0.85,0.7857142857142857
within,source,within_A_block0,0.85,0.9285714285714286
within,source,within_A_block0,1.0,0.9285714285714286
within,source,within_A_block0,1.0,1.0
within,source,within_A_block1,0.0,0.0
within,source,within_A_block1,0.0,0.08333333333333333
within,source,within_A_block1,0.0,0.25
within,source,within_A_block1,0.125,0.25
within,source,within_A_block1,0.125,0.3333333333333333
within,source,within_A_block1,0.25,0.3333333333333333
within,source,within_A_block1,0.25,0.5
within,source,within_A_block1,0.3125,0.5
within,source,within_A_block1,0.3125,0.5833333333333334
within,source,within_A_block1,0.375,0.5833333333333334
within,source,within_A_block1,0.375,0.6666666666666666
within,source,within_A_block1,0.625,0.6666666666666666
within,source,within_A_block1,0.625,0.75
within,source,within_A_block1,0.8125,0.75
within,source,within_A_block1,0.8125,0.8333333333333334
within,source,within_A_block1,0.9375,0.8333333333333334
within,source,within_A_block1,0.9375,1.0
within,source,within_A_block1,1.0,1.0
within,source,within_A_block2,0.0,0.0
within,source,within_A_block2,0.058823529411764705,0.0
within,source,within_A_block2,0.058823529411764705,0.2
within,source,within_A_block2,0.35294117647058826,0.2
within,source,within_A_block2,0.35294117647058826,0.26666666666666666
within,source,within_A_block2,0.4117647058823529,0.26666666666666666
within,source,within_A_block2,0.4117647058823529,0.3333333333333333
within,source,within_A_block2,0.47058823529411764,0.3333333333333333
within,source,within_A_block2,0.47058823529411764,0.4
within,source,within_A_block2,0.5294117647058824,0.4
within,source,within_A_block2,0.5294117647058824,0.5333333333333333
within,source,within_A_block2,0.5882352941176471,0.5333333333333333
within,source,within_A_block2,0.5882352941176471,0.6
within,source,within_A_block2,0.8235294117647058,0.6
within,source,within_A_block2,0.8235294117647058,0.6666666666666666
within,source,within_A_block2,0.8823529411764706,0.6666666666666666
within,source,within_A_block2,0.8823529411764706,0.8666666666666667
within,source,within_A_block2,0.9411764705882353,0.8666666666666667
within,source,within_A_block2,0.9411764705882353,1.0
within,source,within_A_block2,1.0,1.0
within,source,within_A_block3,0.0,0.0
within,source,within_A_block3,0.0625,0.0
within,source,within_A_block3,0.1875,0.0
within,source,within_A_block3,0.1875,0.0625
within,source,within_A_block3,0.25,0.0625
within,source,within_A_block3,0.25,0.4375
within,source,within_A_block3,0.625,0.4375
within,source,within_A_block3,0.625,0.5
within,source,within_A_block3,0.75,0.5
within,source,within_A_block3,0.75,0.875
within,source,within_A_block3,0.8125,0.875
within,source,within_A_block3,0.8125,0.9375
within,source,within_A_block3,0.875,0.9375
within,source,within_A_block3,0.875,1.0
within,source,within_A_block3,1.0,1.0
within,source,within_A_block4,0.0,0.0
within,source,within_A_block4,0.0,0.058823529411764705
within,source,within_A_block4,0.0,0.17647058823529413
within,source,within_A_block4,0.05,0.17647058823529413
within,source,within_A_block4,0.05,0.23529411764705882
within,source,within_A_block4,0.2,0.23529411764705882
within,source,within_A_block4,0.2,0.35294117647058826
within,source,within_A_block4,0.25,0.35294117647058826
within,source,within_A_block4,0.25,0.5294117647058824
within,source,within_A_block4,0.45,0.5294117647058824
within,source,within_A_block4,0.45,0.5882352941176471
within,source,within_A_block4,0.55,0.5882352941176471
within,source,within_A_block4,0.55,0.6470588235294118
within,source,within_A_block4,0.6,0.6470588235294118
within,source,within_A_block4,0.6,0.7058823529411765
within,source,within_A_block4,0.75,0.7058823529411765
within,source,within_A_block4,0.75,0.7647058823529411
within,source,within_A_block4,0.8,0.7647058823529411
within,source,within_A_block4,0.8,0.8235294117647058
within,source,within_A_block4,0.9,0.8235294117647058
within,source,within_A_block4,0.9,0.9411764705882353
within,source,within_A_block4,0.95,0.9411764705882353
within,source,within_A_block4,0.95,1.0
within,source,within_A_block4,1.0,1.0
within,source,within_B_block0,0.0,0.0
within,source,within_B_block0,0.0,0.06666666666666667
within,source,within_B_block0,0.06666666666666667,0.06666666666666667
within,source,within_B_block0,0.06666666666666667,0.13333333333333333
within,source,within_B_block0,0.26666666666666666,0.13333333333333333
within,source,within_B_block0,0.26666666666666666,0.2
within,source,within_B_block0,0.3333333333333333,0.2
within,source,within_B_block0,0.3333333333333333,0.4666666666666667
within,source,within_B_block0,0.4,0.4666666666666667
within,source,within_B_block0,0.4,0.5333333333333333
within,source,within_B_block0,0.4666666666666667,0.5333333333333333
within,source,within_B_block0,0.4666666666666667,0.6
within,source,within_B_block0,0.7333333333333333,0.6
within,source,within_B_block0,0.7333333333333333,0.6666666666666666
within,source,within_B_block0,0.8666666666666667,0.6666666666666666
within,source,within_B_block0,0.8666666666666667,1.0
within,source,within_B_block0,1.0,1.0
within,source,within_B_block1,0.0,0.0
within,source,within_B_block1,0.09090909090909091,0.0
within,source,within_B_block1,0.09090909090909091,0.2222222222222222
within,source,within_B_block1,0.18181818181818182,0.2222222222222222
within,source,within_B_block1,0.18181818181818182,0.3888888888888889
within,source,within_B_block1,0.2727272727272727,0.3888888888888889
within,source,within_B_block1,0.2727272727272727,0.4444444444444444
within,source,within_B_block1,0.36363636363636365,0.4444444444444444
within,source,within_B_block1,0.36363636363636365,0.5
within,source,within_B_block1,0.7272727272727273,0.5
within,source,within_B_block1,0.7272727272727273,0.5555555555555556
within,source,within_B_block1,0.8181818181818182,0.5555555555555556
within,source,within_B_block1,0.8181818181818182,0.7222222222222222
within,source,within_B_block1,0.9090909090909091,0.7222222222222222
within,source,within_B_block1,0.9090909090909091,0.8888888888888888
within,source,within_B_block1,1.0,0.8888888888888888
within,source,within_B_block1,1.0,1.0
within,source,within_B_block2,0.0,0.0
within,source,within_B_block2,0.0,0.05555555555555555
within,source,within_B_block2,0.0,0.1111111111111111
within,source,within_B_block2,0.2727272727272727,0.1111111111111111
within,source,within_B_block2,0.2727272727272727,0.3888888888888889
within,source,within_B_block2,0.36363636363636365,0.3888888888888889
within,source,within_B_block2,0.36363636363636365,0.5555555555555556
within,source,within_B_block2,0.45454545454545453,0.5555555555555556
within,source,within_B_block2,0.45454545454545453,0.6666666666666666
within,source,within_B_block2,0.6363636363636364,0.6666666666666666
within,source,within_B_block2,0.6363636363636364,0.7222222222222222
within,source,within_B_block2,0.7272727272727273,0.7222222222222222
within,source,within_B_block2,0.7272727272727273,0.8333333333333334
within,source,within_B_block2,0.8181818181818182,0.8333333333333334
within,source,within_B_block2,0.8181818181818182,0.8888888888888888
within,source,within_B_block2,1.0,0.8888888888888888
within,source,within_B_block2,1.0,1.0
within,source,within_B_block3,0.0,0.0
within,source,within_B_block3,0.0,0.07142857142857142
within,source,within_B_block3,0.15,0.07142857142857142
within,source,within_B_block3,0.15,0.21428571428571427
within,source,within_B_block3,0.2,0.21428571428571427
within,source,within_B_block3,0.2,0.35714285714285715
within,source,within_B_block3,0.25,0.35714285714285715
within,source,within_B_block3,0.25,0.42857142857142855
within,source,within_B_block3,0.35,0.42857142857142855
within,source,within_B_block3,0.35,0.5
within,source,within_B_block3,0.4,0.5
within,source,within_B_block3,0.4,0.6428571428571429
within,source,within_B_block3,0.45,0.6428571428571429
within,source,within_B_block3,0.45,0.7142857142857143
within,source,within_B_block3,0.5,0.7142857142857143
within,source,within_B_block3,0.5,0.7857142857142857
within,source,within_B_block3,0.7,0.7857142857142857
within,source,within_B_block3,0.7,0.8571428571428571
within,source,within_B_block3,0.85,0.8571428571428571
within,source,within_B_block3,0.85,0.9285714285714286
within,source,within_B_block3,0.95,0.9285714285714286
within,source,within_B_block3,0.95,1.0
within,source,within_B_block3,1.0,1.0
within,source,within_B_block4,0.0,0.0
within,source,within_B_block4,0.05555555555555555,0.0
within,source,within_B_block4,0.05555555555555555,0.125
within,source,within_B_block4,0.1111111111111111,0.125
within,source,within_B_block4,0.1111111111111111,0.1875
within,source,within_B_block4,0.16666666666666666,0.1875
within,source,within_B_block4,0.16666666666666666,0.3125
within,source,within_B_block4,0.3888888888888889,0.3125
within,source,within_B_block4,0.3888888888888889,0.4375
within,source,within_B_block4,0.4444444444444444,0.4375
within,source,within_B_block4,0.4444444444444444,0.5625
within,source,within_B_block4,0.5,0.5625
within,source,within_B_block4,0.5,0.625
within,source,within_B_block4,0.5555555555555556,0.625
within,source,within_B_block4,0.5555555555555556,0.875
within,source,within_B_block4,0.6666666666666666,0.875
within,source,within_B_block4,0.6666666666666666,1.0
within,source,within_B_block4,1.0,1.0
within,combined,within_A_block0,0.0,0.0
within,combined,within_A_block0,0.05,0.0
within,combined,within_A_block0,0.2,0.0
within,combined,within_A_block0,0.2,0.21428571428571427
within,combined,within_A_block0,0.25,0.21428571428571427
within,combined,within_A_block0,0.25,0.2857142857142857
within,combined,within_A_block0,0.3,0.2857142857142857
within,combined,within_A_block0,0.3,0.35714285714285715
within,combined,within_A_block0,0.35,0.35714285714285715
within,combined,within_A_block0,0.35,0.42857142857142855
within,combined,within_A_block0,0.45,0.42857142857142855
within,combined,within_A_block0,0.45,0.5714285714285714
within,combined,within_A_block0,0.5,0.5714285714285714
within,combined,within_A_block0,0.5,0.7857142857142857
within,combined,within_A_block0,0.55,0.7857142857142857
within,combined,within_A_block0,0.55,0.8571428571428571
within,combined,within_A_block0,0.7,0.8571428571428571
within,combined,within_A_block0,0.7,0.9285714285714286
within,combined,within_A_block0,0.9,0.9285714285714286
within,combined,within_A_block0,0.9,1.0
within,combined,within_A_block0,1.0,1.0
within,combined,within_A_block1,0.0,0.0
within,combined,within_A_block1,0.0,0.08333333333333333
within,combined,within_A_block1,0.125,0.08333333333333333
within,combined,within_A_block1,0.125,0.25
within,combined,within_A_block1,0.1875,0.25
within,combined,within_A_block1,0.1875,0.4166666666666667
within,combined,within_A_block1,0.3125,0.4166666666666667
within,combined,within_A_block1,0.3125,0.5
within,combined,within_A_block1,0.375,0.5
within,combined,within_A_block1,0.375,0.5833333333333334
within,combined,within_A_block1,0.5,0.5833333333333334
within,combined,within_A_block1,0.5,0.6666666666666666
within,combined,within_A_block1,0.5625,0.6666666666666666
within,combined,within_A_block1,0.5625,0.8333333333333334
within,combined,within_A_block1,0.8125,0.8333333333333334
within,combined,within_A_block1,0.8125,0.9166666666666666
within,combined,within_A_block1,0.9375,0.9166666666666666
within,combined,within_A_block1,0.9375,1.0
within,combined,within_A_block1,1.0,1.0
within,combined,within_A_block2,0.0,0.0
within,combined,within_A_block2,0.0,0.06666666666666667
within,combined,within_A_block2,0.11764705882352941,0.06666666666666667
within,combined,within_A_block2,0.11764705882352941,0.2
within,combined,within_A_block2,0.23529411764705882,0.2
within,combined,within_A_block2,0.23529411764705882,0.26666666666666666
within,combined,within_A_block2,0.47058823529411764,0.26666666666666666
within,combined,within_A_block2,0.47058823529411764,0.3333333333333333
within,combined,within_A_block2,0.5294117647058824,0.3333333333333333
within,combined,within_A_block2,0.5294117647058824,0.6
within,combined,within_A_block2,0.6470588235294118,0.6
within,combined,within_A_block2,0.6470588235294118,0.6666666666666666
within,combined,within_A_block2,0.7058823529411765,0.6666666666666666
within,combined,within_A_block2,0.7058823529411765,0.8
within,combined,within_A_block2,0.7647058823529411,0.8
within,combined,within_A_block2,0.7647058823529411,0.8666666666666667
within,combined,within_A_block2,0.8235294117647058,0.8666666666666667
within,combined,within_A_block2,0.8235294117647058,0.9333333333333333
within,combined,within_A_block2,0.9411764705882353,0.9333333333333333
within,combined,within_A_block2,0.9411764705882353,1.0
within,combined,within_A_block2,1.0,1.0
within,combined,within_A_block3,0.0,0.0
within,combined,within_A_block3,0.0625,0.0
within,combined,within_A_block3,0.125,0.0
within,combined,within_A_block3,0.125,0.0625
within,combined,within_A_block3,0.25,0.0625
within,combined,within_A_block3,0.25,0.375
within,combined,within_A_block3,0.3125,0.375
within,combined,within_A_block3,0.3125,0.4375
within,combined,within_A_block3,0.625,0.4375
within,combined,within_A_block3,0.625,0.5625
within,combined,within_A_block3,0.75,0.5625
within,combined,within_A_block3,0.75,0.75
within,combined,within_A_block3,0.8125,0.75
within,combined,within_A_block3,0.8125,0.9375
within,combined,within_A_block3,0.875,0.9375
within,combined,within_A_block3,0.875,1.0
within,combined,within_A_block3,1.0,1.0
within,combined,within_A_block4,0.0,0.0
within,combined,within_A_block4,0.05,0.0
within,combined,within_A_block4,0.05,0.23529411764705882
within,combined,within_A_block4,0.1,0.23529411764705882
within,combined,within_A_block4,0.1,0.29411764705882354
within,combined,within_A_block4,0.25,0.29411764705882354
within,combined,within_A_block4,0.25,0.4117647058823529
within,combined,within_A_block4,0.3,0.4117647058823529
within,combined,within_A_block4,0.3,0.47058823529411764
within,combined,within_A_block4,0.6,0.47058823529411764
within,combined,within_A_block4,0.6,0.5294117647058824
within,combined,within_A_block4,0.65,0.5294117647058824
within,combined,within_A_block4,0.65,0.6470588235294118
within,combined,within_A_block4,0.9,0.6470588235294118
within,combined,within_A_block4,0.9,0.8823529411764706
within,combined,within_A_block4,0.95,0.8823529411764706
within,combined,within_A_block4,0.95,0.9411764705882353
within,combined,within_A_block4,1.0,0.9411764705882353
within,combined,within_A_block4,1.0,1.0
within,combined,within_B_block0,0.0,0.0
within,combined,within_B_block0,0.0,0.06666666666666667
within,combined,within_B_block0,0.2,0.06666666666666667
within,combined,within_B_block0,0.2,0.2
within,combined,within_B_block0,0.3333333333333333,0.2
within,combined,within_B_block0,0.3333333333333333,0.3333333333333333
within,combined,within_B_block0,0.4666666666666667,0.3333333333333333
within,combined,within_B_block0,0.4666666666666667,0.6
within,combined,within_B_block0,0.7333333333333333,0.6
within,combined,within_B_block0,0.7333333333333333,0.7333333333333333
within,combined,within_B_block0,0.8666666666666667,0.7333333333333333
within,combined,within_B_block0,0.8666666666666667,0.9333333333333333
within,combined,within_B_block0,1.0,0.9333333333333333
within,combined,within_B_block0,1.0,1.0
within,combined,within_B_block1,0.0,0.0
within,combined,within_B_block1,0.0,0.05555555555555555
within,combined,within_B_block1,0.18181818181818182,0.05555555555555555
within,combined,within_B_block1,0.18181818181818182,0.2222222222222222
within,combined,within_B_block1,0.36363636363636365,0.2222222222222222
within,combined,within_B_block1,0.36363636363636365,0.6111111111111112
within,combined,within_B_block1,0.6363636363636364,0.6111111111111112
within,combined,within_B_block1,0.6363636363636364,0.8333333333333334
within,combined,within_B_block1,0.7272727272727273,0.8333333333333334
within,combined,within_B_block1,0.7272727272727273,0.8888888888888888
within,combined,within_B_block1,0.8181818181818182,0.8888888888888888
within,combined,within_B_block1,0.8181818181818182,0.9444444444444444
within,combined,within_B_block1,0.9090909090909091,0.9444444444444444
within,combined,within_B_block1,0.9090909090909091,1.0
within,combined,within_B_block1,1.0,1.0
within,combined,within_B_block2,0.0,0.0
within,combined,within_B_block2,0.0,0.05555555555555555
within,combined,within_B_block2,0.0,0.3333333333333333
within,combined,within_B_block2,0.09090909090909091,0.3333333333333333
within,combined,within_B_block2,0.09090909090909091,0.5555555555555556
within,combined,within_B_block2,0.18181818181818182,0.5555555555555556
within,combined,within_B_block2,0.18181818181818182,0.6666666666666666
within,combined,within_B_block2,0.2727272727272727,0.6666666666666666
within,combined,within_B_block2,0.2727272727272727,0.7777777777777778
within,combined,within_B_block2,0.36363636363636365,0.7777777777777778
within,combined,within_B_block2,0.36363636363636365,0.8333333333333334
within,combined,within_B_block2,0.8181818181818182,0.8333333333333334
within,combined,within_B_block2,0.8181818181818182,0.9444444444444444
within,combined,within_B_block2,1.0,0.9444444444444444
within,combined,within_B_block2,1.0,1.0
within,combined,within_B_block3,0.0,0.0
within,combined,within_B_block3,0.0,0.07142857142857142
within,combined,within_B_block3,0.05,0.07142857142857142
within,combined,within_B_block3,0.05,0.21428571428571427
within,combined,within_B_block3,0.25,0.21428571428571427
within,combined,within_B_block3,0.25,0.35714285714285715
within,combined,within_B_block3,0.3,0.35714285714285715
within,combined,within_B_block3,0.3,0.42857142857142855
within,combined,within_B_block3,0.35,0.42857142857142855
within,combined,within_B_block3,0.35,0.5714285714285714
within,combined,within_B_block3,0.4,0.5714285714285714
within,combined,within_B_block3,0.4,0.6428571428571429
within,combined,within_B_block3,0.45,0.6428571428571429
within,combined,within_B_block3,0.45,0.7857142857142857
within,combined,within_B_block3,0.5,0.7857142857142857
within,combined,within_B_block3,0.5,0.8571428571428571
within,combined,within_B_block3,0.7,0.8571428571428571
within,combined,within_B_block3,0.7,0.9285714285714286
within,combined,within_B_block3,0.9,0.9285714285714286
within,combined,within_B_block3,0.9,1.0
within,combined,within_B_block3,1.0,1.0
within,combined,within_B_block4,0.0,0.0
within,combined,within_B_block4,0.05555555555555555,0.0
within,combined,within_B_block4,0.16666666666666666,0.0
within,combined,within_B_block4,0.16666666666666666,0.125
within,combined,within_B_block4,0.2777777777777778,0.125
within,combined,within_B_block4,0.2777777777777778,0.25
within,combined,within_B_block4,0.3333333333333333,0.25
within,combined,within_B_block4,0.3333333333333333,0.375
within,combined,within_B_block4,0.3888888888888889,0.375
within,combined,within_B_block4,0.3888888888888889,0.5625
within,combined,within_B_block4,0.5,0.5625
within,combined,within_B_block4,0.5,0.8125
within,combined,within_B_block4,0.6666666666666666,0.8125
within,combined,within_B_block4,0.6666666666666666,0.9375
within,combined,within_B_block4,0.7222222222222222,0.9375
within,combined,within_B_block4,0.7222222222222222,1.0
within,combined,within_B_block4,1.0,1.0
