mode,fold,split,task,space,n,fisher_trace_ratio,squared_mahalanobis,gaussian_plugin_accuracy,relative_distance,deterministic_template_accuracy,relative_antisymmetric_gain,condition_number,operator_condition,alpha
cross,cross_A_to_B,train,1,scalp,80,0.05079609694457941,0.08167307982574766,0.5568124637372962,,,,,,
cross,cross_A_to_B,train,1,source,80,0.06307367626632168,0.08167307982574758,0.5568124637372962,,,,,,
cross,cross_A_to_B,train,2,scalp,77,0.026853080380922354,0.16431673295833862,0.5803074226021068,,,,,,
cross,cross_A_to_B,train,2,source,77,0.018791161006720115,0.16431673295833873,0.5803074226021068,,,,,,
cross,cross_A_to_B,test,1,scalp,84,0.0642444811919074,0.10716686213468722,0.5650091577223776,,,,,,
cross,cross_A_to_B,test,1,source,84,0.060210456597201804,0.10716686213468714,0.5650091577223776,,,,,,
cross,cross_A_to_B,test,2,scalp,72,0.1704490920574786,0.2637331288384332,0.6013236758667077,,,,,,
cross,cross_A_to_B,test,2,source,72,0.14357707785645307,0.26373312883843264,0.6013236758667075,,,,,,
cross,cross_A_to_B,noise_free_assumption,1,specified_source,2,,,,0.2256552461964333,1.0,0.023207411947902306,43.08968196216248,5.975126014171062,0.3
cross,cross_A_to_B,noise_free_assumption,1,simulated_scalp,2,,,,0.01642997072493096,1.0,0.023207411947902306,43.08968196216248,5.975126014171062,0.3
cross,cross_A_to_B,noise_free_assumption,2,specified_source,2,,,,0.09989652691653592,1.0,0.023207411947902306,43.08968196216248,5.975126014171062,0.3
cross,cross_A_to_B,noise_free_assumption,2,simulated_scalp,2,,,,0.0038230036402052262,1.0,0.023207411947902306,43.08968196216248,5.975126014171062,0.3
cross,cross_B_to_A,train,1,scalp,83,0.03442406113029434,0.07458837832503538,0.5543084749997095,,,,,,
cross,cross_B_to_A,train,1,source,83,0.026349251718009992,0.07458837832503541,0.5543084749997095,,,,,,
cross,cross_B_to_A,train,2,scalp,70,0.0786556733706045,0.1925642600601156,0.5868349407952069,,,,,,
cross,cross_B_to_A,train,2,source,70,0.051612737852308396,0.19256426006011557,0.5868349407952069,,,,,,
cross,cross_B_to_A,test,1,scalp,82,0.046782399259286754,0.10186049844709637,0.5633932282092153,,,,,,
cross,cross_B_to_A,test,1,source,82,0.03587828977234207,0.10186049844709642,0.5633932282092154,,,,,,
cross,cross_B_to_A,test,2,scalp,81,0.0627101155169303,0.1463912990646133,0.5758569050118885,,,,,,
cross,cross_B_to_A,test,2,source,81,0.08492800647822867,0.14639129906461404,0.5758569050118887,,,,,,
cross,cross_B_to_A,noise_free_assumption,1,specified_source,2,,,,0.5867546426513873,1.0,0.23592403962772077,4.238652413624157,4.228891361456057,0.001
cross,cross_B_to_A,noise_free_assumption,1,simulated_scalp,2,,,,0.21859350808267874,1.0,0.23592403962772077,4.238652413624157,4.228891361456057,0.001
cross,cross_B_to_A,noise_free_assumption,2,specified_source,2,,,,0.21539990438722947,1.0,0.23592403962772077,4.238652413624157,4.228891361456057,0.001
cross,cross_B_to_A,noise_free_assumption,2,simulated_scalp,2,,,,0.055841421227124856,1.0,0.23592403962772077,4.238652413624157,4.228891361456057,0.001
within,within_A_block0,train,1,scalp,64,0.04098483349476918,0.10109191264018286,0.5631556250025989,,,,,,
within,within_A_block0,train,1,source,64,0.01294931296157388,0.10109191264018288,0.5631556250025989,,,,,,
within,within_A_block0,train,2,scalp,57,0.05431408260897505,0.328231899594521,0.6127361804096669,,,,,,
within,within_A_block0,train,2,source,57,0.16631490080454883,0.3282318995945193,0.6127361804096667,,,,,,
within,within_A_block0,test,1,scalp,15,0.07592404508391491,0.18645032891014968,0.5854669458574523,,,,,,
within,within_A_block0,test,1,source,15,0.12416221645909163,0.18645032891014937,0.5854669458574522,,,,,,
within,within_A_block0,test,2,scalp,19,0.043723737618334056,1.017410148895283,0.6929865697721734,,,,,,
within,within_A_block0,test,2,source,19,0.3667884061117082,1.017410148895282,0.6929865697721734,,,,,,
within,within_A_block0,noise_free_assumption,1,specified_source,2,,,,0.17259513557417686,1.0,0.04800825485570025,20.82975111271442,20.813369109808217,1e-05
within,within_A_block0,noise_free_assumption,1,simulated_scalp,2,,,,0.02821736620175605,1.0,0.04800825485570025,20.82975111271442,20.813369109808217,1e-05
within,within_A_block0,noise_free_assumption,2,specified_source,2,,,,0.06498702997583682,1.0,0.04800825485570025,20.82975111271442,20.813369109808217,1e-05
within,within_A_block0,noise_free_assumption,2,simulated_scalp,2,,,,0.004565011042498505,1.0,0.04800825485570025,20.82975111271442,20.813369109808217,1e-05
within,within_A_block1,train,1,scalp,65,0.036792033916042445,0.1118124894440712,0.5663904605458016,,,,,,
within,within_A_block1,train,1,source,65,0.04503554466194414,0.11181248944407078,0.5663904605458014,,,,,,
within,within_A_block1,train,2,scalp,63,0.029638717959424136,0.18594788171939577,0.5853534856303809,,,,,,
within,within_A_block1,train,2,source,63,0.03757049214059069,0.18594788171939583,0.5853534856303809,,,,,,
within,within_A_block1,test,1,scalp,15,0.3678505229334767,0.4079180802187053,0.6252665293211006,,,,,,
within,within_A_block1,test,1,source,15,0.3789502522891946,0.4079180802187064,0.6252665293211007,,,,,,
within,within_A_block1,test,2,scalp,13,0.0029042097860990943,0.17490034199161664,0.5828170363925096,,,,,,
within,within_A_block1,test,2,source,13,0.006633042510654554,0.17490034199161647,0.5828170363925095,,,,,,
within,within_A_block1,noise_free_assumption,1,specified_source,2,,,,0.139064646401319,1.0,0.06789516091028415,14.728590176277622,3.0684523586950627,0.3
within,within_A_block1,noise_free_assumption,1,simulated_scalp,2,,,,0.037941477067589685,1.0,0.06789516091028415,14.728590176277622,3.0684523586950627,0.3
within,within_A_block1,noise_free_assumption,2,specified_source,2,,,,0.08699753339557413,1.0,0.06789516091028415,14.728590176277622,3.0684523586950627,0.3
within,within_A_block1,noise_free_assumption,2,simulated_scalp,2,,,,0.011834802084812118,1.0,0.06789516091028415,14.728590176277622,3.0684523586950627,0.3
within,within_A_block2,train,1,scalp,64,0.02111850373553111,0.02947449558060103,0.53420346967145,,,,,,
within,within_A_block2,train,1,source,64,0.004927253289628494,0.029474495580600876,0.53420346967145,,,,,,
within,within_A_block2,train,2,scalp,61,0.09271017513537966,0.44358729361954663,0.630437291893722,,,,,,
within,within_A_block2,train,2,source,61,0.4004771474348437,0.4435872936195469,0.630437291893722,,,,,,
within,within_A_block2,test,1,scalp,17,0.16774073660006034,0.44511657944111643,0.6306537395671715,,,,,,
within,within_A_block2,test,1,source,17,0.12579255645750373,0.4451165794411186,0.6306537395671719,,,,,,
within,within_A_block2,test,2,scalp,15,0.20438383792525824,1.1526156031811918,0.7042970050297207,,,,,,
within,within_A_block2,test,2,source,15,0.06856936385744296,1.152615603181196,0.704297005029721,,,,,,
within,within_A_block2,noise_free_assumption,1,specified_source,2,,,,0.38130070617748835,1.0,0.03801991629514027,26.302004250541234,23.929560681991273,0.001
within,within_A_block2,noise_free_assumption,1,simulated_scalp,2,,,,0.045453527015003624,1.0,0.03801991629514027,26.302004250541234,23.929560681991273,0.001
within,within_A_block2,noise_free_assumption,2,specified_source,2,,,,0.20267272554830304,1.0,0.03801991629514027,26.302004250541234,23.929560681991273,0.001
within,within_A_block2,noise_free_assumption,2,simulated_scalp,2,,,,0.014662606092450379,1.0,0.03801991629514027,26.302004250541234,23.929560681991273,0.001
within,within_A_block3,train,1,scalp,61,0.18436942803351458,0.21382952945634404,0.5914235965629742,,,,,,
within,within_A_block3,train,1,source,61,0.1669288472570159,0.2138295294563442,0.5914235965629743,,,,,,
within,within_A_block3,train,2,scalp,64,0.007420926442547353,0.13517047991713477,0.5729256839830775,,,,,,
within,within_A_block3,train,2,source,64,0.028226491328163877,0.1351704799171352,0.5729256839830776,,,,,,
within,within_A_block3,test,1,scalp,17,0.6395912417530033,1.6315353913363,0.738477230298433,,,,,,
within,within_A_block3,test,1,source,17,0.5410779106133761,1.631535391336292,0.7384772302984326,,,,,,
within,within_A_block3,test,2,scalp,15,0.5939738227522605,0.8797529147568551,0.6804565054811715,,,,,,
within,within_A_block3,test,2,source,15,0.38375336390487874,0.8797529147568572,0.6804565054811718,,,,,,
within,within_A_block3,noise_free_assumption,1,specified_source,2,,,,0.20457300162254113,1.0,0.11825069721361746,9.294322505805635,2.9185312046444833,0.3
within,within_A_block3,noise_free_assumption,1,simulated_scalp,2,,,,0.10642921241261717,1.0,0.11825069721361746,9.294322505805635,2.9185312046444833,0.3
within,within_A_block3,noise_free_assumption,2,specified_source,2,,,,0.09203911182359067,1.0,0.11825069721361746,9.294322505805635,2.9185312046444833,0.3
within,within_A_block3,noise_free_assumption,2,simulated_scalp,2,,,,0.016320355578397,1.0,0.11825069721361746,9.294322505805635,2.9185312046444833,0.3
within,within_A_block4,train,1,scalp,61,0.02999712866199627,0.06915384482050589,0.552304408683818,,,,,,
within,within_A_block4,train,1,source,61,0.039052143930916876,0.06915384482050613,0.552304408683818,,,,,,
within,within_A_block4,train,2,scalp,58,0.003647952116513809,0.05667185958403281,0.5473739130468734,,,,,,
within,within_A_block4,train,2,source,58,0.010678855396749046,0.0566718595840326,0.5473739130468733,,,,,,
within,within_A_block4,test,1,scalp,18,0.2509044975210924,0.8737626351522016,0.6798846823634909,,,,,,
within,within_A_block4,test,1,source,18,0.2771616764848506,0.8737626351522001,0.6798846823634908,,,,,,
within,within_A_block4,test,2,scalp,19,0.5907495655495897,1.2505088630866987,0.7119637611271674,,,,,,
within,within_A_block4,test,2,source,19,0.4650826051323061,1.2505088630866934,0.711963761127167,,,,,,
within,within_A_block4,noise_free_assumption,1,specified_source,2,,,,0.6671171002891658,1.0,0.06428600117234846,15.555486136383497,3.010226105616801,0.3
within,within_A_block4,noise_free_assumption,1,simulated_scalp,2,,,,0.10014027201472193,1.0,0.06428600117234846,15.555486136383497,3.010226105616801,0.3
within,within_A_block4,noise_free_assumption,2,specified_source,2,,,,0.18556815616611677,1.0,0.06428600117234846,15.555486136383497,3.010226105616801,0.3
within,within_A_block4,noise_free_assumption,2,simulated_scalp,2,,,,0.023804724833584718,1.0,0.06428600117234846,15.555486136383497,3.010226105616801,0.3
within,within_B_block0,train,1,scalp,64,0.02862246395255169,0.12947488979964566,0.5713896034464242,,,,,,
within,within_B_block0,train,1,source,64,0.03753719706245059,0.12947488979964608,0.5713896034464243,,,,,,
within,within_B_block0,train,2,scalp,58,0.13122286263334293,0.3078574788177709,0.6092729257410185,,,,,,
within,within_B_block0,train,2,source,58,0.10631486535915403,0.30785747881777026,0.6092729257410184,,,,,,
within,within_B_block0,test,1,scalp,18,0.26475720219580856,1.1204586815341553,0.7016869662196031,,,,,,
within,within_B_block0,test,1,source,18,0.32814864628192775,1.1204586815341546,0.701686966219603,,,,,,
within,within_B_block0,test,2,scalp,12,0.24753922388892494,0.8225866954328923,0.6748994465458208,,,,,,
within,within_B_block0,test,2,source,12,0.24023081110032382,0.8225866954329011,0.6748994465458217,,,,,,
within,within_B_block0,noise_free_assumption,1,specified_source,2,,,,0.6706580600173367,1.0,0.1373409045541407,7.281151986339167,2.822655684186285,0.3
within,within_B_block0,noise_free_assumption,1,simulated_scalp,2,,,,0.32973235680336915,1.0,0.1373409045541407,7.281151986339167,2.822655684186285,0.3
within,within_B_block0,noise_free_assumption,2,specified_source,2,,,,0.48223898625089384,1.0,0.1373409045541407,7.281151986339167,2.822655684186285,0.3
within,within_B_block0,noise_free_assumption,2,simulated_scalp,2,,,,0.09820066351446251,1.0,0.1373409045541407,7.281151986339167,2.822655684186285,0.3
within,within_B_block1,train,1,scalp,65,0.0627510579126904,0.0920227354864001,0.5602788536897539,,,,,,
within,within_B_block1,train,1,source,65,0.06295345639363951,0.09202273548640019,0.5602788536897539,,,,,,
within,within_B_block1,train,2,scalp,56,0.033687717656253495,0.11207270344227907,0.5664669508011075,,,,,,
within,within_B_block1,train,2,source,56,0.03407759629396141,0.11207270344227915,0.5664669508011076,,,,,,
within,within_B_block1,test,1,scalp,16,0.1458533117252801,0.23369930829156563,0.595498443812708,,,,,,
within,within_B_block1,test,1,source,16,0.15085226748789646,0.23369930829156577,0.5954984438127081,,,,,,
within,within_B_block1,test,2,scalp,13,0.17579501886437746,0.4389871586000212,0.6297837017584392,,,,,,
within,within_B_block1,test,2,source,13,0.15033017771197998,0.4389871586000197,0.629783701758439,,,,,,
within,within_B_block1,noise_free_assumption,1,specified_source,2,,,,0.6750323052481624,1.0,0.09124235877577629,10.959821878974562,2.2049757515522335,0.3
within,within_B_block1,noise_free_assumption,1,simulated_scalp,2,,,,0.2003991232433946,1.0,0.09124235877577629,10.959821878974562,2.2049757515522335,0.3
within,within_B_block1,noise_free_assumption,2,specified_source,2,,,,0.5047467359587895,1.0,0.09124235877577629,10.959821878974562,2.2049757515522335,0.3
within,within_B_block1,noise_free_assumption,2,simulated_scalp,2,,,,0.06818236588931813,1.0,0.09124235877577629,10.959821878974562,2.2049757515522335,0.3
within,within_B_block2,train,1,scalp,65,0.01837950110126112,0.030248599763373882,0.5346485940809136,,,,,,
within,within_B_block2,train,1,source,65,0.013070432977365931,0.03024859976337571,0.5346485940809147,,,,,,
within,within_B_block2,train,2,scalp,56,0.10436375585925416,0.22488731259044514,0.5937148256261299,,,,,,
within,within_B_block2,train,2,source,56,0.0670027840313701,0.22488731259031194,0.5937148256261027,,,,,,
within,within_B_block2,test,1,scalp,17,0.5132681816905099,1.2444936145493581,0.7115041815870271,,,,,,
within,within_B_block2,test,1,source,17,0.4213084445890463,1.244493614549368,0.7115041815870278,,,,,,
within,within_B_block2,test,2,scalp,12,0.06486111610112306,0.26797906330314386,0.6021181343198798,,,,,,
within,within_B_block2,test,2,source,12,0.0408395560871019,0.2679790633030838,0.6021181343198686,,,,,,
within,within_B_block2,noise_free_assumption,1,specified_source,2,,,,0.27964377028646437,1.0,0.18085199634461663,232.8884025802085,63.80783087841541,0.3
within,within_B_block2,noise_free_assumption,1,simulated_scalp,2,,,,0.12204372719987935,1.0,0.18085199634461663,232.8884025802085,63.80783087841541,0.3
within,within_B_block2,noise_free_assumption,2,specified_source,2,,,,0.15702393247516197,1.0,0.18085199634461663,232.8884025802085,63.80783087841541,0.3
within,within_B_block2,noise_free_assumption,2,simulated_scalp,2,,,,0.03384226354153718,1.0,0.18085199634461663,232.8884025802085,63.80783087841541,0.3
within,within_B_block3,train,1,scalp,64,0.035075874284817024,0.10495895808287493,0.5643418952946785,,,,,,
within,within_B_block3,train,1,source,64,0.02102660842506069,0.10495895808287492,0.5643418952946785,,,,,,
within,within_B_block3,train,2,scalp,51,0.049044839064097935,0.15931447510952185,0.5790919789659652,,,,,,
within,within_B_block3,train,2,source,51,0.0064945316823966795,0.15931447510952088,0.579091978965965,,,,,,
within,within_B_block3,test,1,scalp,17,0.011812147186871621,0.07140539432116208,0.5531440923633342,,,,,,
within,within_B_block3,test,1,source,17,0.05719804460605964,0.07140539432116152,0.5531440923633341,,,,,,
within,within_B_block3,test,2,scalp,17,0.12013710920118577,1.5535721154395172,0.7334273471797612,,,,,,
within,within_B_block3,test,2,source,17,0.4398794811326298,1.5535721154394952,0.7334273471797597,,,,,,
within,within_B_block3,noise_free_assumption,1,specified_source,2,,,,0.7006619859728218,1.0,0.023160411120484736,43.17712646799804,43.04373105065207,1e-05
within,within_B_block3,noise_free_assumption,1,simulated_scalp,2,,,,0.11470704388031686,1.0,0.023160411120484736,43.17712646799804,43.04373105065207,1e-05
within,within_B_block3,noise_free_assumption,2,specified_source,2,,,,0.5937006102170551,1.0,0.023160411120484736,43.17712646799804,43.04373105065207,1e-05
within,within_B_block3,noise_free_assumption,2,simulated_scalp,2,,,,0.03031637726064799,1.0,0.023160411120484736,43.17712646799804,43.04373105065207,1e-05
within,within_B_block4,train,1,scalp,66,0.046355206123932666,0.06956666491351793,0.5524593940526191,,,,,,
within,within_B_block4,train,1,source,66,0.023601962094528223,0.06956666491351805,0.5524593940526191,,,,,,
within,within_B_block4,train,2,scalp,53,0.11704551597092012,0.23610329356262647,0.5959788278882454,,,,,,
within,within_B_block4,train,2,source,53,0.03898520689591653,0.23610329356262613,0.5959788278882453,,,,,,
within,within_B_block4,test,1,scalp,16,0.2090826813404994,0.6251999687768391,0.6537069373397217,,,,,,
within,within_B_block4,test,1,source,16,0.19034789723350895,0.6251999687768393,0.6537069373397217,,,,,,
within,within_B_block4,test,2,scalp,18,0.2948344329429077,0.6750854683491829,0.6593969756039842,,,,,,
within,within_B_block4,test,2,source,18,0.45517571033638793,0.6750854683491825,0.6593969756039842,,,,,,
within,within_B_block4,noise_free_assumption,1,specified_source,2,,,,0.6933659226866405,1.0,0.036184611186178446,27.636057628331578,27.596863313975742,1e-05
within,within_B_block4,noise_free_assumption,1,simulated_scalp,2,,,,0.21026330825450879,1.0,0.036184611186178446,27.636057628331578,27.596863313975742,1e-05
within,within_B_block4,noise_free_assumption,2,specified_source,2,,,,0.6074767624569749,1.0,0.036184611186178446,27.636057628331578,27.596863313975742,1e-05
within,within_B_block4,noise_free_assumption,2,simulated_scalp,2,,,,0.05496131058881293,1.0,0.036184611186178446,27.636057628331578,27.596863313975742,1e-05
