record,group,task,trial,sample,y,block,keep,hard_keep,hard_reason,q1_reason,response,reaction_time,later_direction,later_direction_delay,response_target_latency,response_cue_agreement,response_later_agreement,correct
VisualCogA_Task-1,A,1,0,5162,-1,0,True,True,,,,,-1,2.328125,,,,
VisualCogA_Task-1,A,1,1,7538,1,0,False,False,saturation_within_2s,saturation_within_2s,,,1,2.21484375,,,,
VisualCogA_Task-1,A,1,2,9690,-1,0,False,False,saturation_within_2s,saturation_within_2s;amplitude_outlier,,,-1,2.21875,,,,
VisualCogA_Task-1,A,1,3,11851,-1,0,True,True,,,,,-1,2.21484375,,,,
VisualCogA_Task-1,A,1,4,14055,1,0,True,True,,,,,1,2.21875,,,,
VisualCogA_Task-1,A,1,5,16216,-1,0,True,True,,,,,-1,2.21484375,,,,
VisualCogA_Task-1,A,1,6,18368,-1,0,True,True,,,,,-1,2.21875,,,,
VisualCogA_Task-1,A,1,7,20589,-1,0,True,True,,,,,-1,2.21484375,,,,
VisualCogA_Task-1,A,1,8,22705,1,0,True,True,,,,,1,2.21484375,,,,
VisualCogA_Task-1,A,1,9,24854,1,0,True,True,,,,,1,2.21484375,,,,
VisualCogA_Task-1,A,1,10,27102,1,0,True,True,,,,,1,2.21484375,,,,
VisualCogA_Task-1,A,1,11,29254,1,0,True,True,,,,,1,2.21875,,,,
VisualCogA_Task-1,A,1,12,31379,-1,0,True,True,,,,,-1,2.21484375,,,,
VisualCogA_Task-1,A,1,13,33520,-1,0,False,False,saturation_within_2s;flat,saturation_within_2s;flat,,,-1,2.21484375,,,,
VisualCogA_Task-1,A,1,14,35676,1,0,False,False,saturation_within_2s,saturation_within_2s,,,1,2.21484375,,,,
VisualCogA_Task-1,A,1,15,37789,-1,0,True,True,,,,,-1,2.21484375,,,,
VisualCogA_Task-1,A,1,16,39897,1,0,True,True,,,,,1,2.21875,,,,
VisualCogA_Task-1,A,1,17,42110,-1,0,True,True,,,,,-1,2.21484375,,,,
VisualCogA_Task-1,A,1,18,44282,-1,0,True,True,,,,,-1,2.21484375,,,,
VisualCogA_Task-1,A,1,19,46443,1,0,False,False,saturation_within_2s,saturation_within_2s,,,1,2.21484375,,,,
VisualCogA_Task-1,A,1,20,48579,-1,1,True,True,,,,,-1,2.21875,,,,
VisualCogA_Task-1,A,1,21,50676,-1,1,False,False,saturation_within_2s,saturation_within_2s,,,-1,2.21484375,,,,
VisualCogA_Task-1,A,1,22,52856,1,1,True,True,,,,,1,2.21484375,,,,
VisualCogA_Task-1,A,1,23,55001,-1,1,True,True,,,,,-1,2.21484375,,,,
VisualCogA_Task-1,A,1,24,57133,-1,1,True,True,,,,,-1,2.21484375,,,,
VisualCogA_Task-1,A,1,25,59314,1,1,True,True,,,,,1,2.21484375,,,,
VisualCogA_Task-1,A,1,26,61410,1,1,False,False,saturation_within_2s,saturation_within_2s;amplitude_outlier,,,1,2.21875,,,,
VisualCogA_Task-1,A,1,27,63575,-1,1,False,True,,gradient_outlier;high_frequency_outlier,,,-1,2.21484375,,,,
VisualCogA_Task-1,A,1,28,65663,-1,1,True,True,,,,,-1,2.21875,,,,
VisualCogA_Task-1,A,1,29,67860,-1,1,True,True,,,,,-1,2.21484375,,,,
VisualCogA_Task-1,A,1,30,69976,-1,1,True,True,,,,,-1,2.21875,,,,
VisualCogA_Task-1,A,1,31,72081,1,1,True,True,,,,,1,2.21484375,,,,
VisualCogA_Task-1,A,1,32,74269,1,1,True,True,,,,,1,2.21875,,,,
VisualCogA_Task-1,A,1,33,76422,-1,1,True,True,,,,,-1,2.21484375,,,,
VisualCogA_Task-1,A,1,34,78674,1,1,True,True,,,,,1,2.21484375,,,,
VisualCogA_Task-1,A,1,35,80791,-1,1,False,False,saturation_within_2s,saturation_within_2s;baseline_outlier,,,-1,2.21484375,,,,
VisualCogA_Task-1,A,1,36,82931,-1,1,False,True,,gradient_outlier;high_frequency_outlier,,,-1,2.21875,,,,
VisualCogA_Task-1,A,1,37,85076,-1,1,True,True,,,,,-1,2.21484375,,,,
VisualCogA_Task-1,A,1,38,87204,-1,1,False,False,saturation_within_2s,saturation_within_2s;baseline_outlier,,,-1,2.21875,,,,
VisualCogA_Task-1,A,1,39,89353,-1,1,False,False,saturation_within_2s,saturation_within_2s,,,-1,2.21484375,,,,
VisualCogA_Task-1,A,1,40,91453,-1,2,False,False,saturation_within_2s,saturation_within_2s,,,-1,2.21875,,,,
VisualCogA_Task-1,A,1,41,93554,1,2,True,True,,,,,1,2.21875,,,,
VisualCogA_Task-1,A,1,42,95698,-1,2,True,True,,,,,-1,2.21875,,,,
VisualCogA_Task-1,A,1,43,97879,1,2,True,True,,,,,1,2.21484375,,,,
VisualCogA_Task-1,A,1,44,99995,-1,2,True,True,,,,,-1,2.21875,,,,
VisualCogA_Task-1,A,1,45,102096,-1,2,False,False,saturation_within_2s,saturation_within_2s,,,-1,2.21484375,,,,
VisualCogA_Task-1,A,1,46,104233,-1,2,True,True,,,,,-1,2.21484375,,,,
VisualCogA_Task-1,A,1,47,106421,1,2,True,True,,,,,1,2.21484375,,,,
VisualCogA_Task-1,A,1,48,108593,-1,2,True,True,,,,,-1,2.21875,,,,
VisualCogA_Task-1,A,1,49,110726,-1,2,True,True,,,,,-1,2.21484375,,,,
VisualCogA_Task-1,A,1,50,112835,1,2,False,True,,baseline_outlier,,,1,2.21484375,,,,
VisualCogA_Task-1,A,1,51,114983,1,2,False,True,,baseline_outlier;amplitude_outlier,,,1,2.21875,,,,
VisualCogA_Task-1,A,1,52,117148,1,2,False,False,saturation_within_2s,saturation_within_2s;baseline_outlier;amplitude_outlier,,,1,2.21484375,,,,
VisualCogA_Task-1,A,1,53,119264,-1,2,False,True,,baseline_outlier,,,-1,2.21875,,,,
VisualCogA_Task-1,A,1,54,121417,1,2,True,True,,,,,1,2.21484375,,,,
VisualCogA_Task-1,A,1,55,123541,-1,2,True,True,,,,,-1,2.21875,,,,
VisualCogA_Task-1,A,1,56,125702,-1,2,True,True,,,,,-1,2.21484375,,,,
VisualCogA_Task-1,A,1,57,127862,1,2,True,True,,,,,1,2.21484375,,,,
VisualCogA_Task-1,A,1,58,130027,1,2,True,True,,,,,1,2.21484375,,,,
VisualCogA_Task-1,A,1,59,132175,-1,2,True,True,,,,,-1,2.21484375,,,,
VisualCogA_Task-1,A,1,60,134336,1,3,True,True,,,,,1,2.21484375,,,,
VisualCogA_Task-1,A,1,61,136656,-1,3,True,True,,,,,-1,2.21484375,,,,
VisualCogA_Task-1,A,1,62,138788,1,3,True,True,,,,,1,2.21875,,,,
VisualCogA_Task-1,A,1,63,140941,1,3,True,True,,,,,1,2.21484375,,,,
VisualCogA_Task-1,A,1,64,143037,-1,3,True,True,,,,,-1,2.21875,,,,
VisualCogA_Task-1,A,1,65,145214,1,3,True,True,,,,,1,2.21484375,,,,
VisualCogA_Task-1,A,1,66,147338,-1,3,True,True,,,,,-1,2.21875,,,,
VisualCogA_Task-1,A,1,67,149495,-1,3,True,True,,,,,-1,2.21484375,,,,
VisualCogA_Task-1,A,1,68,151611,1,3,True,True,,,,,1,2.21875,,,,
VisualCogA_Task-1,A,1,69,153760,1,3,True,True,,,,,1,2.21484375,,,,
VisualCogA_Task-1,A,1,70,155889,-1,3,True,True,,,,,-1,2.21484375,,,,
VisualCogA_Task-1,A,1,71,158017,1,3,True,True,,,,,1,2.21484375,,,,
VisualCogA_Task-1,A,1,72,160090,-1,3,False,False,saturation_within_2s,saturation_within_2s,,,-1,2.21484375,,,,
VisualCogA_Task-1,A,1,73,162254,1,3,True,True,,,,,1,2.21484375,,,,
VisualCogA_Task-1,A,1,74,164367,-1,3,True,True,,,,,-1,2.21484375,,,,
VisualCogA_Task-1,A,1,75,166495,1,3,True,True,,,,,1,2.21875,,,,
VisualCogA_Task-1,A,1,76,168596,-1,3,False,False,saturation_within_2s,saturation_within_2s,,,-1,2.21484375,,,,
VisualCogA_Task-1,A,1,77,170736,-1,3,False,False,saturation_within_2s,saturation_within_2s,,,-1,2.21875,,,,
VisualCogA_Task-1,A,1,78,172861,-1,3,True,True,,,,,-1,2.21875,,,,
VisualCogA_Task-1,A,1,79,175002,-1,3,True,True,,,,,-1,2.21484375,,,,
VisualCogA_Task-1,A,1,80,177170,-1,4,True,True,,,,,-1,2.21484375,,,,
VisualCogA_Task-1,A,1,81,179318,1,4,True,True,,,,,1,2.21875,,,,
VisualCogA_Task-1,A,1,82,181459,-1,4,True,True,,,,,-1,2.21484375,,,,
VisualCogA_Task-1,A,1,83,183556,1,4,True,True,,,,,1,2.21484375,,,,
VisualCogA_Task-1,A,1,84,185672,-1,4,True,True,,,,,-1,2.21484375,,,,
VisualCogA_Task-1,A,1,85,187789,1,4,True,True,,,,,1,2.21484375,,,,
VisualCogA_Task-1,A,1,86,189909,1,4,True,True,,,,,1,2.21875,,,,
VisualCogA_Task-1,A,1,87,192086,1,4,False,False,saturation_within_2s,saturation_within_2s;baseline_outlier,,,1,2.21484375,,,,
VisualCogA_Task-1,A,1,88,194210,1,4,True,True,,,,,1,2.21875,,,,
VisualCogA_Task-1,A,1,89,196339,1,4,True,True,,,,,1,2.21484375,,,,
VisualCogA_Task-1,A,1,90,198451,-1,4,True,True,,,,,-1,2.21875,,,,
VisualCogA_Task-1,A,1,91,200656,1,4,True,True,,,,,1,2.21484375,,,,
VisualCogA_Task-1,A,1,92,202756,1,4,True,True,,,,,1,2.21875,,,,
VisualCogA_Task-1,A,1,93,204941,1,4,True,True,,,,,1,2.21484375,,,,
VisualCogA_Task-1,A,1,94,207113,-1,4,True,True,,,,,-1,2.21875,,,,
VisualCogA_Task-1,A,1,95,209286,1,4,True,True,,,,,1,2.21484375,,,,
VisualCogA_Task-1,A,1,96,211382,1,4,True,True,,,,,1,2.21875,,,,
VisualCogA_Task-1,A,1,97,213467,-1,4,False,False,saturation_within_2s,saturation_within_2s,,,-1,2.21484375,,,,
VisualCogA_Task-1,A,1,98,215619,-1,4,True,True,,,,,-1,2.21875,,,,
VisualCogA_Task-1,A,1,99,217816,1,4,True,True,,,,,1,2.21484375,,,,
VisualCogA_Task-2,A,2,0,5133,1,0,True,True,,,-1.0,3.91015625,-1,2.21875,1.69140625,0.0,1.0,
VisualCogA_Task-2,A,2,1,7418,-1,0,True,True,,,-1.0,4.1875,-1,2.21484375,1.97265625,1.0,1.0,
VisualCogA_Task-2,A,2,2,9778,-1,0,True,True,,,-1.0,3.71875,-1,2.21484375,1.50390625,1.0,1.0,
VisualCogA_Task-2,A,2,3,12014,-1,0,True,True,,,-1.0,3.73046875,-1,2.21484375,1.515625,1.0,1.0,
VisualCogA_Task-2,A,2,4,14255,1,0,True,True,,,-1.0,3.6640625,-1,2.21484375,1.44921875,0.0,1.0,
VisualCogA_Task-2,A,2,5,16479,-1,0,True,True,,,1.0,3.5546875,1,2.21484375,1.33984375,0.0,1.0,
VisualCogA_Task-2,A,2,6,18675,1,0,True,True,,,-1.0,3.53515625,-1,2.21875,1.31640625,0.0,1.0,
VisualCogA_Task-2,A,2,7,20864,1,0,True,True,,,-1.0,3.546875,-1,2.21484375,1.33203125,0.0,1.0,
VisualCogA_Task-2,A,2,8,23056,-1,0,True,True,,,1.0,3.8828125,1,2.21875,1.6640625,0.0,1.0,
VisualCogA_Task-2,A,2,9,25337,-1,0,True,True,,,-1.0,3.55859375,-1,2.21484375,1.34375,1.0,1.0,
VisualCogA_Task-2,A,2,10,27533,1,0,True,True,,,1.0,3.69140625,1,2.21484375,1.4765625,1.0,1.0,
VisualCogA_Task-2,A,2,11,29761,1,0,True,True,,,-1.0,3.6171875,-1,2.21875,1.3984375,0.0,1.0,
VisualCogA_Task-2,A,2,12,31970,1,0,True,True,,,-1.0,3.56640625,-1,2.21484375,1.3515625,0.0,1.0,
VisualCogA_Task-2,A,2,13,34166,-1,0,True,True,,,-1.0,3.75390625,-1,2.21875,1.53515625,1.0,1.0,
VisualCogA_Task-2,A,2,14,36415,-1,0,True,True,,,1.0,3.90625,1,2.21484375,1.69140625,0.0,1.0,
VisualCogA_Task-2,A,2,15,38699,-1,0,True,True,,,1.0,3.7421875,1,2.21875,1.5234375,0.0,1.0,
VisualCogA_Task-2,A,2,16,40943,1,0,True,True,,,-1.0,3.63671875,-1,2.21875,1.41796875,0.0,1.0,
VisualCogA_Task-2,A,2,17,43164,1,0,False,False,saturation_within_2s,saturation_within_2s,1.0,3.78515625,1,2.21484375,1.5703125,1.0,1.0,
VisualCogA_Task-2,A,2,18,45420,-1,0,True,True,,,1.0,3.4609375,1,2.21875,1.2421875,0.0,1.0,
VisualCogA_Task-2,A,2,19,47593,-1,0,True,True,,,1.0,3.69140625,1,2.21484375,1.4765625,0.0,1.0,
VisualCogA_Task-2,A,2,20,49821,1,1,True,True,,,-1.0,3.5078125,-1,2.21484375,1.29296875,0.0,1.0,
VisualCogA_Task-2,A,2,21,52005,-1,1,False,False,saturation_within_2s,saturation_within_2s,-1.0,3.6484375,-1,2.21875,1.4296875,1.0,1.0,
VisualCogA_Task-2,A,2,22,54226,1,1,False,False,saturation_within_2s,saturation_within_2s,1.0,3.53515625,1,2.21484375,1.3203125,1.0,1.0,
VisualCogA_Task-2,A,2,23,56418,1,1,True,True,,,-1.0,3.6171875,-1,2.21875,1.3984375,0.0,1.0,
VisualCogA_Task-2,A,2,24,58631,-1,1,True,True,,,1.0,3.44140625,1,2.21484375,1.2265625,0.0,1.0,
VisualCogA_Task-2,A,2,25,60795,-1,1,True,True,,,1.0,3.48828125,1,2.21875,1.26953125,0.0,1.0,
VisualCogA_Task-2,A,2,26,62972,1,1,True,True,,,1.0,3.60546875,1,2.21484375,1.390625,1.0,1.0,
VisualCogA_Task-2,A,2,27,65181,1,1,True,True,,,1.0,3.6640625,1,2.21484375,1.44921875,1.0,1.0,
VisualCogA_Task-2,A,2,28,67405,1,1,True,True,,,1.0,3.8828125,1,2.21484375,1.66796875,1.0,1.0,
VisualCogA_Task-2,A,2,29,69685,-1,1,False,False,saturation_within_2s,saturation_within_2s;gradient_outlier;high_frequency_outlier,-1.0,3.79296875,-1,2.21484375,1.578125,1.0,1.0,
VisualCogA_Task-2,A,2,30,71941,-1,1,False,False,saturation_within_2s,saturation_within_2s,1.0,3.4296875,1,2.21875,1.2109375,0.0,1.0,
VisualCogA_Task-2,A,2,31,74110,-1,1,True,True,,,1.0,3.3828125,1,2.21484375,1.16796875,0.0,1.0,
VisualCogA_Task-2,A,2,32,76262,1,1,False,False,saturation_within_2s,saturation_within_2s;gradient_outlier;high_frequency_outlier,1.0,3.5234375,1,2.21875,1.3046875,1.0,1.0,
VisualCogA_Task-2,A,2,33,78455,-1,1,False,False,saturation_within_2s,saturation_within_2s,-1.0,3.71484375,-1,2.21484375,1.5,1.0,1.0,
VisualCogA_Task-2,A,2,34,80691,-1,1,True,True,,,-1.0,3.67578125,-1,2.21484375,1.4609375,1.0,1.0,
VisualCogA_Task-2,A,2,35,82915,1,1,True,True,,,1.0,3.3984375,1,2.21875,1.1796875,1.0,1.0,
VisualCogA_Task-2,A,2,36,85072,1,1,True,True,,,1.0,3.55859375,1,2.21484375,1.34375,1.0,1.0,
VisualCogA_Task-2,A,2,37,87272,-1,1,True,True,,,1.0,3.64453125,1,2.21875,1.42578125,0.0,1.0,
VisualCogA_Task-2,A,2,38,89489,1,1,False,False,saturation_within_2s,saturation_within_2s,1.0,3.84375,1,2.21875,1.625,1.0,1.0,
VisualCogA_Task-2,A,2,39,91757,-1,1,True,True,,,1.0,3.48828125,1,2.21875,1.26953125,0.0,1.0,
VisualCogA_Task-2,A,2,40,93938,-1,2,False,False,saturation_within_2s,saturation_within_2s,-1.0,3.74609375,-1,2.21484375,1.53125,1.0,1.0,
VisualCogA_Task-2,A,2,41,96182,-1,2,True,True,,,-1.0,3.55078125,-1,2.21875,1.33203125,1.0,1.0,
VisualCogA_Task-2,A,2,42,98375,-1,2,False,False,saturation_within_2s,saturation_within_2s,-1.0,3.546875,-1,2.21484375,1.33203125,1.0,1.0,
VisualCogA_Task-2,A,2,43,100571,-1,2,True,True,,,1.0,3.8515625,1,2.21875,1.6328125,0.0,1.0,
VisualCogA_Task-2,A,2,44,102843,-1,2,False,False,saturation_within_2s,saturation_within_2s;gradient_outlier;high_frequency_outlier,1.0,3.421875,1,2.21875,1.203125,0.0,1.0,
VisualCogA_Task-2,A,2,45,105004,-1,2,True,True,,,-1.0,3.55859375,-1,2.21875,1.33984375,1.0,1.0,
VisualCogA_Task-2,A,2,46,107201,-1,2,True,True,,,1.0,3.4375,1,2.21484375,1.22265625,0.0,1.0,
VisualCogA_Task-2,A,2,47,109365,-1,2,True,True,,,-1.0,3.71875,-1,2.21875,1.5,1.0,1.0,
VisualCogA_Task-2,A,2,48,111601,1,2,False,False,saturation_within_2s,saturation_within_2s,-1.0,3.7109375,-1,2.21875,1.4921875,0.0,1.0,
VisualCogA_Task-2,A,2,49,113838,1,2,True,True,,,-1.0,3.69921875,-1,2.21875,1.48046875,0.0,1.0,
VisualCogA_Task-2,A,2,50,116071,-1,2,False,True,,gradient_outlier;high_frequency_outlier,1.0,3.671875,1,2.21484375,1.45703125,0.0,1.0,
VisualCogA_Task-2,A,2,51,118295,1,2,False,False,saturation_within_2s,saturation_within_2s,1.0,3.37109375,1,2.21484375,1.15625,1.0,1.0,
VisualCogA_Task-2,A,2,52,120443,1,2,True,True,,,-1.0,3.66015625,-1,2.21875,1.44140625,0.0,1.0,
VisualCogA_Task-2,A,2,53,122664,-1,2,True,True,,,1.0,3.6171875,1,2.21484375,1.40234375,0.0,1.0,
VisualCogA_Task-2,A,2,54,124876,-1,2,True,True,,,1.0,3.484375,1,2.21875,1.265625,0.0,1.0,
VisualCogA_Task-2,A,2,55,127057,1,2,True,True,,,1.0,3.66015625,1,2.21484375,1.4453125,1.0,1.0,
VisualCogA_Task-2,A,2,56,129277,1,2,True,True,,,-1.0,3.671875,-1,2.21875,1.453125,0.0,1.0,
VisualCogA_Task-2,A,2,57,131502,1,2,True,True,,,1.0,3.71875,1,2.21484375,1.50390625,1.0,1.0,
VisualCogA_Task-2,A,2,58,133738,1,2,True,True,,,-1.0,3.68359375,-1,2.21875,1.46484375,0.0,1.0,
VisualCogA_Task-2,A,2,59,135966,1,2,True,True,,,-1.0,3.7109375,-1,2.21875,1.4921875,0.0,1.0,
VisualCogA_Task-2,A,2,60,138203,-1,3,True,True,,,1.0,3.734375,1,2.21484375,1.51953125,0.0,1.0,
VisualCogA_Task-2,A,2,61,140443,1,3,False,False,saturation_within_2s,saturation_within_2s,-1.0,3.5,-1,2.21875,1.28125,0.0,1.0,
VisualCogA_Task-2,A,2,62,142628,-1,3,False,False,saturation_within_2s,saturation_within_2s;high_frequency_outlier,1.0,3.5703125,1,2.21484375,1.35546875,0.0,1.0,
VisualCogA_Task-2,A,2,63,144828,-1,3,True,True,,,-1.0,3.5625,-1,2.21875,1.34375,1.0,1.0,
VisualCogA_Task-2,A,2,64,147025,1,3,True,True,,,1.0,3.4765625,1,2.21484375,1.26171875,1.0,1.0,
VisualCogA_Task-2,A,2,65,149201,-1,3,True,True,,,-1.0,3.5078125,-1,2.21875,1.2890625,1.0,1.0,
VisualCogA_Task-2,A,2,66,151386,1,3,True,True,,,1.0,3.47265625,1,2.21484375,1.2578125,1.0,1.0,
VisualCogA_Task-2,A,2,67,153562,1,3,False,False,saturation_within_2s,saturation_within_2s,-1.0,3.73828125,-1,2.21484375,1.5234375,0.0,1.0,
VisualCogA_Task-2,A,2,68,155802,-1,3,True,True,,,-1.0,3.76171875,-1,2.21875,1.54296875,1.0,1.0,
VisualCogA_Task-2,A,2,69,158051,-1,3,True,True,,,-1.0,3.546875,-1,2.21484375,1.33203125,1.0,1.0,
VisualCogA_Task-2,A,2,70,160243,1,3,True,True,,,-1.0,3.44921875,-1,2.21875,1.23046875,0.0,1.0,
VisualCogA_Task-2,A,2,71,162412,1,3,True,True,,,-1.0,3.375,-1,2.21484375,1.16015625,0.0,1.0,
VisualCogA_Task-2,A,2,72,164560,1,3,True,True,,,1.0,3.68359375,1,2.21484375,1.46875,1.0,1.0,
VisualCogA_Task-2,A,2,73,166789,1,3,True,True,,,-1.0,3.640625,-1,2.21484375,1.42578125,0.0,1.0,
VisualCogA_Task-2,A,2,74,169005,-1,3,False,False,saturation_within_2s,saturation_within_2s,1.0,3.4921875,1,2.21484375,1.27734375,0.0,1.0,
VisualCogA_Task-2,A,2,75,171185,-1,3,True,True,,,-1.0,3.80078125,-1,2.21875,1.58203125,1.0,1.0,
VisualCogA_Task-2,A,2,76,173442,-1,3,True,True,,,1.0,3.48046875,1,2.21484375,1.265625,0.0,1.0,
VisualCogA_Task-2,A,2,77,175618,1,3,True,True,,,1.0,3.8203125,1,2.21875,1.6015625,1.0,1.0,
VisualCogA_Task-2,A,2,78,177883,-1,3,True,True,,,1.0,3.4296875,1,2.21484375,1.21484375,0.0,1.0,
VisualCogA_Task-2,A,2,79,180047,1,3,False,False,saturation_within_2s,saturation_within_2s,-1.0,3.7578125,-1,2.21484375,1.54296875,0.0,1.0,
VisualCogA_Task-2,A,2,80,182295,-1,4,True,True,,,1.0,3.5625,1,2.21875,1.34375,0.0,1.0,
VisualCogA_Task-2,A,2,81,184492,1,4,True,True,,,-1.0,3.67578125,-1,2.21484375,1.4609375,0.0,1.0,
VisualCogA_Task-2,A,2,82,186720,1,4,True,True,,,1.0,3.58984375,1,2.21875,1.37109375,1.0,1.0,
VisualCogA_Task-2,A,2,83,188925,-1,4,True,True,,,1.0,3.51171875,1,2.21484375,1.296875,0.0,1.0,
VisualCogA_Task-2,A,2,84,191109,1,4,True,True,,,1.0,3.61328125,1,2.21875,1.39453125,1.0,1.0,
VisualCogA_Task-2,A,2,85,193322,-1,4,False,False,saturation_within_2s,saturation_within_2s;gradient_outlier;high_frequency_outlier,-1.0,3.37109375,-1,2.21484375,1.15625,1.0,1.0,
VisualCogA_Task-2,A,2,86,195470,-1,4,False,True,,gradient_outlier;high_frequency_outlier,-1.0,3.5546875,-1,2.21875,1.3359375,1.0,1.0,
VisualCogA_Task-2,A,2,87,197671,1,4,True,True,,,1.0,3.3125,1,2.21484375,1.09765625,1.0,1.0,
VisualCogA_Task-2,A,2,88,199803,-1,4,True,True,,,1.0,3.55859375,1,2.21875,1.33984375,0.0,1.0,
VisualCogA_Task-2,A,2,89,202000,-1,4,True,True,,,-1.0,3.98046875,-1,2.21484375,1.765625,1.0,1.0,
VisualCogA_Task-2,A,2,90,204304,-1,4,True,True,,,1.0,3.5546875,1,2.21484375,1.33984375,0.0,1.0,
VisualCogA_Task-2,A,2,91,206500,-1,4,True,True,,,-1.0,3.76171875,-1,2.21875,1.54296875,1.0,1.0,
VisualCogA_Task-2,A,2,92,208749,1,4,True,True,,,1.0,3.484375,1,2.21484375,1.26953125,1.0,1.0,
VisualCogA_Task-2,A,2,93,210925,-1,4,True,True,,,1.0,3.66796875,1,2.21875,1.44921875,0.0,1.0,
VisualCogA_Task-2,A,2,94,213150,-1,4,True,True,,,1.0,3.4765625,1,2.21484375,1.26171875,0.0,1.0,
VisualCogA_Task-2,A,2,95,215326,-1,4,True,True,,,1.0,3.59765625,1,2.21875,1.37890625,0.0,1.0,
VisualCogA_Task-2,A,2,96,217535,-1,4,True,True,,,-1.0,3.4921875,-1,2.21484375,1.27734375,1.0,1.0,
VisualCogA_Task-2,A,2,97,219715,-1,4,True,True,,,-1.0,3.5234375,-1,2.21484375,1.30859375,1.0,1.0,
VisualCogA_Task-2,A,2,98,221904,-1,4,True,True,,,1.0,3.5390625,1,2.21484375,1.32421875,0.0,1.0,
VisualCogA_Task-2,A,2,99,224096,-1,4,True,True,,,-1.0,3.6171875,-1,2.21484375,1.40234375,1.0,1.0,
VisualCogB_Task-1,B,1,0,5154,-1,0,True,True,,,,,-1,2.234375,,,,
VisualCogB_Task-1,B,1,1,7486,-1,0,False,True,,gradient_outlier;high_frequency_outlier,,,-1,2.21875,,,,
VisualCogB_Task-1,B,1,2,9647,1,0,True,True,,,,,1,2.21484375,,,,
VisualCogB_Task-1,B,1,3,11776,-1,0,True,True,,,,,-1,2.21484375,,,,
VisualCogB_Task-1,B,1,4,13888,1,0,True,True,,,,,1,2.21484375,,,,
VisualCogB_Task-1,B,1,5,16049,1,0,False,False,saturation_within_2s,saturation_within_2s,,,1,2.21484375,,,,
VisualCogB_Task-1,B,1,6,18233,1,0,True,True,,,,,1,2.21484375,,,,
VisualCogB_Task-1,B,1,7,20378,-1,0,True,True,,,,,-1,2.21484375,,,,
VisualCogB_Task-1,B,1,8,22478,-1,0,True,True,,,,,-1,2.21875,,,,
VisualCogB_Task-1,B,1,9,24782,-1,0,True,True,,,,,-1,2.21875,,,,
VisualCogB_Task-1,B,1,10,26963,1,0,True,True,,,,,1,2.21484375,,,,
VisualCogB_Task-1,B,1,11,29103,-1,0,True,True,,,,,-1,2.21875,,,,
VisualCogB_Task-1,B,1,12,31236,1,0,True,True,,,,,1,2.21875,,,,
VisualCogB_Task-1,B,1,13,33360,1,0,False,False,saturation_within_2s,saturation_within_2s,,,1,2.21875,,,,
VisualCogB_Task-1,B,1,14,35553,-1,0,True,True,,,,,-1,2.21484375,,,,
VisualCogB_Task-1,B,1,15,37666,1,0,True,True,,,,,1,2.21484375,,,,
VisualCogB_Task-1,B,1,16,39798,-1,0,True,True,,,,,-1,2.21484375,,,,
VisualCogB_Task-1,B,1,17,41899,-1,0,True,True,,,,,-1,2.21484375,,,,
VisualCogB_Task-1,B,1,18,44055,1,0,True,True,,,,,1,2.21875,,,,
VisualCogB_Task-1,B,1,19,46168,-1,0,True,True,,,,,-1,2.21484375,,,,
VisualCogB_Task-1,B,1,20,48304,1,1,True,True,,,,,1,2.21875,,,,
VisualCogB_Task-1,B,1,21,50461,1,1,True,True,,,,,1,2.21484375,,,,
VisualCogB_Task-1,B,1,22,52617,1,1,False,False,saturation_within_2s,saturation_within_2s,,,1,2.21875,,,,
VisualCogB_Task-1,B,1,23,54762,1,1,True,True,,,,,1,2.21484375,,,,
VisualCogB_Task-1,B,1,24,56882,1,1,False,False,saturation_within_2s,saturation_within_2s,,,1,2.21875,,,,
VisualCogB_Task-1,B,1,25,58975,1,1,True,True,,,,,1,2.21875,,,,
VisualCogB_Task-1,B,1,26,61072,1,1,True,True,,,,,1,2.21484375,,,,
VisualCogB_Task-1,B,1,27,63176,1,1,True,True,,,,,1,2.21875,,,,
VisualCogB_Task-1,B,1,28,65365,1,1,True,True,,,,,1,2.21484375,,,,
VisualCogB_Task-1,B,1,29,67489,-1,1,True,True,,,,,-1,2.21875,,,,
VisualCogB_Task-1,B,1,30,69694,1,1,True,True,,,,,1,2.21484375,,,,
VisualCogB_Task-1,B,1,31,71822,-1,1,False,False,saturation_within_2s,saturation_within_2s,,,-1,2.21484375,,,,
VisualCogB_Task-1,B,1,32,73895,-1,1,True,True,,,,,-1,2.21484375,,,,
VisualCogB_Task-1,B,1,33,76035,1,1,True,True,,,,,1,2.21875,,,,
VisualCogB_Task-1,B,1,34,78188,-1,1,True,True,,,,,-1,2.21484375,,,,
VisualCogB_Task-1,B,1,35,80340,-1,1,False,False,saturation_within_2s,saturation_within_2s;gradient_outlier;high_frequency_outlier,,,-1,2.21875,,,,
VisualCogB_Task-1,B,1,36,82429,-1,1,True,True,,,,,-1,2.21484375,,,,
VisualCogB_Task-1,B,1,37,84649,-1,1,True,True,,,,,-1,2.21875,,,,
VisualCogB_Task-1,B,1,38,86790,1,1,True,True,,,,,1,2.21484375,,,,
VisualCogB_Task-1,B,1,39,88926,1,1,True,True,,,,,1,2.21875,,,,
VisualCogB_Task-1,B,1,40,91091,-1,2,True,True,,,,,-1,2.21484375,,,,
VisualCogB_Task-1,B,1,41,93191,1,2,True,True,,,,,1,2.21875,,,,
VisualCogB_Task-1,B,1,42,95340,1,2,True,True,,,,,1,2.21875,,,,
VisualCogB_Task-1,B,1,43,97457,1,2,True,True,,,,,1,2.21484375,,,,
VisualCogB_Task-1,B,1,44,99705,1,2,True,True,,,,,1,2.21875,,,,
VisualCogB_Task-1,B,1,45,101998,-1,2,False,False,saturation_within_2s,saturation_within_2s,,,-1,2.21484375,,,,
VisualCogB_Task-1,B,1,46,104198,-1,2,False,False,saturation_within_2s,saturation_within_2s,,,-1,2.21484375,,,,
VisualCogB_Task-1,B,1,47,106294,1,2,True,True,,,,,1,2.21875,,,,
VisualCogB_Task-1,B,1,48,108395,1,2,True,True,,,,,-1,2.21484375,,,,
VisualCogB_Task-1,B,1,49,110568,-1,2,False,True,,baseline_outlier;gradient_outlier;high_frequency_outlier,,,-1,2.21484375,,,,
VisualCogB_Task-1,B,1,50,112656,1,2,True,True,,,,,1,2.21875,,,,
VisualCogB_Task-1,B,1,51,114757,-1,2,True,True,,,,,-1,2.21484375,,,,
VisualCogB_Task-1,B,1,52,116897,1,2,True,True,,,,,1,2.21875,,,,
VisualCogB_Task-1,B,1,53,118978,-1,2,False,False,saturation_within_2s,saturation_within_2s;gradient_outlier;high_frequency_outlier,,,-1,2.21484375,,,,
VisualCogB_Task-1,B,1,54,121067,1,2,True,True,,,,,1,2.21484375,,,,
VisualCogB_Task-1,B,1,55,123211,-1,2,True,True,,,,,-1,2.21484375,,,,
VisualCogB_Task-1,B,1,56,125304,1,2,True,True,,,,,1,2.21484375,,,,
VisualCogB_Task-1,B,1,57,127412,1,2,False,True,,gradient_outlier;high_frequency_outlier,,,1,2.21875,,,,
VisualCogB_Task-1,B,1,58,129525,1,2,True,True,,,,,1,2.21484375,,,,
VisualCogB_Task-1,B,1,59,131677,1,2,True,True,,,,,1,2.21875,,,,
VisualCogB_Task-1,B,1,60,133810,-1,3,True,True,,,,,-1,2.21484375,,,,
VisualCogB_Task-1,B,1,61,136034,-1,3,True,True,,,,,-1,2.21875,,,,
VisualCogB_Task-1,B,1,62,138195,1,3,False,False,saturation_within_2s,saturation_within_2s,,,1,2.21484375,,,,
VisualCogB_Task-1,B,1,63,140335,-1,3,True,True,,,,,-1,2.21875,,,,
VisualCogB_Task-1,B,1,64,142448,-1,3,True,True,,,,,-1,2.21484375,,,,
VisualCogB_Task-1,B,1,65,144604,-1,3,False,True,,gradient_outlier;high_frequency_outlier,,,-1,2.21875,,,,
VisualCogB_Task-1,B,1,66,146681,1,3,True,True,,,,,1,2.21484375,,,,
VisualCogB_Task-1,B,1,67,148774,1,3,True,True,,,,,1,2.21484375,,,,
VisualCogB_Task-1,B,1,68,150958,-1,3,True,True,,,,,-1,2.21484375,,,,
VisualCogB_Task-1,B,1,69,153079,-1,3,True,True,,,,,-1,2.21484375,,,,
VisualCogB_Task-1,B,1,70,155199,1,3,False,False,saturation_within_2s,saturation_within_2s,,,1,2.21875,,,,
VisualCogB_Task-1,B,1,71,157292,1,3,True,True,,,,,1,2.21484375,,,,
VisualCogB_Task-1,B,1,72,159392,-1,3,True,True,,,,,-1,2.21875,,,,
VisualCogB_Task-1,B,1,73,161513,-1,3,True,True,,,,,-1,2.21484375,,,,
VisualCogB_Task-1,B,1,74,163678,1,3,True,True,,,,,1,2.21484375,,,,
VisualCogB_Task-1,B,1,75,165814,-1,3,True,True,,,,,-1,2.21484375,,,,
VisualCogB_Task-1,B,1,76,167982,-1,3,True,True,,,,,-1,2.21875,,,,
VisualCogB_Task-1,B,1,77,170139,-1,3,False,False,saturation_within_2s,saturation_within_2s;baseline_outlier,,,-1,2.21484375,,,,
VisualCogB_Task-1,B,1,78,172279,1,3,True,True,,,,,1,2.21875,,,,
VisualCogB_Task-1,B,1,79,174416,-1,3,True,True,,,,,-1,2.21484375,,,,
VisualCogB_Task-1,B,1,80,176533,-1,4,True,True,,,,,-1,2.21484375,,,,
VisualCogB_Task-1,B,1,81,178705,1,4,True,True,,,,,1,2.21875,,,,
VisualCogB_Task-1,B,1,82,180846,-1,4,True,True,,,,,-1,2.21484375,,,,
VisualCogB_Task-1,B,1,83,183022,-1,4,True,True,,,,,-1,2.21875,,,,
VisualCogB_Task-1,B,1,84,185123,1,4,False,False,saturation_within_2s,saturation_within_2s,,,1,2.21484375,,,,
VisualCogB_Task-1,B,1,85,187267,-1,4,True,True,,,,,-1,2.21875,,,,
VisualCogB_Task-1,B,1,86,189368,-1,4,True,True,,,,,1,2.21484375,,,,
VisualCogB_Task-1,B,1,87,191616,1,4,False,False,saturation_within_2s,saturation_within_2s;gradient_outlier;high_frequency_outlier,,,1,2.21484375,,,,
VisualCogB_Task-1,B,1,88,193777,-1,4,True,True,,,,,-1,2.21484375,,,,
VisualCogB_Task-1,B,1,89,195873,-1,4,True,True,,,,,-1,2.21875,,,,
VisualCogB_Task-1,B,1,90,198018,1,4,True,True,,,,,1,2.21484375,,,,
VisualCogB_Task-1,B,1,91,200134,1,4,False,False,saturation_within_2s;flat,saturation_within_2s;flat,,,1,2.21875,,,,
VisualCogB_Task-1,B,1,92,202259,-1,4,True,True,,,,,-1,2.21484375,,,,
VisualCogB_Task-1,B,1,93,204367,1,4,True,True,,,,,1,2.21875,,,,
VisualCogB_Task-1,B,1,94,206496,-1,4,True,True,,,,,-1,2.21484375,,,,
VisualCogB_Task-1,B,1,95,208557,1,4,True,True,,,,,1,2.21484375,,,,
VisualCogB_Task-1,B,1,96,210653,-1,4,False,False,saturation_within_2s,saturation_within_2s,,,-1,2.21875,,,,
VisualCogB_Task-1,B,1,97,212806,1,4,True,True,,,,,1,2.21484375,,,,
VisualCogB_Task-1,B,1,98,214962,1,4,True,True,,,,,1,2.21875,,,,
VisualCogB_Task-1,B,1,99,217063,1,4,True,True,,,,,1,2.21484375,,,,
VisualCogB_Task-2,B,2,0,5134,-1,0,True,True,,,1.0,3.625,1,2.21875,1.40625,0.0,1.0,
VisualCogB_Task-2,B,2,1,7347,-1,0,False,False,saturation_within_2s,saturation_within_2s,-1.0,3.81640625,-1,2.21484375,1.6015625,1.0,1.0,
VisualCogB_Task-2,B,2,2,9611,-1,0,True,True,,,-1.0,3.81640625,-1,2.21875,1.59765625,1.0,1.0,
VisualCogB_Task-2,B,2,3,11871,1,0,True,True,,,1.0,3.28515625,1,2.21875,1.06640625,1.0,1.0,
VisualCogB_Task-2,B,2,4,13996,-1,0,True,True,,,-1.0,3.4296875,-1,2.21875,1.2109375,1.0,1.0,
VisualCogB_Task-2,B,2,5,16161,1,0,True,True,,,-1.0,3.421875,-1,2.21484375,1.20703125,0.0,1.0,
VisualCogB_Task-2,B,2,6,18321,1,0,False,False,saturation_within_2s,saturation_within_2s,1.0,3.4765625,1,2.21875,1.2578125,1.0,1.0,
VisualCogB_Task-2,B,2,7,20498,1,0,True,True,,,1.0,3.31640625,1,2.21484375,1.1015625,1.0,1.0,
VisualCogB_Task-2,B,2,8,22630,1,0,True,True,,,1.0,3.296875,1,2.21484375,1.08203125,1.0,1.0,
VisualCogB_Task-2,B,2,9,24759,-1,0,False,False,saturation_within_2s,saturation_within_2s,1.0,3.4453125,1,2.21484375,1.23046875,0.0,1.0,
VisualCogB_Task-2,B,2,10,26927,1,0,False,False,saturation_within_2s,saturation_within_2s,1.0,3.6015625,1,2.21484375,1.38671875,1.0,1.0,
VisualCogB_Task-2,B,2,11,29131,1,0,True,True,,,-1.0,3.7421875,-1,2.21875,1.5234375,0.0,1.0,
VisualCogB_Task-2,B,2,12,31372,1,0,True,True,,,1.0,3.59765625,1,2.21484375,1.3828125,1.0,1.0,
VisualCogB_Task-2,B,2,13,33576,1,0,False,False,saturation_within_2s,saturation_within_2s;gradient_outlier;high_frequency_outlier,-1.0,3.69921875,-1,2.21875,1.48046875,0.0,1.0,
VisualCogB_Task-2,B,2,14,35809,1,0,False,False,saturation_within_2s,saturation_within_2s,-1.0,3.66796875,-1,2.21484375,1.453125,0.0,1.0,
VisualCogB_Task-2,B,2,15,38033,1,0,False,False,saturation_within_2s,saturation_within_2s;gradient_outlier;high_frequency_outlier,1.0,3.42578125,1,2.21875,1.20703125,1.0,1.0,
VisualCogB_Task-2,B,2,16,40198,-1,0,True,True,,,-1.0,3.5,-1,2.21484375,1.28515625,1.0,1.0,
VisualCogB_Task-2,B,2,17,42378,1,0,True,True,,,-1.0,3.671875,-1,2.21875,1.453125,0.0,1.0,
VisualCogB_Task-2,B,2,18,44603,1,0,True,True,,,1.0,3.60546875,1,2.21484375,1.390625,1.0,1.0,
VisualCogB_Task-2,B,2,19,46811,-1,0,False,False,saturation_within_2s,saturation_within_2s,1.0,3.53515625,1,2.21484375,1.3203125,0.0,1.0,
VisualCogB_Task-2,B,2,20,49003,1,1,True,True,,,1.0,3.32421875,1,2.21875,1.10546875,1.0,1.0,
VisualCogB_Task-2,B,2,21,51140,1,1,False,False,saturation_within_2s,saturation_within_2s,-1.0,3.5703125,-1,2.21484375,1.35546875,0.0,1.0,
VisualCogB_Task-2,B,2,22,53340,-1,1,False,False,saturation_within_2s,saturation_within_2s;gradient_outlier;high_frequency_outlier,-1.0,3.3984375,-1,2.21875,1.1796875,1.0,1.0,
VisualCogB_Task-2,B,2,23,55493,-1,1,True,True,,,1.0,3.578125,1,2.21484375,1.36328125,0.0,1.0,
VisualCogB_Task-2,B,2,24,57693,-1,1,False,False,saturation_within_2s,saturation_within_2s,-1.0,3.5234375,-1,2.21875,1.3046875,1.0,1.0,
VisualCogB_Task-2,B,2,25,59878,1,1,True,True,,,1.0,3.54296875,1,2.21484375,1.328125,1.0,1.0,
VisualCogB_Task-2,B,2,26,62070,-1,1,True,True,,,1.0,3.671875,1,2.21875,1.453125,0.0,1.0,
VisualCogB_Task-2,B,2,27,64295,-1,1,True,True,,,1.0,3.37890625,1,2.21484375,1.1640625,0.0,1.0,
VisualCogB_Task-2,B,2,28,66447,-1,1,False,False,saturation_within_2s,saturation_within_2s,-1.0,3.5,-1,2.21875,1.28125,1.0,1.0,
VisualCogB_Task-2,B,2,29,68632,1,1,True,True,,,-1.0,3.62109375,-1,2.21484375,1.40625,0.0,1.0,
VisualCogB_Task-2,B,2,30,70844,1,1,True,True,,,1.0,3.5703125,1,2.21875,1.3515625,1.0,1.0,
VisualCogB_Task-2,B,2,31,73045,1,1,False,False,saturation_within_2s,saturation_within_2s,1.0,3.34765625,1,2.21484375,1.1328125,1.0,1.0,
VisualCogB_Task-2,B,2,32,75189,1,1,True,True,,,-1.0,3.5078125,-1,2.21875,1.2890625,0.0,1.0,
VisualCogB_Task-2,B,2,33,77369,1,1,False,False,saturation_within_2s,saturation_within_2s,-1.0,3.55859375,-1,2.21875,1.33984375,0.0,1.0,
VisualCogB_Task-2,B,2,34,79566,-1,1,True,True,,,1.0,3.6328125,1,2.21875,1.4140625,0.0,1.0,
VisualCogB_Task-2,B,2,35,81783,1,1,True,True,,,1.0,3.484375,1,2.21484375,1.26953125,1.0,1.0,
VisualCogB_Task-2,B,2,36,83959,-1,1,True,True,,,-1.0,3.6015625,-1,2.21875,1.3828125,1.0,1.0,
VisualCogB_Task-2,B,2,37,86167,-1,1,True,True,,,1.0,3.7421875,1,2.21875,1.5234375,0.0,1.0,
VisualCogB_Task-2,B,2,38,88412,1,1,False,False,saturation_within_2s,saturation_within_2s,-1.0,3.6875,-1,2.21484375,1.47265625,0.0,1.0,
VisualCogB_Task-2,B,2,39,90640,1,1,True,True,,,-1.0,3.47265625,-1,2.21875,1.25390625,0.0,1.0,
VisualCogB_Task-2,B,2,40,92817,1,2,True,True,,,1.0,3.41796875,1,2.21484375,1.203125,1.0,1.0,
VisualCogB_Task-2,B,2,41,94977,-1,2,False,False,saturation_within_2s,saturation_within_2s,-1.0,3.44140625,-1,2.21875,1.22265625,1.0,1.0,
VisualCogB_Task-2,B,2,42,97142,-1,2,False,False,saturation_within_2s,saturation_within_2s;gradient_outlier;high_frequency_outlier,-1.0,3.2578125,-1,2.21484375,1.04296875,1.0,1.0,
VisualCogB_Task-2,B,2,43,99262,1,2,True,True,,,-1.0,3.71484375,-1,2.21875,1.49609375,0.0,1.0,
VisualCogB_Task-2,B,2,44,101498,-1,2,True,True,,,1.0,3.4921875,1,2.21875,1.2734375,0.0,1.0,
VisualCogB_Task-2,B,2,45,103675,-1,2,True,True,,,1.0,3.40625,1,2.21484375,1.19140625,0.0,1.0,
VisualCogB_Task-2,B,2,46,105831,1,2,True,True,,,-1.0,3.59765625,-1,2.21875,1.37890625,0.0,1.0,
VisualCogB_Task-2,B,2,47,108040,-1,2,True,True,,,-1.0,3.76953125,-1,2.21484375,1.5546875,1.0,1.0,
VisualCogB_Task-2,B,2,48,110293,1,2,False,False,saturation_within_2s,saturation_within_2s,1.0,3.53515625,1,2.21484375,1.3203125,1.0,1.0,
VisualCogB_Task-2,B,2,49,112485,-1,2,False,False,saturation_within_2s,saturation_within_2s;gradient_outlier;high_frequency_outlier,-1.0,3.58984375,-1,2.21875,1.37109375,1.0,1.0,
VisualCogB_Task-2,B,2,50,114689,-1,2,False,False,saturation_within_2s,saturation_within_2s,1.0,3.60546875,1,2.21875,1.38671875,0.0,1.0,
VisualCogB_Task-2,B,2,51,116898,-1,2,True,True,,,-1.0,3.57421875,-1,2.21484375,1.359375,1.0,1.0,
VisualCogB_Task-2,B,2,52,119098,1,2,True,True,,,1.0,3.37109375,1,2.21875,1.15234375,1.0,1.0,
VisualCogB_Task-2,B,2,53,121247,1,2,False,False,saturation_within_2s,saturation_within_2s;gradient_outlier;high_frequency_outlier,-1.0,3.6875,-1,2.21484375,1.47265625,0.0,1.0,
VisualCogB_Task-2,B,2,54,123479,1,2,True,True,,,1.0,3.30859375,1,2.21875,1.08984375,1.0,1.0,
VisualCogB_Task-2,B,2,55,125612,-1,2,False,False,saturation_within_2s,saturation_within_2s,1.0,3.40234375,1,2.21484375,1.1875,0.0,1.0,
VisualCogB_Task-2,B,2,56,127768,-1,2,False,False,saturation_within_2s,saturation_within_2s,1.0,3.4609375,1,2.21875,1.2421875,0.0,1.0,
VisualCogB_Task-2,B,2,57,129941,-1,2,True,True,,,1.0,3.53125,1,2.21484375,1.31640625,0.0,1.0,
VisualCogB_Task-2,B,2,58,132129,-1,2,True,True,,,1.0,3.5234375,1,2.21875,1.3046875,0.0,1.0,
VisualCogB_Task-2,B,2,59,134318,-1,2,True,True,,,1.0,3.4609375,1,2.21875,1.2421875,0.0,1.0,
VisualCogB_Task-2,B,2,60,136490,-1,3,True,True,,,1.0,3.37109375,1,2.21875,1.15234375,0.0,1.0,
VisualCogB_Task-2,B,2,61,138639,1,3,True,True,,,-1.0,3.71875,-1,2.21484375,1.50390625,0.0,1.0,
VisualCogB_Task-2,B,2,62,140879,-1,3,True,True,,,-1.0,3.7578125,-1,2.21484375,1.54296875,1.0,1.0,
VisualCogB_Task-2,B,2,63,143127,-1,3,True,True,,,-1.0,3.44140625,-1,2.21875,1.22265625,1.0,1.0,
VisualCogB_Task-2,B,2,64,145292,1,3,True,True,,,-1.0,3.4140625,-1,2.21484375,1.19921875,0.0,1.0,
VisualCogB_Task-2,B,2,65,147452,1,3,False,False,saturation_within_2s,saturation_within_2s,1.0,3.578125,1,2.21875,1.359375,1.0,1.0,
VisualCogB_Task-2,B,2,66,149653,1,3,True,True,,,-1.0,3.46875,-1,2.21484375,1.25390625,0.0,1.0,
VisualCogB_Task-2,B,2,67,151825,1,3,True,True,,,-1.0,3.61328125,-1,2.21875,1.39453125,0.0,1.0,
VisualCogB_Task-2,B,2,68,154038,-1,3,False,False,saturation_within_2s,saturation_within_2s,1.0,3.55859375,1,2.21484375,1.34375,0.0,1.0,
VisualCogB_Task-2,B,2,69,156234,-1,3,True,True,,,1.0,3.37109375,1,2.21875,1.15234375,0.0,1.0,
VisualCogB_Task-2,B,2,70,158383,1,3,True,True,,,1.0,3.69140625,1,2.21875,1.47265625,1.0,1.0,
VisualCogB_Task-2,B,2,71,160615,1,3,True,True,,,1.0,3.41015625,1,2.21875,1.19140625,1.0,1.0,
VisualCogB_Task-2,B,2,72,162772,1,3,True,True,,,1.0,3.5390625,1,2.21484375,1.32421875,1.0,1.0,
VisualCogB_Task-2,B,2,73,164964,-1,3,True,True,,,1.0,3.5546875,1,2.21875,1.3359375,0.0,1.0,
VisualCogB_Task-2,B,2,74,167161,-1,3,True,True,,,1.0,3.71875,1,2.21875,1.5,0.0,1.0,
VisualCogB_Task-2,B,2,75,169398,1,3,True,True,,,-1.0,3.84375,-1,2.21484375,1.62890625,0.0,1.0,
VisualCogB_Task-2,B,2,76,171666,1,3,True,True,,,-1.0,3.31640625,-1,2.21875,1.09765625,0.0,1.0,
VisualCogB_Task-2,B,2,77,173803,-1,3,True,True,,,-1.0,3.6171875,-1,2.21484375,1.40234375,1.0,1.0,
VisualCogB_Task-2,B,2,78,176015,-1,3,False,False,saturation_within_2s,saturation_within_2s,1.0,4.046875,1,2.21875,1.828125,0.0,1.0,
VisualCogB_Task-2,B,2,79,178336,-1,3,True,True,,,1.0,3.60546875,1,2.21484375,1.390625,0.0,1.0,
VisualCogB_Task-2,B,2,80,180544,1,4,True,True,,,-1.0,3.4765625,-1,2.21484375,1.26171875,0.0,1.0,
VisualCogB_Task-2,B,2,81,182721,-1,4,False,False,saturation_within_2s,saturation_within_2s;gradient_outlier;high_frequency_outlier,-1.0,3.5859375,-1,2.21484375,1.37109375,1.0,1.0,
VisualCogB_Task-2,B,2,82,184925,1,4,True,True,,,-1.0,3.58203125,-1,2.21484375,1.3671875,0.0,1.0,
VisualCogB_Task-2,B,2,83,187125,-1,4,True,True,,,-1.0,3.6015625,-1,2.21875,1.3828125,1.0,1.0,
VisualCogB_Task-2,B,2,84,189338,-1,4,False,False,saturation_within_2s,saturation_within_2s,1.0,3.7734375,1,2.21484375,1.55859375,0.0,1.0,
VisualCogB_Task-2,B,2,85,191590,1,4,True,True,,,1.0,3.50390625,1,2.21875,1.28515625,1.0,1.0,
VisualCogB_Task-2,B,2,86,193775,-1,4,True,True,,,1.0,3.38671875,1,2.21484375,1.171875,0.0,1.0,
VisualCogB_Task-2,B,2,87,195927,1,4,True,True,,,1.0,3.3984375,1,2.21875,1.1796875,1.0,1.0,
VisualCogB_Task-2,B,2,88,198084,-1,4,True,True,,,-1.0,3.4921875,-1,2.21484375,1.27734375,1.0,1.0,
VisualCogB_Task-2,B,2,89,200264,1,4,True,True,,,1.0,3.48828125,1,2.21875,1.26953125,1.0,1.0,
VisualCogB_Task-2,B,2,90,202445,-1,4,True,True,,,1.0,3.36328125,1,2.21484375,1.1484375,0.0,1.0,
VisualCogB_Task-2,B,2,91,204593,-1,4,True,True,,,-1.0,3.66796875,-1,2.21875,1.44921875,1.0,1.0,
VisualCogB_Task-2,B,2,92,206818,1,4,True,True,,,1.0,3.37109375,1,2.21484375,1.15625,1.0,1.0,
VisualCogB_Task-2,B,2,93,208962,-1,4,True,True,,,1.0,3.79296875,1,2.21875,1.57421875,0.0,1.0,
VisualCogB_Task-2,B,2,94,211219,1,4,True,True,,,1.0,3.34765625,1,2.21484375,1.1328125,1.0,1.0,
VisualCogB_Task-2,B,2,95,213363,1,4,True,True,,,-1.0,3.91796875,-1,2.21875,1.69921875,0.0,1.0,
VisualCogB_Task-2,B,2,96,215651,-1,4,True,True,,,-1.0,3.91796875,-1,2.21875,1.69921875,1.0,1.0,
VisualCogB_Task-2,B,2,97,217940,-1,4,True,True,,,-1.0,3.59375,-1,2.21875,1.375,1.0,1.0,
VisualCogB_Task-2,B,2,98,220148,1,4,True,True,,,-1.0,3.484375,-1,2.21875,1.265625,0.0,1.0,
VisualCogB_Task-2,B,2,99,222325,-1,4,True,True,,,1.0,3.38671875,1,2.21484375,1.171875,0.0,1.0,
