index,split,y,task,F3中期峰幅,F3中期峰时,F3中期均幅,F3中期面积,Fz中期峰幅,Fz中期峰时,Fz中期均幅,Fz中期面积,F4中期峰幅,F4中期峰时,F4中期均幅,F4中期面积,中期双侧差,中期中额与双侧差,F3晚期峰幅,F3晚期峰时,F3晚期均幅,F3晚期面积,Fz晚期峰幅,Fz晚期峰时,Fz晚期均幅,Fz晚期面积,F4晚期峰幅,F4晚期峰时,F4晚期均幅,F4晚期面积,晚期双侧差,晚期中额与双侧差,左源投影,右源投影,公共源投影,左右源差,归一选择指数,左模板误差,右模板误差,最佳时间偏移
0,train,-1,1,-70.44661914565047,0.25,-91.33303985925795,-22.871059413261587,18.159537847464826,0.5,1.565199486609188,0.3578479317888559,20.905317584957174,0.5,-0.5000382921412068,-0.15963830135510493,-90.83300156711675,47.481738562308756,-27.778293869576814,0.59375,-71.21001331399543,-21.06585228127669,95.28375227894779,0.58984375,58.7678997355455,17.521791392003315,98.40676785421877,0.58984375,59.15922612228201,17.622291946699168,-130.36923943627747,64.79329333140221,-5.38177864601886,9.028769304380589,6.459014635225289,-14.41054795039945,-0.999999930606391,50.21740568218285,49.68151110849066,0.0
3,train,-1,1,-134.92924552851542,0.29296875,-186.92837111857017,-46.76022864844008,15.99351207778207,0.30078125,-5.116870408059491,-1.2760592772945727,-94.29397727810532,0.296875,-135.17732644082892,-33.79319270775969,-51.751044677741255,155.93597837164012,-220.69283280547657,0.5,-247.7947983064465,-73.60063652001953,9.90116570765588,0.76171875,0.2312621605265238,0.08567631496813723,-162.2154170892715,0.5,-202.25315720735483,-60.01854842269266,-45.54164109909148,225.25523991742716,1.2045524288770573,7.412209849934883,-2.122430531954256,-6.207657421057826,-0.7204163814412834,35.795630660346525,33.59324155995918,0.0
4,train,1,1,-97.73110089247106,0.27734375,-129.86324772292986,-32.45846431401497,4.008137102990464,0.27734375,-11.40885539480101,-2.8158430269099215,-43.20168077823156,0.2734375,-76.31362863316674,-19.047572787401027,-53.54961908976311,91.67958278324728,-151.6563055798059,0.53515625,-183.24520993296386,-54.394105683928736,-2.4981092092613473,0.53125,-14.505752237467545,-4.2839940680240955,-94.28186276954862,0.52734375,-116.13471726425573,-34.46845052208539,-67.11049266870816,135.18421136114227,-1.3627158536061794,6.368609598612936,-3.0840962850214138,-7.7313254522191155,-0.9999998706560891,34.033578667612346,32.19573618168453,0.0
5,train,-1,1,-229.69185818962842,0.25,-308.1014626829118,-77.02542244244707,4.382326212192087,0.34375,-8.970539920316769,-2.2283532898435108,-284.23186119313493,0.25,-374.9258710894375,-93.73047074520585,66.82440840652583,332.54312696585777,-386.2665694099864,0.51171875,-462.2528932861437,-137.25065104805824,-7.854520084311873,0.69140625,-21.57697532830222,-6.413992753554454,-466.1303588883527,0.5,-544.0953458062294,-161.5873772655483,81.84245252008556,481.59714421788425,13.896144274191176,4.336704051485129,-6.552508113310695,9.559440222706048,0.5242976592388126,73.87531118552558,77.28607115878062,0.0
6,train,-1,1,8.276539605512049,0.5,-11.509813540804373,-2.8979642680644897,13.549813870966483,0.5,-0.4892053530599258,-0.12327520410273408,-23.185642774086915,0.5,-39.11465727591479,-9.791644463088165,27.60484373511041,24.823030055299654,19.56921654362341,0.79296875,8.047818330392824,2.368331724508452,18.31308287043321,0.51171875,2.6090247911282,0.7500919075422695,-4.77643543655833,0.7265625,-22.28832211089339,-6.642756414975302,30.3361404412862,9.729276681378487,2.4911996436424566,-1.3455999369869422,0.8752239151500524,3.836799580629399,0.9999997393661778,15.723390628715979,15.994180214632852,-0.0390625
7,train,-1,1,27.76717819224524,0.33203125,16.118594934052705,4.0682362573257205,17.454585584956284,0.33203125,7.247635902980896,1.8501493916386311,74.22216411266922,0.44140625,60.167930765470395,15.05485573810807,-44.04933583141769,-30.895626946780656,49.004725826780714,0.7734375,21.498641668384092,6.3704901470793605,11.50130570808356,0.55078125,2.7719232335545154,0.8450837265910748,130.25559804042993,0.796875,93.67079681916026,27.79520612341165,-72.17215515077616,-54.81279601021766,-4.800627051052346,2.894892426190587,1.1837097735287905,-7.695519477242932,-0.9999998700542734,42.14411461842499,42.14411461842499,0.0
8,train,1,1,24.756870097953282,0.421875,16.236427431418814,4.0710396604462655,16.914883456862924,0.41796875,5.869701745895769,1.4909014237245484,0.8752289680776499,0.41015625,-7.068772991116484,-1.739523462887275,23.305200422535293,1.285874525744608,24.0044408035032,0.73046875,10.425212613958509,3.1065639294156657,24.115735319703212,0.73828125,8.22298756324448,2.4571303145369376,-2.513991353827123,0.73046875,-16.0723113463333,-4.779539600511967,26.497523960291822,11.046536929431872,1.7446091776822927,-1.5020489577923808,0.6937391051446441,3.2466581354746733,0.999999691991072,12.438856515637136,12.443230331996704,0.0
9,train,1,1,34.46340269219902,0.47265625,22.051773458253354,5.516636159813765,20.566744192989532,0.26171875,7.290066844292765,1.8062523343758212,58.8063158346945,0.47265625,46.08418620108554,11.509310566862679,-24.032412742832186,-26.777912985376673,36.62492728629119,0.71484375,24.687744204966144,7.319280321046666,18.076587953273982,0.52734375,0.39013432338352777,0.09764931598502738,76.87523490815845,0.71484375,60.91750552595962,18.074699123873863,-36.229761320993475,-42.412490542079354,-2.8046008511671867,1.1830559109120986,0.5272781360236551,-3.9876567620792853,-0.9999997492262226,30.231845823361787,30.231845823361787,0.0
10,train,1,1,-111.6322808253804,0.25,-158.82636364240724,-39.69262903520463,10.122529384712855,0.35546875,-2.21767671908676,-0.5647597672185307,-78.6967319212329,0.25,-120.02342346148498,-30.024799370330157,-38.80294018092224,137.2072168328593,-213.16892666278227,0.5,-301.54387133544543,-89.53871350244,0.9316475601815561,0.5,-16.134020875113702,-4.810485473231146,-151.6510404627707,0.5,-225.0586279173768,-66.82604228990574,-76.48524341806873,247.1672287512975,0.16165227113095942,8.282196867084982,-5.710500317748146,-8.120544595954023,-0.9617111226549755,50.68203434440726,48.66782654807632,0.0390625
11,train,1,1,21.443240015420002,0.359375,6.466809555095983,1.614723360715359,26.777812258250428,0.37109375,8.93573383919112,2.2237530880239644,55.30963407101481,0.37109375,41.088207374357815,10.272921427945345,-34.62139781926183,-14.84177462553579,6.167675122230399,0.5,-17.0890447186156,-5.112247244816081,23.14552182715621,0.5,-0.5665570306407782,-0.2215008030827829,53.258127122579594,0.5,41.17671292497861,12.183633445342842,-58.265757643594185,-12.610391133822274,-3.48429334344729,2.609986698190784,-0.28611053791169244,-6.094280041638074,-0.9999998359117354,22.899467279262723,22.899467279262723,0.0
12,train,-1,1,34.75459211553268,0.39453125,24.37963394157347,6.089340930242683,20.901656234421253,0.39453125,7.476831341763827,1.8715752024524386,45.96423547682275,0.39453125,34.18707857794381,8.574140401827867,-9.807444636370333,-21.806524917994814,38.64979983239822,0.73828125,19.93655217789777,5.892062647791247,9.91155604351751,0.77734375,-2.373398890346622,-0.7291104528775588,41.443600872279646,0.7421875,29.065617219360373,8.614065689631579,-9.129065041462626,-26.8744835889757,-1.227257090177857,-0.06026687585954636,-0.14661571683208846,-1.1669902143183106,-0.9063825907080771,20.771631300343024,20.771631300343024,0.0
15,train,-1,1,-19.41848558757006,0.27734375,-30.775298117654657,-7.668053341883721,19.80889012260151,0.37890625,11.386623472668388,2.866805295679592,-55.72084208218154,0.26171875,-73.8758701651611,-18.460056574963563,43.10057204750648,63.712207614076284,-39.725579331438766,0.5,-53.3228976789196,-15.84349833228851,23.96767762324662,0.7734375,3.4394114782493275,1.0267583364068724,-81.29011150944388,0.7734375,-105.12220922893803,-31.212520394871856,51.799311550018466,82.66196493217818,4.757222567826906,-1.3953485295541175,0.1571491224874584,6.152571097381023,0.9999998374663499,21.257868520315125,22.482059471535273,0.0
16,train,1,1,45.526174970914,0.4921875,29.58408684827282,7.420239582366097,20.684378845372237,0.30859375,2.424984146025337,0.6217501585590842,46.155203953062255,0.47265625,34.7386451372833,8.70563448553718,-5.154558289010482,-29.73638184675271,79.11575997501065,0.76953125,56.358824092847534,16.72197295758025,23.24578067286977,0.765625,6.074027100132114,1.7992816362137247,96.2489378196438,0.765625,67.7206259786733,20.111094388179804,-11.36180188582575,-55.96569793562828,-1.4961062955244255,-0.28867307381337604,1.732419471833307,-1.2074332217110495,-0.6765164176245605,36.09858116874008,36.09858116874008,0.0390625
17,train,-1,1,-0.9977977490213181,0.31640625,-10.192818326583465,-2.546167262492845,21.65332487411233,0.2890625,10.132931279235116,2.5313273676015458,15.523418557359474,0.40234375,0.7064456342664643,0.19613392564708462,-10.89926396084993,14.876117625393622,-5.015365003626387,0.74609375,-18.752009937990465,-5.587965331808194,25.678552126745643,0.75,2.3650190072271875,0.6695928984753983,1.886917029407046,0.75390625,-13.638479885424658,-4.092939017402322,-5.113530052565802,18.56026391893475,-0.0772060911435965,0.7526021876752628,0.2613353857847237,-0.8298082788188592,-0.9999987949038104,9.537000430042738,9.469823351282772,0.0
18,train,-1,1,7.98692859560412,0.5,-25.720483568389103,-6.459160372910784,-31.84019184571993,0.5,-48.996201503998996,-12.254305808923784,27.809463294898528,0.5,-8.050000121964736,-2.013670990658274,-17.67048344642437,-32.11095965882205,22.292343043442564,0.6640625,0.07271780883825309,0.017015160644855074,-30.32923442235202,0.5078125,-45.55531734750961,-13.562147473949452,65.92835031859909,0.796875,41.306581270005594,12.241163480405003,-41.23386346116732,-66.24496688693151,-2.785565488087811,1.3622431651194296,-3.157201549143042,-4.147808653207241,-0.999999758908898,40.402105914065196,40.402105914065196,0.0390625
20,train,-1,1,9.910629819568985,0.4453125,-2.99854365588665,-0.7642061945642628,23.710683346676838,0.44140625,11.397925670594075,2.8422262177769,34.208590131907776,0.4375,21.15084040644921,5.271975051136977,-24.14938406233586,2.3217772953127946,23.41505524781955,0.734375,7.195572883181991,2.135116938439004,41.183323634644054,0.734375,20.38165173494791,6.0647119071048,105.20917391098007,0.73828125,61.92917578815789,18.381426075957183,-54.733602904975896,-14.180722600722028,-2.814056459890595,2.8967680638613755,3.3937145841125638,-5.71082452375197,-0.9999998248939674,27.555112329367375,27.555112329367375,0.0390625
22,train,1,1,234.3379992573038,0.5,156.26265500490732,39.02674660730863,3.9770884071934987,0.4140625,-15.933652880153309,-3.9558419698084872,250.6377377376006,0.5,191.45660758042504,47.84117702845378,-35.19395257551774,-189.7932841728195,566.7383000795911,0.796875,403.26192857867585,119.72902480816245,-13.011372038605248,0.5234375,-28.67047210242774,-8.506195222245172,622.1825630969712,0.796875,424.1653776572404,125.8762653483993,-20.903449078564645,-442.3841252203858,-8.559161364183316,-4.923820353663386,6.32063868189331,-3.63534101051993,-0.26962439147148237,232.48087313281255,232.48087313281255,0.0390625
23,train,-1,1,76.50718399136971,0.25,29.854090304887784,7.406270984063162,68.60907090831296,0.25,20.203417973952597,4.995450085097442,71.55830822386889,0.25,28.545132736610597,7.078347627581479,1.3089575682771781,-8.996193546796604,17.3606846229736,0.625,9.939603438260987,2.9644670900643595,12.444506752880656,0.6328125,1.355419868083182,0.40723965443431426,29.842248999356755,0.62890625,16.445450808570687,4.871440113966115,-6.505847370309701,-11.83710725533266,-0.6151128802058728,-0.45665567244183236,-0.14511787944346466,-0.1584572077640405,-0.14784634194224586,28.636055247773612,28.636055247773612,-0.0390625
24,train,-1,1,-73.04594479823362,0.28125,-83.97011650271644,-21.014563207763512,21.383461709489417,0.49609375,-2.109533838749805,-0.5523995152322023,-217.9540004188633,0.25390625,-266.95552829875123,-66.78078631132847,182.98541179603478,173.35328856198407,-75.97728042112581,0.5,-92.73764595260731,-27.55288859388035,23.52833330455387,0.5703125,7.809182647364934,2.2983649874090006,-294.4068929349067,0.5,-338.842784841232,-100.61127280640456,246.10513888862477,223.59939804428473,18.707339568847086,-9.190289819363532,-0.08561403110416814,27.897629388210618,0.9999999641546616,80.85368386201309,85.0761302833439,0.0
25,train,1,1,56.2641308026571,0.25,1.5167630329870117,0.3315884417855093,70.06738057981784,0.25,13.877828167142594,3.405608253130311,69.4890267575672,0.25,10.03417232137825,2.429960053110177,-8.517409288391244,8.102360489959958,8.116998837612783,0.75,-14.470535128827212,-4.30031781465923,0.7598688218209304,0.78515625,-13.33772645990727,-3.963697059998689,3.4641253123038354,0.78515625,-16.46990010807119,-4.905666193895531,1.9993649792439767,2.132491158541938,-0.32845545569092727,-0.00399672111612556,-1.71246112291065,-0.32445873457480173,-0.9759531784023504,27.181472052267647,27.17794208534416,0.0390625
27,train,-1,1,95.42448459762672,0.296875,50.34726581795436,12.625439953946934,57.12549306182676,0.30078125,17.44697702388033,4.399114043611251,80.25672678232888,0.30078125,45.65791089588211,11.477881982184122,4.689354922072239,-30.555611333037923,2.58850854760756,0.5,-80.78029177681205,-24.08155307056173,-29.21476079080449,0.5,-99.41161961944242,-29.645389199024546,-9.909942812671872,0.5,-113.97883918622368,-33.985955143020064,33.198547409411624,-2.0320541379245225,-0.24832274043751595,-3.127394177043875,-14.130155479662097,2.879071436606359,0.8528767826532205,70.48691635930707,70.55460726572754,0.0390625
28,train,-1,1,70.6556961048885,0.33203125,59.73706494474371,14.935237257705815,38.42811464928292,0.328125,25.26649566789482,6.31247101093996,117.95832850717079,0.48046875,96.96313782305441,24.250659819211744,-37.22607287831065,-53.08360571600424,81.97731174217273,0.74609375,72.87963308164738,21.63801610223738,33.46499846399351,0.5234375,13.726540511508123,4.0845341622487235,144.81281786368822,0.72265625,131.3100244617341,38.99745521837423,-58.43039138008666,-88.36828826018262,-4.821682683377434,1.3552219055544132,2.3539022024197815,-6.176904588931847,-0.9999998381066401,68.48122809639001,68.48122809639001,0.0
29,train,-1,1,1.7179436942017068,0.265625,-10.690208129099835,-2.654506446199476,24.27422867264357,0.30859375,10.690750152395555,2.7131748653981105,28.35546048981854,0.30859375,14.411846073950562,3.6355985155834483,-25.102054203050397,8.829931179970183,-16.889380412474882,0.5625,-27.719754900219915,-8.231300688476793,15.586399356035248,0.5546875,5.164298548598935,1.5496311637430207,12.36485884783813,0.5546875,-2.6007545571838597,-0.7756969030888684,-25.119000343036053,20.32455327730081,-1.4924494538147342,1.9420126193052987,0.053493092306816314,-3.4344620731200326,-0.9999997088336724,14.776649314754785,14.656793773127626,0.0390625
30,train,-1,1,-13.771304939113037,0.40234375,-20.49033104848165,-5.120616672948383,13.70432939610103,0.2578125,4.266662761916618,1.0651965032108017,-66.80427013659789,0.25390625,-83.63311998921287,-20.918402138110107,63.142788940731194,56.328388280763896,-5.959764583485864,0.58203125,-20.748014504177796,-6.171757980154252,9.583527127296755,0.58203125,-3.619877104190595,-1.0811047591023033,-83.62414813573292,0.77734375,-97.55716288070263,-28.967411875184567,76.80914837652485,55.5327115882496,5.949213743337988,-3.1528872516970647,0.14384592083735306,9.102100995035052,0.9999998901352677,28.246386337268067,29.387726347471972,0.0
31,train,1,1,-2.449623702856009,0.359375,-16.96152699514985,-4.202690387513431,32.49709091361398,0.36328125,11.73062986202464,2.9373533653691632,22.515161473450643,0.36328125,3.5506910306692383,0.8781225561674215,-20.512218025819088,18.436047844264948,-30.082484971095074,0.53515625,-51.86419371031839,-15.417336648011046,12.95483347839151,0.6171875,-5.220497113708097,-1.5779829294954448,-0.7526514690043662,0.5,-18.453317283590042,-5.54083032673341,-33.410876426728365,29.938258383246115,-1.5249518032325127,2.3828648814921514,-0.9295317573775413,-3.907816684724664,-0.9999997441026985,18.655473425663214,18.361282322995994,0.0390625
32,train,1,1,18.53550325737473,0.359375,3.945114069715146,1.0188606932196422,20.92964190700586,0.359375,2.0259734553456856,0.5469209006090548,26.94212927824292,0.35546875,8.849895704166338,2.254547052436041,-4.90478163445119,-4.371531431595054,10.443387003132525,0.71484375,-1.3543693869251647,-0.3832768741642193,8.381210249187443,0.51953125,-6.157809969162213,-1.8054448011660922,8.08265570395273,0.51953125,-9.434479521532873,-2.8055252994184645,8.080110134607711,-0.7633855149331931,0.027018095465538124,-0.3478629916883174,-0.9198521976855585,0.37488108715385554,0.9999973324945783,9.833306645427664,9.833306645427664,0.0390625
33,train,-1,1,2.578461526508134,0.38671875,-28.94442100948388,-7.237820452975292,27.47972213281207,0.38671875,-9.298244011049507,-2.3011819280113808,8.837056561185532,0.3828125,-20.988384171788386,-5.2151565392643064,-7.956036837695487,15.668158579586624,-25.04011138799173,0.59765625,-38.55965372157441,-11.449782244650283,-5.872402921928937,0.54296875,-19.414653838607595,-5.749608278241361,-19.30482106369483,0.546875,-36.65245190730363,-10.871301514030128,-1.907201814270793,18.19139897583144,0.21336206412268444,0.6783317472906821,-1.7213325334377905,-0.4649696831679977,-0.5214448679262863,18.005790830631135,17.955247161471885,0.0
34,train,1,1,3.0660142884133137,0.30078125,-10.461304958184922,-2.5863012259684837,24.71021549005453,0.41796875,10.76076089943186,2.726765384849717,-0.22865611184622026,0.3046875,-12.5278485223671,-3.111793539537497,2.0665435641821728,22.255337639707868,-12.88090032805654,0.5234375,-37.50352630632077,-11.162742375124465,6.30554920838064,0.52734375,-8.39067967650366,-2.5277344876811383,-17.4027369199853,0.52734375,-31.445469022146916,-9.375701458318517,-6.058057284173854,26.083817987730164,0.2578124655605005,0.6517352665212637,-0.9919973387487573,-0.39392280096076315,-0.43309697113112056,12.20435157074444,12.156789066288768,0.0390625
36,train,-1,1,13.562243789814318,0.484375,-9.302366283919074,-2.3105006619544652,5.383508204016437,0.48828125,-6.408746667574725,-1.6067494582354118,14.24117071613982,0.35546875,-3.807900105927151,-0.9635421082502506,-5.4944661779919235,0.14638652734838595,25.41457633126406,0.55078125,5.88621689786879,1.7672537645067674,19.982415061600744,0.58984375,5.298142911363435,1.6029539796344265,37.5736372504622,0.765625,23.256745069905378,6.931702981004473,-17.37052817203658,-9.273338072523652,-0.8858080049054228,0.9559146647970354,1.0269413598144974,-1.8417226697024582,-0.9999994570303806,16.035037201766507,16.035037201766507,0.0390625
37,train,-1,1,-21.796625357877815,0.38671875,-31.408719638672707,-7.862055914578865,13.067877664346373,0.38671875,-1.8962644124965502,-0.4886399758201525,24.116382981818774,0.38671875,8.857968789220287,2.2118589634128862,-40.266688427892994,9.379111012229655,-28.983192649941387,0.5,-53.41039970169737,-15.850659420623812,11.221530943095647,0.78515625,2.0872755270351835,0.6098235672713394,42.146268084346374,0.79296875,19.23457033578001,5.666014374705918,-72.64497003747738,19.175190209993865,-3.38157384855101,4.082401652669526,-0.055223968592760304,-7.463975501220537,-0.999999866023158,22.28930723157913,21.970066192970087,0.0
41,train,1,1,38.900303993199444,0.48046875,21.581590804433255,5.404755673707754,-14.06832936677423,0.484375,-29.317468171170233,-7.32169427675395,138.03511875635652,0.48828125,118.58196646251939,29.683673005954475,-97.00037565808613,-99.39924680464657,27.90702177526107,0.56640625,1.3629775582901396,0.4513871032597725,-23.881087666317903,0.5,-49.04127877267283,-14.555521528165935,129.5344447526859,0.5,98.15737370642941,29.167876621420504,-96.79439614813928,-98.80145440503257,-8.763071253405966,3.576769219856349,-6.152176499759836,-12.339840473262315,-0.9999999189616818,60.941985847684066,60.941985847684066,0.0
42,train,-1,1,23.049743582157358,0.328125,9.562084244579127,2.4042444167201986,32.062972613209425,0.328125,10.419574894437648,2.6107881835344937,31.70769139625417,0.328125,9.745021511377619,2.4508211694868534,-0.1829372667984941,0.7660220164592736,104.64463518288176,0.734375,35.673069039633745,10.589236641139674,122.16092731577393,0.73828125,42.8094699904366,12.692051876137729,137.71781412743417,0.74609375,45.47987011055992,13.505619985849787,-9.806801070926173,2.233000415339763,0.03467090896585944,0.892949115051453,6.206540547015956,-0.8582782060855936,-0.9252466081122103,39.12196188512412,39.12196188512412,0.0390625
43,train,1,1,27.297246911392907,0.29296875,15.054592499504503,3.7615585406412233,22.631801773910052,0.33984375,6.716780924285519,1.696425335298659,58.89662684710953,0.33984375,40.79616571724352,10.226284540341757,-25.741573217739024,-21.208598184088494,106.21125136018792,0.796875,10.090602893080678,2.797459459364685,99.61908123554173,0.796875,7.899268451049037,2.193216505450147,130.5706809980873,0.796875,40.52238653131722,11.883504612476361,-30.431783638236546,-17.407226261149912,-2.2814359997482168,1.3785020101913295,0.8723138802677409,-3.6599380099395464,-0.9999997267714031,27.596774411595966,27.596774411595966,0.0
44,train,-1,1,-102.58395389658438,0.26171875,-144.220263078562,-36.04980740646512,14.44014897156969,0.265625,3.9538431717670366,0.9856776471148616,-19.831234193037574,0.265625,-49.19881294092243,-12.299470834879598,-95.02145013763956,100.66338118150921,-184.2612924114926,0.5,-218.08242558555216,-64.73633685134142,17.995569471927567,0.76953125,12.83499527009462,3.8184701093798785,-63.27316667154187,0.546875,-83.7034417420599,-24.84066034112153,-134.37898384349234,163.72792893390067,-4.675227684942053,10.450705198397618,-0.8446174122402558,-15.12593288333967,-0.9999999338883796,46.609026411099975,43.975710144450915,0.0
46,train,-1,1,1.7493646931535025,0.29296875,-9.438800692640621,-2.357927817171673,21.118492165791448,0.29296875,10.33396214977056,2.5967168161334775,6.139055322685067,0.29296875,-7.0710003741702,-1.7450824338556519,-2.3678003184704197,18.588862683175968,4.242673902590084,0.625,-13.752191703061268,-4.085145868038798,27.931325327979447,0.625,8.72435917293957,2.5868585511254194,0.8030743889391516,0.62890625,-18.67051775734491,-5.5328520495604305,4.91832605428364,24.935713903142656,0.5498960599747964,0.34710767983586416,0.6321995907908337,0.20278838013893224,0.22607280780003097,9.478633294637698,9.4975297893801,0.0
47,train,1,1,9.923908861892611,0.35546875,-0.9968789964306064,-0.2189743506227126,28.765791085360924,0.46484375,11.241918529002492,2.854038534326936,9.802702139791247,0.390625,-6.925562063557289,-1.679837306472852,5.928683067126687,15.203139058996442,98.79149691561973,0.78515625,12.862161362118552,3.7106718505039398,107.99156363979932,0.796875,23.98034173703836,7.018996189365734,81.00518164359049,0.79296875,-7.041658099379817,-2.2133659527824507,19.903819461498365,21.070090105668992,1.5999512699722411,-0.34442070328099,3.430436770719885,1.9443719732532312,0.9999994856953817,22.832929897601677,22.864188383510857,0.0390625
48,train,-1,1,31.571023942848555,0.5,23.26156745568327,5.836168981215807,2.963342042445031,0.33984375,-4.578182169394491,-1.129462351559978,49.59593014773678,0.5,33.40268887329359,8.365340018158825,-10.141121417610313,-32.910310333882926,55.261460071904956,0.640625,38.02839228622642,11.314375058229329,10.741457615346757,0.640625,-0.6230507991568137,-0.18016294368688243,89.47307296252022,0.796875,68.07634971790687,20.204470416889446,-30.047957431680434,-53.675421801223465,-2.4160085779000733,0.5237078271612366,0.5642899400748542,-2.93971640506131,-0.9999996598312483,31.672765332871563,31.672765332871563,0.0390625
49,train,-1,1,30.399309636186622,0.41796875,17.432305075648845,4.346144728472026,21.457704455202396,0.41015625,2.1614993817724324,0.5338097105906658,-44.44701176829042,0.33984375,-70.94882026164579,-17.736908125845602,88.38112533729462,28.9197569747709,22.38339900262686,0.53125,13.851439201738378,4.094404004238797,17.087251475795004,0.71875,5.1120737906282665,1.516465925417739,-62.38796731390072,0.7265625,-75.54389393748653,-22.441985330278907,89.39533313922492,35.95830115850233,6.578175344726927,-5.069697632272927,0.38747028260946964,11.647872976999853,0.9999999141474228,35.55860666917236,36.12816868082754,0.0
50,train,1,1,147.80767225040353,0.28125,124.13588009661272,31.098423558769117,25.7633925505873,0.28515625,7.543881991075499,1.9322731433755025,227.09949431134868,0.29296875,207.36457363609549,51.915577286063005,-83.22869353948272,-158.20634487527857,97.39797672605823,0.5,59.338738717474854,17.629077756166893,15.72817747828286,0.76953125,-0.8005142145346588,-0.23635388601311838,192.25893698744363,0.51171875,150.57557885425283,44.75168522675978,-91.23684013677791,-105.75767300039851,-9.564920049358713,1.4262342864999538,-3.940964090966127,-10.991154335858667,-0.9999999090177539,114.81360868917827,114.81360868917827,-0.0390625
54,train,1,1,77.72596175466731,0.37890625,56.54956505564736,14.17164608101334,22.551878695736033,0.37890625,4.637613343535326,1.1467929625069002,43.65237681554199,0.30859375,26.49627969754243,6.595572956717784,30.05328535810491,-36.885309033059585,77.7009278826674,0.71484375,62.049773198793105,18.4367602540024,20.07536271359321,0.71484375,10.624046044396378,3.1565410713508038,36.761820612801465,0.515625,18.712823022550758,5.54787899852538,43.33695017624232,-29.757252066275555,1.3978873517497865,-2.963173825881664,0.8096159138911362,4.36106117763145,0.999999770698064,33.584958200262406,33.584958200262406,0.0
55,train,-1,1,141.37338533778103,0.46484375,123.55392348836641,30.93461465594413,21.837279541069005,0.34765625,4.306699152837564,1.0859763852212831,66.34633193643674,0.3671875,46.45587464652407,11.612273504724655,77.09804884184237,-80.69819991460771,180.3731224600675,0.66015625,164.22138067398504,48.78501485738235,13.81150197866364,0.6015625,0.7230384878474445,0.22658078941946438,101.85973860677107,0.71484375,75.95118630128053,22.570495517654876,88.27019437270452,-119.3632449997853,2.9405023926051475,-7.531237240102428,1.1963545021397728,10.471739632707575,0.9999999045048923,80.87585377298177,80.87585377298177,0.0
56,train,-1,1,6.710211632868194,0.2734375,0.1598710563446368,0.05711092624419645,29.27627421397868,0.4296875,19.49042531407497,4.906142407279897,21.14829945370611,0.30078125,11.114518843118486,2.8093534832343345,-10.954647786773846,13.853230364343403,102.8603683162967,0.6953125,27.509530012998265,8.285605607440308,151.44871325675715,0.69921875,67.9331045240147,20.290639585423722,134.43993760310966,0.6953125,45.48608822863207,13.657799894795613,-17.976558215633787,31.4352954031995,-0.11686263611478173,1.882418936836856,7.884613553246367,-1.9992815729516378,-0.9999994998205789,41.012153980048716,41.012153980048716,0.0390625
57,train,1,1,-10.960582415401243,0.39453125,-17.369927381456744,-4.322061222041081,14.039808511387095,0.421875,5.649836098683472,1.4379963563826397,-0.18767702891538907,0.39453125,-7.78744917627906,-1.919921505380052,-9.58247820517769,18.22852437755137,61.15155367265653,0.765625,-9.05433083287938,-2.732341701393212,95.02587361948756,0.76953125,25.58273887004394,7.552497740589655,73.87913098850574,0.76953125,2.6959205644553217,0.7597414523887969,-11.750251397334697,28.761944004255962,0.08819942560020196,1.5595561651064271,3.4674653231358517,-1.4713567395062253,-0.89294544340147,20.902330588065215,20.84702250735689,0.0390625
58,train,1,1,10.373605073153719,0.375,-2.328623105707764,-0.584474210836721,20.431567230104076,0.37109375,8.320066481439767,2.107592808825401,24.40134277356407,0.328125,10.673499740133922,2.714458094814811,-13.00212284584169,4.147628164226686,107.22579575295798,0.76171875,26.702399832982344,7.877024851282865,128.59404233344048,0.75390625,36.46948608117357,10.770744123933,151.62673894894442,0.75,44.82218534267308,13.259504737638553,-18.119785509690733,0.7071934933458591,-0.5612885868048009,1.6028440096501222,5.838134699844041,-2.164132596454923,-0.9999995379213179,37.95162510635452,37.95162510635452,0.0390625
59,train,-1,1,-74.16024578784507,0.25,-114.23791170593631,-28.51690241574026,44.00933709236431,0.359375,27.56618361067717,6.922620337619291,-68.85417516798643,0.26171875,-102.72319063955148,-25.646186841288934,-11.514721066384805,136.04673478342107,-83.33033447164519,0.72265625,-176.29230164925298,-52.264711124465954,189.7763766988373,0.72265625,73.13143986905506,21.75153380514251,-71.83388107196012,0.72265625,-162.38839382830807,-48.1778382313612,-13.903907820944895,242.47178760783552,3.9312016665668703,5.611336479062412,6.292424655088697,-1.6801348124955413,-0.17606789837116724,33.584963103251944,33.14113481037511,0.0390625
60,train,1,1,31.699294786014196,0.375,11.54543819334316,2.952416224569361,23.368380273913715,0.30859375,0.5027572955272357,0.18430485719770295,63.05867852130337,0.30859375,34.79860786451759,8.732001684437202,-23.25316967117444,-22.669265733403147,78.51042165630656,0.796875,38.37631564910307,11.372727837966425,16.44819836550286,0.58203125,-10.4500184222428,-3.093307257480752,53.38545845466508,0.66796875,36.578665006768844,10.862537118434238,1.797650642334225,-47.92750875017876,-1.3865359392203385,-0.17204695064961414,-0.18563192610877463,-1.2144889885707244,-0.7792259348144942,26.34703584387551,26.34703584387551,0.0
61,train,-1,1,-34.31253610006719,0.359375,-44.486333875338765,-11.143015319290495,19.17184694353275,0.36328125,1.9432683920826366,0.5066768413416278,-14.718548367052968,0.390625,-27.55766489687267,-6.85243158492697,-16.928668978466103,37.96526777818837,67.58979209010927,0.77734375,-22.437261842186526,-6.741035189364316,126.79982435030786,0.77734375,28.93642996365829,8.484130805624215,111.00191578763767,0.77734375,2.8547084474093762,0.7364610981873556,-25.291970289595902,38.72770666104685,-0.06278667711806812,2.7564352464953785,4.43008116690076,-2.819221923613447,-0.999999645292328,29.136229568569906,28.97132959740921,0.0
62,train,1,1,-55.10152075501753,0.25,-109.85923135599562,-27.458219028277036,6.456607893638392,0.29296875,-5.127849051131295,-1.2810921926296008,-78.91256473717624,0.25,-131.26009863316557,-32.7757818442325,21.40086727716991,115.43181594344924,-167.99041304657135,0.5,-218.99142195705133,-64.9501766355078,90.90083280158528,0.74609375,27.709294205170764,8.292661217269389,-203.69995332730844,0.5,-257.5614379652996,-76.3807351300324,38.570016008248295,265.98572416634624,6.450378669961107,2.2762498146214947,-1.866642612522101,4.174128855339612,0.47832085259424334,35.35482485047177,36.64396574385838,0.0390625
63,train,1,1,-119.04688115983609,0.25,-172.93763200320498,-43.25923179229288,48.950550787100966,0.32421875,30.53480952379386,7.623634439149885,-83.86611154313033,0.25,-148.87151764734344,-37.21114577809774,-24.06611435586156,191.43938434906806,-211.80937681592508,0.51171875,-248.85844014644667,-73.93016083900248,99.04693631939483,0.7578125,32.61781471302114,9.619882921273522,-215.61458946549638,0.51171875,-289.8154345618592,-86.09511352770264,40.9569944154124,301.9547520671741,6.7493582415589,4.823562668664873,0.9770733257939498,1.9257955728940273,0.16640530263949482,35.36659251739105,36.08163418729254,0.0390625
64,train,-1,1,-1.2718288695528415,0.27734375,-17.35207892727064,-4.327949050122455,27.97539831535611,0.27734375,15.095702995752488,3.787478649168113,-5.221874917351826,0.27734375,-22.62223068751963,-5.644478510034759,5.2701517602489965,35.08285780314763,-14.01355877146895,0.51953125,-31.879502015514863,-9.48388084819509,46.03015049036684,0.7890625,22.323704725449353,6.619085477260258,-26.17961403116616,0.51953125,-44.31920459739418,-13.161129452258491,12.439702581879333,60.42305803190387,1.7498596569214115,0.4847494046520035,1.805946480404767,1.265110252269408,0.5661436301681327,10.728295259448402,10.953548230684913,0.0390625
65,train,1,1,55.599720627398284,0.28125,34.70178648351535,8.6958236539941,8.565717023684911,0.3828125,-6.803318621294061,-1.6896591710250837,6.599170721826283,0.28125,-25.480868449818228,-6.333716171587305,60.182654933333566,-11.413777638142628,22.70028696267474,0.5,-16.219466412621866,-4.950619596399665,85.65627201026604,0.796875,2.7351675279918704,0.6543379206555259,-57.545752746162464,0.5,-105.46488265370377,-31.471274932123226,89.24541624108193,63.577342061154695,5.378221439191782,-4.885018192498018,-3.1384577820021975,10.2632396316898,0.9999999025648881,41.947607701409666,42.39710048484937,0.0390625
66,train,-1,1,-50.69215786532459,0.31640625,-64.93000989786431,-16.209861259634913,23.862299722705437,0.32421875,13.871643161254726,3.4912716149788086,-45.30686682404627,0.25,-62.18892436011969,-15.53615824529236,-2.7410855377445857,77.43111029024674,-61.78169822403592,0.51953125,-84.5934691379391,-25.074819263872605,33.23822616085658,0.60546875,18.81728623198821,5.60721083138682,-61.95270428998176,0.60546875,-77.97677526582311,-23.13040343298461,-6.6166938721159605,100.10240843386933,1.7449353813598156,2.4013931966638196,1.544484526838196,-0.6564578153040039,-0.15832263281321388,11.611623507396938,11.340033251396552,0.0
67,train,-1,1,12.951700210056053,0.26171875,-1.8318278217366888,-0.457519390463141,8.895162670975097,0.34765625,-9.743808444438761,-2.433945968523623,13.399374716994608,0.34765625,-4.746528951950065,-1.1776848032650835,2.9147011302133756,-6.454630057595385,99.41373017587298,0.7421875,14.26137445150242,4.256152857377509,89.59394379899801,0.75,2.808583715966913,0.8634126143701314,101.32627411502997,0.75,8.788522200499978,2.6296784642611875,5.472852251002444,-8.71636461003428,0.3733566557824367,-0.1689727075862297,1.3616839551202737,0.5423293633686664,0.9999981561054524,27.053897343953338,27.053897343953338,0.0390625
68,train,1,1,3.5409206910470914,0.27734375,-11.84224173493947,-2.934622188188916,9.604619892721166,0.28515625,-1.7698059138396731,-0.43043733947180896,22.885467428270744,0.28515625,7.337484152279544,1.8517141829076396,-19.179725887219018,0.48257287749028766,71.76609533557072,0.77734375,11.8252737087879,3.516956273464801,75.8864945186513,0.75,22.74245080309992,6.754429019063824,79.57514328523897,0.75,26.471362973044574,7.855715249536164,-14.646089264256677,3.5941324621836888,-0.8702664258750114,1.6081111868290556,3.3977652612349023,-2.478377612704067,-0.9999995965103979,27.710114551892083,27.710114551892083,0.0390625
69,train,1,1,39.04734507667773,0.5,25.64678521971946,6.42090339954092,18.376605234562533,0.34765625,5.415787825559125,1.3792431758761046,60.71986322098377,0.41796875,41.09779002123057,10.293402311141389,-15.451004801511132,-27.956499794915892,86.14049916163493,0.76171875,61.97195997455284,18.40644642588666,5.640325922564374,0.75390625,-6.787701663150134,-2.0065440024958856,109.11975922903619,0.7578125,76.47858022567097,22.709496262717195,-14.50662025111809,-76.01297176326207,-2.109510779680368,-0.17658803604453255,1.0954186021937584,-1.9329227436358356,-0.845511088509897,39.866757698319276,39.866757698319276,0.0390625
70,train,-1,1,-17.885479681679755,0.31640625,-32.160786303724194,-8.016726443457639,16.42190874199565,0.3671875,-1.1095296933060368,-0.2563863634033308,-7.443631332526607,0.3671875,-27.472120851022922,-6.8558402629545405,-4.688665452701281,28.70692388406753,47.75127794094475,0.76953125,-37.050835102985324,-11.11367819082436,110.0238916024394,0.76953125,13.159055138136342,3.8088731719673445,45.251541704474235,0.76953125,-40.67336933470277,-12.163241148662971,3.6225342317174354,52.02115735698038,0.8011436587629288,0.9470320125892101,-0.3548103937099973,-0.1458883538262813,-0.0834517221382682,21.568294913821745,21.55123024014296,-0.0390625
71,train,1,1,-22.153096484900484,0.25,-42.70644205867865,-10.694709801944759,19.52898357048056,0.34765625,7.265676668305336,1.8315269012185122,-40.35119226609449,0.34765625,-58.826162542042866,-14.683266214301398,16.1197204833642,58.03197896866609,-44.983487083257145,0.51171875,-71.06822237353329,-21.142123162382756,27.133995474771382,0.58203125,11.717554413877828,3.482911730267804,-63.69948675565258,0.55859375,-97.2110304847644,-28.861429312844805,26.142808111231094,95.85718084302671,3.2104992962799592,0.2836193630792804,-0.007277211882104242,2.926879933200679,0.8376587577248048,15.812957813334375,16.564503719760957,0.0390625
73,train,1,1,-74.04403854611633,0.25,-109.07644413523798,-27.258475803179905,22.303760944326434,0.36328125,6.21406577853114,1.5622697522770348,-122.1234971765154,0.25,-170.95459632092147,-42.72256311624142,61.878152185683504,146.2295860066108,-149.5540878067076,0.5,-200.47591535573974,-59.51296132719312,40.89975124207167,0.6875,25.957367598649036,7.733770310840344,-228.02170902766716,0.5,-298.40121561996466,-88.56037830266685,97.92530026422486,275.39593308650103,10.377069415213187,-0.6896863973576799,-1.3506359663888403,11.066755812570866,0.9999999096392903,42.37500388923876,45.413917305335474,0.0390625
74,train,-1,1,5.413989599780166,0.453125,-9.01943352131383,-2.2639698972090105,30.69173113655001,0.37890625,13.973287177457808,3.4771336059606304,-36.55727048413996,0.25,-51.3805404663057,-12.864099738770305,42.361106944991846,44.173274171267565,97.17437735816975,0.77734375,39.77646696201441,11.784875170019252,30.179571534224287,0.74609375,16.435703149155607,4.878522335266251,-35.69765928662099,0.73828125,-55.11673230158653,-16.383675718205495,94.89319926360093,24.105835818941657,5.709477358978198,-3.5569690350543226,3.373827126464973,9.26644639403252,0.9999998920837775,30.819313007784924,31.21699355562346,0.0
75,train,1,1,-67.04036214141266,0.34375,-78.878958966562,-19.712828129373545,24.03647047835865,0.46875,10.13142345893121,2.548014824987916,-74.83065501867576,0.26171875,-97.7983076040756,-24.441651673531446,18.919348637513604,98.47005674425006,-91.16951869163027,0.5,-110.12972206124215,-32.6899963116568,23.952085072706087,0.69921875,11.228984882149463,3.3700353612672664,-105.58412154089194,0.59375,-121.55662416859793,-36.039080807123426,11.426902107355833,127.07215799706952,3.5935113327647445,1.6879102907707162,0.7122331096961504,1.9056010419940284,0.360812072395447,15.90812146567782,16.683402202157325,0.0
78,train,-1,1,25.188653918792568,0.5,14.854440624388934,3.6925551669298238,18.09024061268985,0.44140625,3.892713301429882,0.9991636864434856,31.823759716698035,0.44140625,12.331196338382133,3.1156388272719138,2.5232442860068045,-9.700105179955655,39.83375254847988,0.7734375,26.430675775161532,7.835676618994482,15.782147715212297,0.546875,-2.509214075098199,-0.7452303611592436,40.428253315153015,0.546875,18.536254812836553,5.493987273795693,7.894420962324968,-24.992679369097228,-0.050222870944473995,-0.7674604008882246,0.22624897934263638,0.7172375299437507,0.8771570576210133,15.723471884993272,15.723471884993272,0.0
79,train,-1,1,17.349145765645737,0.5,-1.2030785660599546,-0.3366273108070313,17.49993501421114,0.40234375,0.659583033648921,0.13635155984551967,34.423595516366085,0.30078125,16.770227163755205,4.171253556987044,-17.973305729815152,-7.123991265198702,62.11245098459993,0.76953125,15.000233580648548,4.3636778647748775,47.81565558295765,0.73828125,9.837912068933795,2.8608738434529055,84.55605156474115,0.765625,34.96682318488755,10.345339637729452,-19.966589604239008,-15.145616313834259,-1.346813692093866,1.1630844490335701,1.9923724193778245,-2.509898141127436,-0.9999996015776157,23.456237957413705,23.456237957413705,0.0390625
80,train,-1,1,21.387161031330066,0.33984375,13.109444771102496,3.310736107213544,34.1884371406144,0.36328125,16.453162742189544,4.143401617314882,10.389848376634234,0.36328125,-7.426732914169153,-1.8299968036538516,20.53617768527166,13.611806813722879,107.95159039049672,0.71875,35.77967944371705,10.651830486954319,119.82124404468367,0.74609375,50.12710934923453,14.902720540971435,105.00665666412056,0.7265625,26.586774131193266,7.920285342232351,9.19290531252377,18.943882561779386,1.7723770229686513,-0.13818819354810793,6.962965928685672,1.9105652165167593,0.9999994765949533,37.6311111726908,37.6311111726908,0.0390625
81,train,1,1,34.10316307155112,0.421875,10.967370189149108,2.7622122887995153,22.304789893952112,0.41796875,-1.1593804670256118,-0.2726861912967314,13.832892765935727,0.421875,-10.644484629062045,-2.6467592337593824,21.611854818211153,-1.3208232470691421,27.234685038397373,0.5390625,8.61716924213664,2.5693431564401563,15.120762537187275,0.5390625,-8.43177487184981,-2.500849382273384,15.06463304656931,0.67578125,-3.725951453365616,-1.1078121525268956,12.34312069550225,-10.877383766235319,0.8691316194720082,-1.2256373638842468,-0.708168165558886,2.0947689833562553,0.999999522620618,13.209809017839481,13.209809017839481,0.0390625
82,train,-1,1,96.49456440677932,0.33984375,72.49242419190747,18.12175681557074,14.851305818871692,0.33984375,-6.569885740902923,-1.659604171460029,68.95854986344119,0.34375,52.98673911234425,13.261774351175122,19.50568507956325,-69.30946739302873,205.34784510979654,0.796875,99.86464357415944,29.485384732246242,107.54296954698557,0.796875,-0.6628694044886536,-0.39344012402567063,145.726833364581,0.796875,36.16781014039784,10.511900894617616,63.696833433761626,-68.67909626176733,1.120703291841743,-4.535660986191668,-0.5527182935853999,5.656364278033411,0.999999823208023,55.19925340328726,55.19925340328726,0.0
83,train,1,1,-119.92137310958935,0.25,-165.07764808037604,-41.27294943220093,16.229436872253814,0.3515625,2.0223070097396643,0.5154716801928125,-163.06196053705008,0.25,-232.43371327298448,-58.08493705765049,67.35606519260848,200.77798768642,-183.92833951546106,0.734375,-224.49274356014925,-66.65207178340806,113.35959516229008,0.734375,39.79776547029843,11.818489941332912,-310.0776679629392,0.53515625,-353.03392532066016,-104.80185495425162,128.54118176051094,328.5610999107031,12.612905468490386,-0.29013463886675045,0.8555523357682621,12.903040107357135,0.9999999224988907,46.317188555157685,50.53043971216558,0.0
84,train,-1,1,-76.5919525262371,0.26953125,-132.95460654444662,-33.198113599717885,36.28130429014665,0.37890625,22.523648495856477,5.687903511542823,-14.697584788365333,0.26953125,-35.76209286751954,-8.872885129512252,-97.19251367692709,106.88199820183956,-197.2162963487163,0.5,-275.2722964373149,-81.74260232273075,36.265197635546336,0.76171875,19.227697738527056,5.707139059375954,-76.3541367159336,0.5,-107.63676776831602,-31.94804039394119,-167.63552866899892,210.6822298413426,-5.7811530336387955,12.565222108421159,-1.564836715129766,-18.346375142059955,-0.9999999454933228,58.35812246272026,55.55979649797487,0.0390625
85,train,1,1,24.300955325670053,0.41015625,12.733749728603403,3.203733716247755,22.85580070779249,0.39453125,7.841073734327533,1.97567253068441,-19.102175299381784,0.39453125,-34.827330932562774,-8.693192755924276,47.56108066116616,18.887864336307214,11.405654736729566,0.55859375,-9.859545188084011,-2.9049917111820487,19.256447284972573,0.5703125,6.799733912333292,2.0314988093598845,-45.57770887323208,0.55859375,-66.05783146779753,-19.60368066357316,56.19828627971354,44.75842224027408,4.038082214407669,-2.9874758667223578,-0.6158657192223751,7.0255580811300264,0.9999998576625734,37.506688575641256,37.786106029983344,0.0390625
86,train,1,1,16.695743940160582,0.375,2.248713239605779,0.5772800298226021,9.773465775546045,0.375,-4.332281578948768,-1.0748723570336067,38.089479537005,0.375,25.31288920753021,6.338210889868808,-23.06417596792443,-18.113082802516765,16.340647534788786,0.796875,-7.951117304189106,-2.4002564761623466,38.86209436566009,0.796875,-4.586453786236149,-1.4234457954814912,98.76727313491864,0.796875,31.701722027384356,9.306832068669554,-39.65283933157347,-16.461756147833775,-2.5626218991259617,1.6749625966511101,-0.739039722246862,-4.237584495777072,-0.9999997640165605,17.436906308249586,17.436906308249586,0.0
88,train,1,1,68.84988786091509,0.3828125,54.85324046116675,13.714863118687006,21.367111846151232,0.3046875,1.6322889182956397,0.4323444961265883,108.70039169806486,0.43359375,87.74534753258881,21.976186871625135,-32.89210707142209,-69.66700507858215,151.9550594294385,0.78515625,93.50845153775825,27.715067883073722,70.2428580042325,0.75390625,14.9529575227639,4.396148638396227,221.48291204006415,0.75390625,153.19429924216757,45.45933820157943,-59.68584770440931,-108.39841786719902,-5.101271506323782,1.4494841950934336,3.7702987005551223,-6.5507557014172155,-0.9999998473458799,78.38553181981463,78.38553181981463,0.0390625
89,train,1,1,-13.29126914550779,0.41015625,-22.432678892196485,-5.585652582403974,17.24984413251539,0.359375,4.766332005480985,1.2528685419377936,10.674207056435826,0.35546875,-5.524397646660992,-1.3057561279072833,-16.908281245535484,18.744870274909715,71.35075349831963,0.79296875,-1.2162118131939015,-0.4672121925054171,92.54421971928386,0.796875,27.29466384883799,8.030811099204318,100.48808276054646,0.796875,16.256854459288853,4.730394840766875,-17.473066272482754,19.774342525790512,-0.38359373021938026,1.9546356601963082,3.8072591833794123,-2.3382293904156883,-0.999999572326147,22.756164847441312,22.69067131449495,0.0
90,train,-1,1,-240.36865709792343,0.25,-315.4415509440464,-78.89135017406083,44.305483862285335,0.49609375,30.015792744867884,7.4854142608659915,-205.5475182804104,0.25,-272.3691369807374,-68.12635418973403,-43.07241396330911,323.9211367072599,-374.66167650897836,0.5,-428.6066966501302,-127.26967326108485,69.75551117445417,0.78515625,48.97520936739777,14.520952257642543,-321.74694407161877,0.5,-376.68423137667645,-111.86320871595224,-51.92246527345386,451.6206733808011,5.885546394541007,12.07480926686056,2.1481321516212355,-6.189262872319554,-0.3446069022460361,47.1346392953697,44.05970062912749,0.0
91,train,1,1,14.307756078470021,0.29296875,0.8928090386345977,0.23628956985919158,27.069420617797384,0.40234375,16.38595465944875,4.107809828971474,-1.2513951664554668,0.4921875,-14.530391935688266,-3.6380440530620164,15.423200974322844,23.204746107975577,9.396740020069473,0.546875,-2.6986904934391145,-0.806414910662079,28.137189641707586,0.57421875,13.776045839968205,4.0850542669792365,11.929574533968918,0.67578125,-4.847216621023672,-1.4546249784449958,2.148526127584561,17.548999397199598,1.0353912678795756,-0.053493438965880796,1.8882969186597343,1.0888847068454564,0.9999990816299694,11.51700349498672,11.558143483912788,-0.0390625
92,train,1,1,13.827747960968527,0.32421875,-9.298317496785527,-2.287000686989181,29.223140745069244,0.32421875,-2.003712794296623,-0.4605880629641947,18.921891508055513,0.32421875,-6.8717712537997135,-1.678467837593201,-2.4265462429858182,6.081331580996,114.50794979558005,0.7734375,26.285040001917046,7.790732669728414,113.19575520555998,0.77734375,25.995711829415093,7.686945571657768,130.90592688169855,0.7734375,28.847294540893497,8.525416766470304,-2.562254538976446,-1.570455441990179,0.3933941150856192,0.7131153443360633,4.736533894074378,-0.31972122925044405,-0.28894551021013065,34.12444832159535,34.12444832159535,0.0390625
93,train,1,1,-6.191934008586966,0.2734375,-13.940217549636436,-3.480878426942231,3.03552159244037,0.33984375,-8.059194890359711,-2.017919257120102,4.47856351806279,0.33984375,-9.25612687431354,-2.325852041539794,-4.684090675322888,3.538977321615279,34.16082798181191,0.796875,-19.182033348011366,-5.799098434406042,52.48293028359132,0.796875,-3.1916268726502226,-1.0452730720209489,74.79284004955882,0.796875,1.4773277573377739,0.30781746836518264,-20.659361105349145,5.66072592268658,-0.6296014385105391,0.9192970037019706,-0.8120026321317448,-1.5488984422125096,-0.9999993543802956,11.785584853392473,11.685655426672437,-0.0390625
94,train,-1,1,-10.499982427788837,0.26953125,-20.960717621344244,-5.219867180102502,4.767878271135666,0.48828125,-4.729181283857362,-1.1882858450801823,10.365547398394241,0.2734375,-5.146448581395601,-1.2966361197899907,-15.814269039948648,8.324401817512564,6.844974260186234,0.76171875,-47.355763881766336,-14.082242417376051,83.75132826159448,0.76171875,11.701731428074492,3.427152379778863,78.14885178073992,0.76171875,1.8343577005892566,0.4699117506719168,-49.1901215823556,34.462434518663024,-1.3853705461050319,2.3622854867791947,-0.03154611575490248,-3.7476560328842266,-0.9999997331666182,23.56013252040818,23.350754385974216,-0.0390625
95,train,1,1,-28.33674013851222,0.26953125,-40.678510173470606,-10.162851236759446,14.605527215013407,0.34765625,2.771569786676891,0.7156564337382189,-9.329083243586346,0.33984375,-23.93077863331406,-5.962881475265258,-16.747731540156543,35.07621419006923,22.81857296398399,0.77734375,-42.60096778238936,-12.736165789866899,99.38147367771914,0.77734375,14.972442400436774,4.337488184927973,57.38534996018567,0.77734375,-28.40620319011318,-8.572628964499254,-14.194764592276202,50.47602788668804,0.08228049542462904,1.8315596818459585,0.21174979266080857,-1.7492791864213295,-0.9140148133483328,18.46665096018852,18.233510328780635,-0.0390625
96,train,1,1,53.51868969744598,0.5,10.534420842252118,2.6123635199022845,14.489529785345852,0.31640625,2.9294030186920894,0.781511647043183,61.395406654072474,0.5,15.027969483773429,3.7497700830085416,-4.493548641521311,-9.851792144320683,320.9061564449104,0.796875,180.56093335722872,53.578044708732165,-5.30532035291003,0.53125,-38.94927415773256,-11.554155605956765,342.9208766964579,0.796875,196.14279808013393,58.206395744121274,-15.581864722905198,-227.30113987641386,-2.67937542808899,-1.2567928597164144,5.227925516748492,-1.4225825683725755,-0.3614129536501035,104.45392606015895,104.45392606015895,0.0390625
98,train,-1,1,6.99172214769111,0.265625,-2.7062850468775466,-0.6813944536188309,24.83562150584684,0.359375,12.067028309598987,3.0395763263371625,2.5092585886891854,0.359375,-8.463354290650127,-2.0892781294456633,5.757069243772587,17.65184797836283,45.60133574976891,0.79296875,2.5655828384408155,0.7012463077817201,68.94833173550951,0.796875,17.992623382408848,5.2602517871782934,53.82120788007956,0.796875,-7.813058027941419,-2.434981843750587,10.378640866382236,20.61636097715915,1.1087006533986064,-0.09299188206054036,2.197642394873684,1.2016925354591468,0.9999991678410756,13.028091076301983,13.075317328959976,0.0390625
99,train,1,1,-15.544698265025835,0.26953125,-29.887684320250205,-7.458192131397764,28.146029708536947,0.40234375,19.387154212757753,4.865244950185634,11.074902182525614,0.30859375,2.203238878935616,0.5794921750371859,-32.09092319918583,33.229376933415054,-44.79028231147853,0.65234375,-60.9241108071151,-18.093609691182614,24.240280732749405,0.796875,11.343702288718449,3.3326526960574894,7.720635582080682,0.55078125,-9.485785273520841,-2.8510148237926063,-51.43832553359425,46.548650329036406,-2.0466851921656737,3.677742906216981,0.8061094110902375,-5.7244280983826545,-0.9999998253100907,19.23943731000447,18.752913745051508,0.0390625
100,train,1,2,-4.6052158654991615,0.3125,-23.599172208246546,-5.853522720337098,-43.86430838824997,0.25,-73.27428274671804,-18.316261978075705,-36.894212730591875,0.25,-87.19809063520299,-21.764706191379563,63.598918426956416,-17.875651324993274,-65.80856709291669,0.5,-160.0365622048053,-47.53010978013406,-103.86631591033218,0.5,-153.30241947626544,-45.54525786810961,-155.3279998594563,0.5,-256.8494205891426,-76.26212493939684,96.81285838433733,55.14057192070854,-0.550824775151531,-1.3274049163630863,-1.6015167171031557,0.7765801412115553,0.41346366275450225,129.23010933322655,129.23010933322655,0.0390625
101,train,-1,2,-156.76776479965753,0.26171875,-176.79721420784793,-44.20999169719227,-37.35536968515795,0.39453125,-46.64556347776362,-11.666640111419605,-125.5865580368957,0.28515625,-135.49610372603004,-33.8821876420661,-41.30111048181788,109.50109548917541,-75.76564084112374,0.7578125,-161.15706554915377,-47.8951453016003,35.34688603851953,0.7578125,-35.87932458799301,-10.70290025413549,-40.18406569971418,0.7578125,-118.54703569849227,-35.22116055576843,-42.610029850661405,103.97272603582998,1.5188617580516073,1.876958761906617,-0.4823323657278208,-0.35809700385500975,-0.10545224528155268,118.68887110849481,118.68887110849481,-0.0390625
102,train,-1,2,99.2687597434586,0.5,23.896582077898483,5.868851540061669,84.03683530092803,0.5,15.671382359773437,3.805980432145666,110.26819814381759,0.5,31.702483053299336,7.800544894351933,-7.805900975400845,-12.128150205825474,124.39783401203958,0.51953125,49.96251520197065,14.783369399658541,102.9961005251765,0.51953125,44.78042230695465,13.271564852207437,127.34635748015103,0.51953125,68.06845692767592,20.186536018482435,-18.105941725705257,-14.235063757868629,0.0984808179905684,0.21197150519420657,0.3873218713754062,-0.11349068720363817,-0.3655644141264064,26.518124466435097,26.471288461463892,-0.0390625
103,train,-1,2,-24.769217561795113,0.265625,-33.737876346673055,-8.43860793866727,-7.33592191669876,0.49609375,-21.58678729516471,-5.411404689594723,-43.27346150231026,0.27734375,-55.52862403352677,-13.872733276073442,21.7907476868537,23.046462894935217,40.17061977015805,0.57421875,-14.809229466244132,-4.273987993038746,59.91843768828399,0.578125,11.201366515600695,3.4226972256823034,21.98239002337897,0.578125,-32.7305350548685,-9.600525480924205,17.92130558862435,34.971248776157,0.619360581296442,0.4479159578341709,-0.038757825069773585,0.17144462346227113,0.16063733862695842,33.75216965710007,33.75216965710007,0.0
104,train,1,2,30.63158436424669,0.47265625,2.404756984146392,0.6077494525586514,-45.65440994191812,0.46875,-55.37060720113165,-13.833673951937893,12.712526448188157,0.47265625,-2.552704335372481,-0.6375604617515254,4.957461319518873,-55.29663352551863,139.78018879290494,0.796875,50.83481756164402,14.973986881428688,28.466918235370457,0.796875,-43.336426598754116,-12.96930721374398,128.49674909346098,0.796875,40.504356062092846,11.91296927141954,10.330461499551186,-89.00601341062254,-0.6439535944463527,-0.7163674313470657,-0.040551193100324984,0.07241383690071301,0.05323286363644453,40.40455452395642,40.41119328345654,0.0390625
105,train,-1,2,-32.18951513154065,0.31640625,-40.444700783894454,-10.106742016821373,-8.402801868155139,0.30859375,-22.57315460785748,-5.6425122896312665,-25.605781347134457,0.2890625,-36.09629181591727,-9.011744296476392,-4.3484089679772,15.697341692048386,140.55944664252738,0.69921875,70.91113449087909,21.18885021972112,183.73390040497415,0.77734375,100.14417674140763,29.84490535034868,229.26307714804224,0.77734375,120.45732458950962,35.871109080881645,-49.546190098630504,4.459947201213304,1.436934578726095,1.7412810899823963,1.0168769359001246,-0.3043465112563013,-0.09576015199114049,62.503118324602134,62.426241267173225,0.0390625
106,train,1,2,15.369151862465287,0.35546875,5.073130155369246,1.3054441370287067,14.899277169034832,0.35546875,-0.5241085663292975,-0.08697856246402623,22.01298412757515,0.35546875,7.192900341949963,1.8414212223805084,-2.1197701865807197,-6.657123814988903,89.5334785902745,0.62890625,8.952471644976706,2.8147906917280134,56.19487099334794,0.62890625,-16.97633726898541,-4.928331563638799,67.23199714517736,0.62890625,-7.866250924175781,-2.2277395491137075,16.818722569152484,-17.51944762938587,-0.3107656978590287,-0.39779115182100955,-0.1232186351309853,0.08702545396198086,0.12282053469773671,25.490024822944026,25.491874836882026,0.0390625
107,train,1,2,49.475459330903846,0.5,35.11084145543141,8.777845816593144,41.91155500850225,0.421875,26.615467775611304,6.656913860741814,72.80692684759194,0.42578125,53.78888613070443,13.473912081157266,-18.678044675272996,-17.834396017456612,191.0314209964659,0.74609375,139.86456216007733,41.61228990379146,190.06379708504326,0.76171875,120.24095275543186,35.73565563726052,287.6924040363237,0.796875,179.83873112949598,53.40993147691298,-39.97416896941873,-39.61069388935475,0.5032103586139887,0.8053559908605367,1.2190909555489415,-0.302145632246548,-0.23089803697752287,34.22742249724164,33.9777464417133,0.0390625
108,train,-1,2,30.460723189554017,0.5,6.550627856233078,1.62214666123971,36.54162500254104,0.49609375,23.78260990756001,5.96932856329288,43.67552749805378,0.5,27.000659305234645,6.763576093960522,-20.450031449001578,7.006966326826145,192.41124142745133,0.796875,66.42472625596282,19.54401538828373,163.02088601703426,0.796875,58.986486376120176,17.35315470307367,200.17836526874987,0.796875,88.20423762843355,26.053903714867126,-21.779511372470736,-18.327995566078023,0.4132511784927548,0.6098235542828183,0.654092356262587,-0.19657237579006354,-0.19213863597054415,22.091623135813055,21.963144781600107,0.0390625
109,train,-1,2,181.916353975454,0.48828125,135.58801123820788,33.91160663753282,105.68395869773653,0.49609375,74.46201321795817,18.619598615559397,164.5813074253107,0.5,117.15973476010915,29.29101330961536,18.428276478098738,-51.911859781200285,347.21718267098004,0.6796875,267.83202723699924,79.63459341451777,238.5579414128632,0.67578125,164.8027868263915,49.027437470498285,325.0191971919539,0.67578125,246.74081752265968,73.36156664687503,21.091209714339513,-92.48363555343792,0.35854700132323203,0.1793630174906207,1.6522994128053594,0.17918398383261133,0.33311082607627157,30.797300149026313,31.088565070721174,0.0
110,train,1,2,4.443611474110909,0.296875,-20.461027410711296,-5.0907280053850394,8.884184032132108,0.29296875,-12.281754515238088,-3.0418397956759637,10.249507253941252,0.29296875,-10.283733121955557,-2.5516630549641155,-10.17729428875573,3.0906257510953394,69.7448461995567,0.59375,6.955697065058419,2.2736319572753643,94.84059040275562,0.671875,55.74442980388424,16.69845207418918,127.64338471521592,0.6875,77.7657999873552,23.25963111645784,-70.81010292229675,13.383681277677429,0.4388277108967645,0.8928736037693099,0.4358684754359939,-0.45404589287254543,-0.3409514933421122,38.65702245666845,38.57559055373403,0.0390625
111,train,1,2,217.9061964883635,0.5,152.23370206590576,38.02490017913144,30.560106329528253,0.5,6.889369795344543,1.7375430407611092,181.75647269925628,0.5,129.66547861327467,32.45072974462627,22.568223452631116,-134.0602205442457,339.7169855556942,0.5703125,300.93281957965775,89.474461148786,136.63850927224598,0.5703125,85.9268239083185,25.637687745722307,317.75494016638396,0.5703125,270.9402101607685,80.58271918913067,29.992609418889213,-200.0096909618948,-1.1807166557438684,-1.4242791078830808,1.2055139822995666,0.24356245213921235,0.09349817840084347,57.863950730113004,58.06845935840636,0.0
112,train,1,2,116.15814851238989,0.26171875,99.89102341372462,24.93892832137044,75.76857234754598,0.26171875,55.57245478758059,13.857586850643909,100.32701377303084,0.26171875,79.30879655673034,19.80508461304648,20.582226856994353,-34.027455197646866,108.00145171662369,0.5546875,90.07323583130837,26.733018592860613,72.36735609956713,0.796875,44.33332683939406,13.081007293762802,73.02301478206083,0.5,24.83760897121557,7.301534291135163,65.23562686009275,-13.12209556186789,-0.6463064078968338,-1.0256215323433795,0.27017588575484636,0.3793151244465457,0.22687275476674734,64.6891802438568,64.7784047994076,-0.0390625
113,train,-1,2,195.02456725907325,0.5,121.62165692303618,30.340417900655563,230.9659182917922,0.5,165.56798407214927,41.35449828701876,252.40443785770327,0.5,179.00753088026704,44.72090418087154,-57.38587395723085,15.253390170497664,354.19026675694346,0.79296875,289.09811995164483,85.88348551685647,423.86115424577247,0.796875,344.4204247411921,102.31624675313675,491.78013307980166,0.796875,395.03412097978776,117.36537121083951,-105.93600102814312,2.354304275475917,1.616811126520184,2.363567294782968,2.7896992812435255,-0.7467561682627839,-0.18760929278905286,69.24444678333813,68.47297079451468,0.0
114,train,-1,2,4.313087777001652,0.5,-59.663541237274956,-15.029171556326164,48.95299060626408,0.5,-7.013721552081003,-1.8241627097934785,34.849794944466694,0.5,-23.327024547281848,-5.92984782006589,-36.336516689993104,34.4815613401974,83.3785828344298,0.5625,57.45416355898664,17.14739427313056,150.10662546601282,0.796875,126.28502644355805,37.595379797335276,173.7197492714441,0.796875,133.7814460211786,39.83158817001091,-76.3272824621919,30.66722165347544,1.4262553460480847,2.000343467440634,1.0376762571047535,-0.5740881213925495,-0.16753871261320533,53.050224439781786,52.8774973255885,0.0390625
115,train,-1,2,-15.229278998449871,0.29296875,-37.53450841684069,-9.349691406314932,-10.264595230980191,0.28515625,-28.95445023173494,-7.21776820211592,-10.42560807302634,0.28125,-31.03923172475774,-7.7276052355094915,-6.495276692082945,5.332419839064264,-69.96416723962155,0.7109375,-105.13605498896253,-31.14137782802727,6.9018236522176295,0.71875,-45.56757067402849,-13.481240409489438,-29.71503435747333,0.71875,-79.34413611311817,-23.49726978815695,-25.79191887584438,46.67252487701191,-0.11416724564904633,0.06318896865472945,-0.5761071331469331,-0.1773562143037758,-0.9999943616615544,55.625810198974044,55.625810198974044,0.0390625
116,train,1,2,301.13808055830543,0.34375,247.97991430492857,62.15622435130993,242.68660020436334,0.34375,191.3234104186391,47.98414193411542,292.64373137032567,0.34765625,236.97665530579064,59.410725715038836,11.003258999137916,-51.15487438672047,322.5439935755246,0.79296875,288.37386888160046,85.60656489673563,256.34761776253816,0.79296875,218.32122220445757,64.80090466722278,322.43673423125347,0.79296875,279.5965222994724,83.00200760059806,8.777346582128102,-65.66397338607882,-0.06276028915316621,-0.142034602410305,1.9684443859014622,0.07927431325713878,0.38708937299442725,83.07208632595724,83.13317276598468,0.0
118,train,-1,2,355.84225664631947,0.5,296.15947859232665,74.0824531259067,167.28330048665066,0.48046875,137.30229383202797,34.374657820803776,258.92298953267203,0.5,207.8350381240337,51.98784009316807,88.3244404682931,-114.6949645261523,539.2052224206358,0.640625,477.8306200838646,142.02791241830292,306.8413476479974,0.640625,248.47430588000407,73.90295039449722,433.84874730213465,0.640625,366.776115788576,109.05852429614411,111.05450429528894,-173.82906205621637,-0.13549813839299268,-1.0156570903490525,2.4572707571586565,0.8801589519560598,0.7645868822843234,83.13516762013066,84.00106390861919,0.0
119,train,-1,2,60.69559965024599,0.3359375,48.159130278260555,12.04304966482328,35.711100621872625,0.5,25.3508934426496,6.3352841302082314,55.80378705124991,0.5,45.10815734880224,11.281894852628506,3.05097292945832,-21.28275037088181,192.32659595148579,0.74609375,153.3402645319334,45.70984175105597,182.17541054475134,0.7578125,138.36936996811602,41.25257469819946,253.18170327729834,0.75,188.72038112522327,56.18906439742261,-35.38011659329002,-32.66095286046235,0.6258172237187309,0.8321484761283489,1.3048917963622366,-0.20633125240961792,-0.14151986628450375,32.83817572237993,32.65359635580382,0.0390625
120,train,1,2,-45.09510883620783,0.2890625,-74.20785642282549,-18.59688537450314,-12.52581075396921,0.30859375,-27.31682372610855,-6.845059524075461,2.436809248508837,0.30859375,-15.272462673264494,-3.839101538427488,-58.935393749560994,17.423335821936433,61.96901415394301,0.76171875,23.143584015971136,7.017059228317588,112.27951353941741,0.78125,70.75738442944963,21.12574835859206,166.57137119354024,0.78515625,95.43948268397433,28.42911476813883,-72.29589866800322,11.465851079476895,0.7726501520621892,1.3963474307184636,0.6181725629099725,-0.6236972786562743,-0.2875508004512826,50.61408399607572,50.50147277302681,0.0390625
123,train,1,2,29.43870888381869,0.3671875,18.494482832278877,4.605285127830629,17.603358058585812,0.33984375,4.195286260663682,1.026706611651716,29.24181712021911,0.48046875,19.777897116823063,4.930912773487116,-1.2834142845441954,-14.94090371388729,77.88349451086712,0.796875,56.304669840928156,16.735632927594956,40.23516528158004,0.796875,22.25048431974435,6.604597165528333,71.18026539744412,0.796875,47.12858559533399,13.979987268378494,9.17608424559419,-29.466143398386716,-0.07914913277325818,-0.1290114903148087,0.27774234934829495,0.04986235754155054,0.2395367445826231,10.441317026410873,10.476888017272065,0.0390625
124,train,-1,2,59.46667763117789,0.5,40.44681146267501,10.08652248211927,36.3401336450643,0.5,19.442839366556438,4.843771795067358,68.95948044247201,0.5,51.70440768081345,12.9139824870101,-11.257596218138442,-26.63277020518779,201.84185035995722,0.6953125,168.91248141867388,50.341644438472414,204.75991440666525,0.71484375,159.47747549990524,47.50723418461374,295.5376073614537,0.77734375,224.45480732502176,66.80592135670429,-55.54232590634789,-37.206168871942545,0.6700444172438942,1.03906448211762,1.4857428189042012,-0.36902006487372585,-0.21591359631793347,38.437741307635186,38.11378524415528,0.0390625
125,train,-1,2,32.49560724059955,0.35546875,22.79329172021851,5.73639093085359,40.46085757185095,0.39453125,27.606996814709554,6.961585941908347,50.492313134655994,0.3671875,40.466901053901594,10.183032326307206,-17.67360933368308,-4.023099572350507,146.39300675953874,0.62890625,65.10006562527143,19.56947914292661,165.91702174444734,0.6328125,85.83532769012888,25.709993936073563,196.53062146204798,0.6328125,104.94659941723691,31.424954417576327,-39.846533791965484,0.8119951688746699,0.4165165921274075,0.6648132533961745,0.6932481650751323,-0.24829666126876698,-0.22962136176605727,34.056056775521895,33.92844552279478,-0.0390625
126,train,1,2,257.83778280113665,0.5,212.9865792333269,53.26346841205213,77.32818694489916,0.5,56.26305618182345,14.06891798815752,162.86995721954173,0.5,125.15169320546508,31.294494812303267,87.83488602786177,-112.80608003757251,464.83685251665185,0.796875,375.208764537374,111.44428731140204,256.51765828370003,0.796875,171.0194024310008,50.78738697098735,420.7134328265953,0.796875,294.599088730433,87.47007084851674,80.60967580694088,-163.8845242029027,-0.17604032924510127,-0.8911928733561988,1.8433484205068087,0.7151525441110975,0.6700989739346519,66.6143299815492,67.29068584502242,0.0
127,train,1,2,70.74189383836983,0.48828125,44.30248309463546,11.07290966692052,30.648967512492263,0.4921875,18.795757323577302,4.687651755425261,39.65824902571927,0.49609375,24.412273016525862,6.082360992749127,19.890210078109625,-15.561620732003371,284.05944997226425,0.796875,195.6413964501843,58.160270565294454,222.3153430517707,0.796875,140.73729669416525,41.84173935564401,276.0838433163918,0.796875,180.06777336981443,53.54769814608717,15.573623080369824,-47.117288215834094,1.0422214312002975,0.8909442604083608,1.454275861722398,0.1512771707919367,0.07825355746536966,37.904353077391555,38.038281646473614,0.0390625
128,train,1,2,319.8430936656141,0.5,261.7965240067468,65.45827802802981,140.90072876773647,0.46875,109.48792426048173,27.379804514333443,226.41877402250236,0.5,183.32760106168567,45.84089999419073,78.46892294506105,-113.07413827373445,556.7123881751262,0.765625,469.6626688177077,139.59878932112653,356.1546448264312,0.765625,266.2263996519876,79.15841459148477,520.05197671505,0.796875,396.0733452271856,117.67348518408015,73.58932359052201,-166.6416073704589,0.2043950924723628,-0.44204464909151076,2.6145268560882013,0.6464397415638735,0.9999984530677977,72.91904918470506,73.66487176759045,0.0
131,train,-1,2,32.78577521655344,0.34375,19.590253594834415,4.889369429218034,19.247867015012908,0.34375,-1.0076850480081283,-0.2595994652254419,15.683043651854163,0.33984375,-0.9082067023891778,-0.22431931082289117,20.498460297223588,-10.348708494230747,120.0698460706051,0.6484375,61.53591240604619,18.413213163795344,77.4334133800844,0.6484375,27.811902987145885,8.416969569679427,99.16411053760373,0.6484375,34.95518325315346,10.546770569623439,26.580729152892708,-20.433644842453948,0.19428193843163674,-0.011284735194889105,0.2878837827957803,0.20556667362652584,0.9999951354219155,24.713467665621486,24.783651690831096,-0.0390625
134,train,-1,2,88.67120570839171,0.46484375,72.8510967445399,18.2496939563093,57.21519159811196,0.46484375,44.15605278321575,11.074696621591281,64.83364956675308,0.46875,54.177060081297086,13.56531962802878,18.674036663242845,-19.358025629702773,211.77058761974862,0.57421875,142.5210486715796,42.43794290636134,158.27541555758714,0.57421875,94.9950872725235,28.329662260983486,172.3072627246918,0.57421875,108.1803733536232,32.258259447671755,34.34067531795644,-30.355623740077885,0.22545576453949023,-0.022326412077160244,0.7984092703330026,0.24778217661665047,0.9999959642134965,31.24537561292452,31.43649447149997,0.0
135,train,1,2,-24.951406128170515,0.29296875,-36.11727721485033,-9.029572380484979,1.6590158112849775,0.28125,-8.506592792821907,-2.1019877006136185,-3.7549520787905095,0.27734375,-16.32915951669685,-4.063722168568188,-19.788117698153478,17.716625572951674,19.055945218953376,0.6875,-26.870356922745255,-7.94249694012005,57.64454618155521,0.6875,4.827077488678068,1.4740995382773452,63.84840357163212,0.69140625,7.069121935734919,2.15641380997683,-33.93947885848017,14.727694982183243,0.32318757429538636,0.5488620725788854,0.027507257644729294,-0.22567449828349906,-0.2587859995200895,28.012326319207205,28.012326319207205,-0.0390625
136,train,1,2,86.81892977785628,0.48046875,-15.258886824694976,-3.8337925190202875,63.64757463924052,0.44921875,-7.8736673049660775,-1.9804266893533555,43.288391974358206,0.44921875,-41.44583654903396,-10.355777482480885,26.186949724339,20.478694381898418,209.35352389634255,0.66015625,148.32178854059654,44.14242991105671,132.6555656461951,0.65234375,62.882405381611925,18.783203697460035,146.455007104114,0.65234375,61.3571424428976,18.360944257689727,86.96464609769895,-41.95706011013515,1.5126633497676116,0.9286562516650788,0.9311904306161713,0.5840070981025328,0.23921769953516467,65.22431088519352,65.37064553895486,0.0390625
137,train,-1,2,62.86263606549544,0.48828125,50.01752181448718,12.531756284529742,42.08182889045743,0.31640625,9.88224328805027,2.52485195185027,61.67577205266745,0.31640625,34.69647657662226,8.724482420986396,15.321045237864926,-32.474755907504466,197.50068719816142,0.67578125,130.6640553707615,38.943643077437585,141.6870756155679,0.6796875,69.32541333065785,20.75724854401029,199.73480226103902,0.640625,112.96342559224217,33.74982132357203,17.700629778519346,-52.488327150843986,0.09260530885359311,-0.06332535485195377,0.7519161295958149,0.15593066370554687,0.9999935869343259,32.74568925599342,32.84289290486396,0.0390625
139,train,-1,2,292.6684676559246,0.48046875,245.0096011309909,61.25647287533599,112.06929346521018,0.48828125,78.2122372367167,19.541657074240625,160.62972484503166,0.4921875,121.45791779659011,30.35742350795558,123.55168333440092,-105.02152222707375,379.0007364217001,0.7421875,341.73596225266107,101.49148696408548,194.27432694606458,0.73828125,159.94964096633467,47.52014905840119,260.04725773075654,0.796875,220.67438937522144,65.55425722663347,121.06157287743949,-121.25553484760653,-0.31758186957176315,-1.3748225299493355,1.526562593957082,1.0572406603775724,0.6246970499365818,83.36921364715703,84.07063243358697,0.0
141,train,-1,2,120.03879425844798,0.5,30.322430549313793,7.44903084212647,104.52645039293172,0.5,15.77361162055578,3.7958904921600967,121.0227598978131,0.5,24.32429005831274,5.923349856202347,5.998140491001053,-11.549748683257487,122.01089841681437,0.515625,47.72306212438311,13.998797948715234,104.52645039293172,0.5,29.215543898332957,8.555826751043263,121.51827632372638,0.50390625,62.84736451920506,18.60369538135739,-15.124302394821909,-26.06966942346114,-0.024572940922575903,0.04339568082998458,0.321420494765427,-0.06796862175256048,-0.9999852875450206,27.419462412159888,27.396238168830166,-0.0390625
143,train,-1,2,-32.56334049919679,0.43359375,-53.19204837332368,-13.29795044654598,-22.978348242977475,0.43359375,-38.99691517738719,-9.72468315824809,-4.575456069045547,0.44140625,-20.70764509022394,-5.145090988112837,-32.48440328309974,-2.047068445613373,102.54241086835886,0.765625,34.845618276818854,10.381530393994547,76.89783453637338,0.76953125,12.286558858092258,3.6591348985520002,195.7221551882415,0.796875,77.4498726441919,22.961628853391318,-42.604254367373045,-43.86118660241312,0.3162961892599897,0.6899354336440422,0.3990727075501083,-0.3736392443840525,-0.37132491620646635,49.66113499193163,49.6064267795312,0.0390625
145,train,-1,2,152.52550008019614,0.5,120.69267106179774,30.20386185308169,100.92418534728172,0.5,79.23335570078932,19.852198703547515,155.70329946829239,0.5,118.23755882420993,29.587134902825298,2.455112237587811,-40.2317592422145,300.19362188000605,0.76171875,203.34226626523846,60.344574089430346,248.06309518053752,0.765625,154.30194064351699,45.78919639988604,358.258774152167,0.765625,234.71240595275518,69.65938127349736,-31.370139687516783,-64.72539546547985,0.2142782355358018,0.36817899833017254,1.478144706309111,-0.15390076279437073,-0.2642262635260193,37.046114978265464,36.87169531406398,0.0
146,train,-1,2,105.84807061640929,0.359375,87.39757933060672,21.91118587955317,13.612165040852112,0.359375,-3.8164208720368187,-0.9011443887324596,39.63884751256819,0.38671875,24.162031986161306,6.085266052592529,63.2355473444454,-59.596226530420815,121.62536256583543,0.79296875,108.58378978034092,32.251115196676466,13.4654997493925,0.77734375,1.1574019968994265,0.3589165740789496,40.39778040296869,0.60546875,31.594242801127734,9.394228829818395,76.98954697921324,-68.93161429383491,-0.4580495880583786,-1.0789129235093344,0.18116847750504378,0.6208633354509558,0.4039545056067539,36.81426792179728,37.01587524739427,0.0
147,train,-1,2,-66.6579563313359,0.44140625,-87.59695930403062,-21.89483387645105,-29.565681005995913,0.44140625,-42.65282693399689,-10.643375178608554,-80.15789336906829,0.33984375,-92.0917665676739,-23.019305605414097,4.494807263643199,47.19153600185533,82.8093945309104,0.734375,-9.196582736242046,-2.72464760041926,51.44414901749212,0.734375,-26.276407203180447,-7.799351319642687,-9.239667468560086,0.73046875,-87.40305767860463,-25.94319770026184,78.2064749423626,22.023413004242872,1.0165650789754692,0.698550483904137,-0.19247988902955027,0.31801459507133223,0.1854186484779784,68.79610139248146,68.79610139248146,-0.0390625
149,train,1,2,19.993615495466173,0.26953125,-83.88671637428435,-20.885009184141325,15.036924285577559,0.26953125,-7.833057887877919,-1.922406819849741,20.861883093407656,0.32421875,-20.282274842513587,-4.97784082497534,-63.60444153177075,44.25143772052104,-228.67274130127603,0.5,-438.3809645462321,-130.31835797765152,-36.09104918406598,0.52734375,-74.52007990675693,-22.231841746294997,-88.56505809615177,0.5,-187.91263117994168,-55.92817113031531,-250.4683333662904,238.62671795632994,-0.5471111687924977,1.1130228405728981,-1.6433299939566388,-1.6601340093653958,-0.9999993976393521,181.60811790515058,181.60811790515058,0.0390625
150,train,-1,2,541.6197910613564,0.5,457.0364284711362,114.2941610541327,101.75734634084131,0.453125,68.36669737520826,17.09488879354326,365.48092112918533,0.5,299.0305270700925,74.78738546265394,158.00590140104367,-309.666780395406,689.7532564498904,0.59765625,605.5156315689493,179.9836793911145,230.57677196434676,0.59765625,155.21682072124545,46.26496331078981,519.2585640314492,0.59375,432.3570415554301,128.57150068236612,173.15859001351902,-363.7195158409443,-3.22754056962313,-4.673685515067303,1.9551217281868738,1.4461449454441735,0.18302789300237315,166.53407289116447,167.3515315850421,0.0
152,train,1,2,59.73486908611954,0.37109375,39.392700545148394,9.834382688290649,52.744894007286476,0.37109375,23.358907331082285,5.821744883273823,54.671833899441076,0.375,31.53415624158639,7.871773947695689,7.858544303561999,-12.10452106228511,163.76913528551617,0.5859375,102.18533425820995,30.54746911630265,140.87634147312207,0.58984375,83.15888785136342,24.909247503005634,177.32192612649902,0.5859375,114.04954553753643,34.121517635826144,-11.86421127932649,-24.958552046509737,0.2157672882507821,0.25219779923433927,0.6884242199347554,-0.03643051098355718,-0.07784861330302159,31.75237126357644,31.732341485715715,0.0
153,train,-1,2,276.57348818588605,0.5,227.79950652164686,56.942378915919086,169.00361380467672,0.5,129.81030524034333,32.43744418233324,263.9610854649615,0.5,209.2435812320191,52.29924385920501,18.555925289627794,-88.7112386364897,419.00791978851555,0.58984375,389.6082824276294,115.85434268321524,414.0409332866376,0.796875,332.1151341823769,98.7552463222553,581.1063445366839,0.796875,469.11651006662305,139.45092796925448,-79.50822763899335,-97.24726206474936,0.49627538540131927,0.8495750629619688,2.885407957048081,-0.35329967756064956,-0.2625101588962906,70.26176147547726,69.86195835487969,0.0
155,train,1,2,280.68390119327813,0.5,198.85026517001978,49.70404028900246,68.20084333320538,0.5,43.639966174763664,10.89977660515531,117.75313476063056,0.5,73.60427567132999,18.38309960935726,125.24598949868978,-92.58730424591121,532.0542000905309,0.78515625,449.62216563650134,133.6652169183313,268.4091731468481,0.78125,197.65561880196736,58.814322721892864,423.2637650070095,0.78125,300.7323366912163,89.41541802604114,148.88982894528505,-177.52163236189148,0.6166847280335168,-0.6689356117998775,2.3088257587374494,1.2856203398333943,0.9999992221659917,66.92041508438997,68.14000058005959,0.0390625
156,train,1,2,46.55050908698757,0.25,-38.27704406737766,-9.633399627383627,52.60614353581726,0.25,-21.05757823911315,-5.3159025149310875,40.959221536050755,0.25,-56.21245828749234,-14.103367135689998,17.935414220114676,26.187172938321847,-61.96499215487381,0.796875,-98.7912423262168,-29.417227924720414,-17.728774886097632,0.796875,-63.78163493323133,-19.016198784874458,-94.06551778542308,0.796875,-141.87510889753608,-42.2403250527312,43.08386657131932,56.55154067864518,-0.04649221329803417,-0.3616787012892698,-0.8195463836898658,0.31518648799123566,0.7721905322905807,74.82196625092027,74.82196625092027,0.0390625
157,train,1,2,71.87952668553771,0.33984375,54.90791252615681,13.722613342347868,68.32186072245301,0.33984375,50.85225445501824,12.705748166869977,82.35169206658611,0.48828125,68.8591171953598,17.21095809631492,-13.951204669202982,-11.03126040574008,183.4139985030283,0.6796875,131.297865049606,39.06119566198323,222.29573795118455,0.796875,149.38805546475578,44.39338609693115,298.8647433159209,0.796875,196.8832018739921,58.48657446683746,-65.58533682438613,-14.702477997043305,0.609884108043097,1.0468180730355139,1.3637105291271352,-0.4369339649924169,-0.2637370230121411,44.22598119309585,43.92338352588644,0.0390625
158,train,1,2,43.44021986001374,0.48046875,24.13938974921445,6.030948018998326,27.07828477321355,0.38671875,13.199590627492633,3.3276408364798025,36.372324530954124,0.453125,21.616491500491133,5.449758599948449,2.5228982487233145,-9.678349997360145,163.6174363959735,0.609375,117.15057106043879,34.94081910974347,177.4091677454873,0.796875,129.01905782648848,38.429806710702636,246.0333508458748,0.796875,173.85962703741274,51.776664056737665,-56.709055976973886,-16.48604122243726,0.7923131302728068,1.1260389732401477,1.1961167613490817,-0.33372584296734087,-0.17396476298143995,36.65930017106135,36.43464681105665,0.0390625
159,train,1,2,315.2748948817954,0.5,230.18928545709807,57.50824445703472,66.19569480864706,0.5,30.71948188977554,7.6413163625834555,133.10483272757182,0.5,70.6151309710217,17.604107937806873,159.57415448607642,-119.68272632428433,485.3750640524082,0.6953125,434.34631566620806,129.18743548544737,216.406340632486,0.69140625,159.2063620316108,47.58599866203338,353.94190548668297,0.69140625,274.8484793821434,82.02608220033268,159.4978362840648,-195.3910354925649,-0.03222624400520316,-1.3986473875869059,1.786078696701836,1.3664211435817026,0.9549551815460658,81.01399891674944,82.06067161201585,0.0
160,train,-1,2,61.79880089831357,0.49609375,7.833375886011312,1.925142693375682,1.393971134839603,0.48828125,-16.828632684906186,-4.199708452262814,-62.324772808479224,0.375,-75.07476502149426,-18.76322770846102,82.90814090750557,16.7920618828353,221.2448878754274,0.63671875,153.31224136932772,45.62832059456933,103.2072859898492,0.63671875,39.896409509225066,11.94027173701597,53.68134369404726,0.63671875,-11.364077979489643,-3.262831696646792,164.67631934881732,-31.077672185693988,1.4338964493404402,0.18898021148984454,0.5857871478440532,1.2449162378505958,0.7671041803691357,63.82923499072025,64.02664112371559,0.0390625
163,train,-1,2,159.85949080215914,0.3515625,138.98320624431148,34.80069793586178,173.3184291106275,0.5,158.94635012566292,39.764173666580106,239.11369437879947,0.5,222.83283350603412,55.74840553530109,-83.8496272617226,-21.96166974950985,160.80776042702593,0.578125,53.436039093731935,16.054469365025557,298.01557469475824,0.68359375,255.21908853475463,75.91705919960378,372.91020068288896,0.68359375,327.4713328590186,97.42196802011433,-274.03529376528655,64.7654025583793,-0.043573650428888354,1.4268386210475013,1.7006700210194396,-1.4704122714763896,-0.9999993199190872,117.77167759080194,117.17739597506417,-0.0390625
164,train,1,2,-72.48326849342567,0.48828125,-95.48673838650434,-23.871872887883644,-77.12516608067195,0.375,-83.30998480601536,-20.827727297206355,-68.09503829953056,0.5,-84.52244209690016,-21.144207992251264,-10.964296289604166,6.694605435686869,127.58499349690884,0.76953125,40.59851323392271,12.10482904942489,80.7247105920389,0.765625,3.8116517230549642,1.171530992198976,159.11283525386568,0.796875,47.956381588548176,14.24661126500407,-7.357868354625475,-40.46579568818046,1.1243135602076495,1.2188747477779784,0.43281750409768593,-0.09456118757032894,-0.040355760948576735,90.25181237736099,90.24826453096375,0.0390625
165,train,-1,2,-115.27514212687262,0.265625,-144.30912872678581,-36.07095334371995,-72.76311912954014,0.26953125,-91.30410981645416,-22.813172609985696,-77.89837681160739,0.265625,-108.93338488387218,-27.238573504909475,-35.37574384291365,35.317146988874846,-27.237326123909686,0.76953125,-67.31331327631167,-19.845305189761675,8.182767382743293,0.67578125,-23.91585740582534,-6.955714306456234,7.775639150730967,0.671875,-29.420744515266648,-8.573823055792658,-37.89256876104502,24.451171489963816,0.6149293992110669,0.9279275305214959,-0.32202962800898566,-0.312998131310429,-0.2028690557170638,81.89327508124677,81.89327508124677,-0.0390625
168,train,-1,2,42.814445056828205,0.30859375,26.65470860681232,6.7431918779436675,30.672837057381578,0.3984375,19.286275329841914,4.837939448835241,33.24033139500936,0.26171875,9.21688845079914,2.2722685861096616,17.437820156013174,1.3504768010361905,52.301952861697046,0.625,40.63150939967292,12.09572484316439,35.76907909353601,0.62109375,21.683490588979957,6.4589794121119715,11.282115648556982,0.62109375,-1.9129578725725365,-0.5695627184661489,42.54446727224546,2.324214825429756,0.28062596715207627,0.07848762595468274,0.19762609117843552,0.20213834119739355,0.5628797745272943,20.68321965004397,20.72778112136345,-0.0390625
169,train,-1,2,73.85078735221092,0.37109375,61.08738584845806,15.283973650904793,70.08103000328356,0.37109375,55.242873581413164,13.831102396409669,107.37945185182701,0.49609375,87.23101564313207,21.81796155576219,-26.14362979467402,-18.9163271643819,185.4749912725267,0.73046875,142.92455931532714,42.55661631430878,239.0032815262903,0.77734375,162.38788500311895,48.29939337333668,366.1611168247746,0.77734375,246.68266375429982,73.29587332291152,-103.75810443897277,-32.415726531694574,0.44890329848191496,1.1519200138350512,1.5445270841768748,-0.7030167153531361,-0.43915919438755846,47.91799658974541,47.3908749780381,0.0390625
170,train,1,2,-37.951089434493824,0.296875,-58.894457099887,-14.73357083493926,42.52103979830589,0.30859375,21.5176839472054,5.3943956863927935,12.490049593524759,0.30859375,-0.37443602973798484,-0.08546533054128583,-58.520021070149,51.15213051201788,40.15611875761209,0.578125,-46.34505875948069,-13.609277924770822,132.38584946613548,0.578125,46.46689024811643,13.94246872145619,133.3540860341203,0.578125,34.69360322226036,10.474789062694066,-81.03866198174101,52.292618016726614,0.610058617142972,1.199271385262456,0.24704673393150217,-0.5892127681194839,-0.32565228105645166,45.79962855719027,45.793524237011724,-0.0390625
172,train,1,2,-47.55380638798567,0.3125,-62.66954983978216,-15.663687777440513,-7.466855420083384,0.32421875,-27.973799417484106,-6.9961431499271685,-45.32579580201473,0.31640625,-63.21860503307673,-15.807642423213581,0.5490551932945605,34.97027801894534,41.01373756099577,0.78125,2.5602630220510547,0.8291117992117292,108.81132107711461,0.78515625,50.79334135477789,15.141357748657322,121.57419373069166,0.78515625,42.91596786630276,12.824354360924193,-40.35570484425168,28.05522591060099,1.2490280000509744,1.4933674154791365,0.48533639417613533,-0.24433941542816218,-0.08909704448433318,52.67147067443074,52.65633554800371,0.0390625
173,train,1,2,119.03669282921035,0.5,88.61054350269598,22.154745060566437,38.26186896731759,0.359375,27.28911664771333,6.825408799055018,59.66011391007463,0.5,41.863019821565004,10.464811230176478,46.747523681130936,-37.947665014417154,270.1100284730287,0.73828125,228.78362202539148,68.06690714479579,188.86907411678328,0.73828125,139.10953844413535,41.40714814796174,289.0678227472821,0.796875,197.8484383254418,58.82799133879036,30.935183699949725,-74.20649173128122,0.6196150197544067,0.2875505235821634,1.4670282102083083,0.3320644961722433,0.36604579237557183,36.53933779179892,36.884683320598064,0.0390625
175,train,-1,2,-41.346181792864655,0.3125,-55.23392388420531,-13.783394236803991,-6.877314199587602,0.26171875,-36.66689481098293,-9.162099130305924,19.16852051768994,0.25390625,-15.86350037085674,-3.9588129801145686,-39.370423513348555,-1.1181826834519035,-45.06721937203476,0.75390625,-64.62801345939565,-19.19760806272099,-41.80293240738387,0.71875,-53.10782989915418,-15.745735587367376,-26.136136589996205,0.71484375,-35.797854492641974,-10.589604764875691,-28.830158966753686,-2.89489592313537,-0.3454025774999809,-0.055307016397006366,-0.41512979441764336,-0.2900955611029745,-0.7239528116333029,42.853575786630564,42.853575786630564,0.0
176,train,-1,2,-13.173380878832631,0.3046875,-25.91370514697617,-6.456164617878008,32.89354228981254,0.46875,24.03165922704181,6.016811103716468,41.59183483217599,0.453125,31.66015917910922,7.931142741539131,-57.57386432608541,21.15843221097529,52.67267791951383,0.78125,-1.613987173690814,-0.5093329044887505,187.94425349150922,0.796875,91.54908824320762,27.123823167843806,243.52688885130135,0.796875,109.69432014493384,32.466203873098415,-111.30830731862467,37.508921757586116,0.7856901209387682,1.6443812561527278,0.7822204101586002,-0.8586911352139596,-0.3533603127663668,50.86395003657072,50.65108153521299,0.0390625
177,train,1,2,241.22798713472798,0.48046875,216.17487697807366,54.101128219690196,112.61715205667467,0.48046875,89.73960209024825,22.458175838268698,190.1517639624967,0.48046875,153.74699688178282,38.44715809867171,62.42788009629084,-95.22133483968003,476.65084073595165,0.7734375,397.549880221356,118.20514551772101,341.12616639808937,0.72265625,258.92091946892907,77.03162088256066,488.13606684680116,0.76953125,378.6183603058758,112.59840663074915,18.93151991548025,-129.16320079468665,0.3991576813987023,0.08297699926775293,2.441670986386251,0.31618068213094935,0.6557919166942663,69.03737516980698,69.39765876522348,0.0
178,train,-1,2,-18.76582974554887,0.35546875,-32.63511639911966,-8.141917777278472,-17.558055196372752,0.35546875,-37.56248591925,-9.40231572263171,-37.85495543442791,0.35546875,-52.611214704017534,-13.173967838705812,19.9760983048979,5.060679632318598,83.0755634134593,0.62890625,15.44767667430228,4.7409183947169415,64.07573893656888,0.6328125,1.6539099270774145,0.6190055248158806,55.11627553567671,0.6171875,-16.990971579593555,-4.900454600358482,32.438648253895835,2.425557379723064,0.4539299649034703,0.220864988769989,-0.0057755901918245195,0.23306497613348132,0.345385853108218,39.05296170630666,39.05296170630666,0.0
181,train,1,2,171.04735401255687,0.5,95.75244212127141,23.78639715922633,173.59352789864477,0.5,106.47910895798663,26.48587319279787,201.57180401574442,0.5,121.94566165763997,30.33339467267565,-26.19321953636854,-2.369942931469069,180.5755396508415,0.515625,46.73371893361955,13.82602467195581,190.40035015527684,0.51953125,56.43755692309946,16.73647043701181,221.89176069274032,0.51953125,82.6178566968012,24.514380662627435,-35.88413776318168,-8.238230892110895,-0.4603246348058732,-0.21156126467735148,0.5327465052452044,-0.24876337012852173,-0.37024590049285927,71.35404197036374,71.28539443454726,-0.0390625
182,train,1,2,165.25213031371473,0.4296875,136.93783697610036,34.27159108493144,124.37295997038186,0.4296875,96.13764394780435,24.098593909284073,155.9037175654743,0.43359375,130.53121216506577,32.68483039137798,6.406624811034591,-37.59688062277871,283.940376159197,0.68359375,249.93089232011326,74.34814918589309,302.9032137290977,0.78515625,244.2358806235626,72.67087676038004,419.87722020647385,0.78515625,330.92949373080944,98.4293458242505,-80.99860141069607,-46.19431240189874,0.7295400722372369,1.1306087078011897,2.095151107440424,-0.4010686355639528,-0.21561093620948502,50.53507132513541,50.09445709164481,0.0
183,train,-1,2,161.8350481801649,0.46875,131.30261004091554,32.83834163988089,79.31361698804096,0.46875,60.10833854879846,15.043639463119684,117.42990817369711,0.46875,91.00673213194545,22.764652284009763,40.295877908970084,-51.046332537632,339.80973429468173,0.796875,261.5995404257389,77.71489426850658,240.62501024311499,0.796875,163.76216839596367,48.651249355345584,328.39940905852075,0.796875,232.94724263054664,69.21229651454071,28.65229779519219,-83.51122313217913,0.4448246069797148,0.15873261480876066,1.5931252436732861,0.28609199217095416,0.47400893872872907,41.07368936749988,41.412776728702724,0.0
184,train,1,2,106.52925659084414,0.5,30.48426365057589,7.508860500465556,188.80018427247362,0.5,113.86133180497404,28.36655100433801,195.98473438814995,0.5,118.80949261048484,29.59927956283319,-88.32522895990896,39.21445367444367,264.5310902979167,0.79296875,220.91767012662376,65.72474197423735,350.4145753056552,0.796875,304.5352977366975,90.54535369506503,405.08572948933875,0.796875,340.61643499353033,101.27707133813702,-119.69876486690649,23.768245176620468,1.8847377442288995,2.8904168213823205,2.5987086654217806,-1.005679077153421,-0.21060655790900795,64.75733038869808,63.909281402597344,0.0390625
186,train,-1,2,480.86964632552576,0.5,372.47194133592717,93.14678113175418,323.93091560361614,0.5,231.62861501286727,57.92901461902049,460.59906540616487,0.5,358.98618745190726,89.78890400993335,13.48575388402001,-134.10044938104997,564.7970432090849,0.796875,503.47986317464716,149.394984842502,514.3171874203351,0.796875,397.1775635369162,117.82636070636941,736.8241678496343,0.796875,579.0985572506596,171.84327067059732,-75.61869407601282,-144.11164667573738,-0.09662859017474495,0.2460310235398629,3.5894042497478225,-0.34265961371460785,-0.999997081660512,103.75762207426429,103.4112771066715,0.0
187,train,1,2,586.1211782042848,0.5,405.85834959684615,101.39488081075727,78.49398722356037,0.5,8.51100888136056,2.0514619920480985,213.6742378074694,0.5,77.31913806275801,19.2161789601428,328.5392115340883,-233.07773494844156,828.8849543480385,0.76171875,744.566795122951,221.20392771549712,225.28093786350559,0.75390625,177.24601189177253,52.79953307903096,514.8678353859157,0.7578125,409.2157863430001,121.75531299077004,335.3510087799511,-399.6452788412032,-0.8106865914355935,-3.895895084491553,2.703449520541598,3.08520849305596,0.655509252782478,155.02390311978155,156.8153074607936,0.0390625
188,train,-1,2,90.02935121343766,0.5,27.52116495881071,6.797343592326295,139.25884767034273,0.5,76.7133408294532,19.112957785148744,167.58831533679623,0.5,91.35412804649445,22.755791430837036,-63.832963087683744,17.27569432680061,156.60903521060004,0.671875,141.60034802457434,42.1351866202316,259.1628851237135,0.75390625,229.6123089466219,68.29898973754761,347.2251344132815,0.75390625,296.6479124551683,88.24090637829019,-155.04756443059395,10.488178706750606,1.0964937805718997,2.2229649338048687,1.950289422333924,-1.126471153232969,-0.3393537654197635,58.40033170142114,57.60222681045347,0.0390625
189,train,-1,2,328.90392256868483,0.41796875,303.17987326610114,75.87830579618225,121.35986553181581,0.5,91.92523898731193,23.02031317064358,374.17581417041106,0.5,317.5102909801979,79.43007016953288,-14.330417714096704,-218.41984313583748,431.3577533266151,0.71875,391.40617308108796,116.30292189523243,326.5092704605214,0.796875,248.0156143257608,73.72370209018521,658.9717130302221,0.796875,549.1769391271594,163.1642599577771,-157.77076604607117,-222.27594177836284,-2.1606179228520292,-1.3214489913300111,2.4229211770234222,-0.8391689315220181,-0.24099729017466454,119.71139138226103,119.10158432738044,0.0
190,train,-1,2,-29.899702625342364,0.42578125,-40.032604433738456,-10.01756029619937,-0.2610425874307545,0.38671875,-15.794090966103854,-3.9345193649120658,13.386954796797806,0.3828125,-0.7252503932118292,-0.15743745326421194,-39.30735404052662,4.58483644737128,25.206158360697565,0.55859375,-3.0545004499185593,-0.8059322249810238,34.127629078077476,0.55859375,5.827443236938777,1.7970600167693394,18.111021428526254,0.5546875,-14.93787942915449,-4.409936647831828,11.883378979235925,14.823633176475301,0.19441865023361982,0.27242112746419667,-0.0141503699883038,-0.07800247723057685,-0.16708582659646634,21.2930301519406,21.2930301519406,0.0
191,train,-1,2,29.94476839243316,0.3046875,13.677637841498797,3.478949720674869,78.23196947983544,0.42578125,60.257283595847056,15.115546089763503,134.6823026321622,0.44140625,108.15923236910619,27.096996928823195,-94.48159452760744,-0.6611515094554665,-11.693448910845234,0.5,-116.75718970062955,-34.58936396459625,90.23721937724483,0.77734375,50.4226107678661,14.899714212883783,117.90854069255658,0.73046875,89.78459018551528,26.62469930248655,-206.54177988614478,63.90891052542324,-0.5456057569458244,0.6929578052881651,0.20376043695622417,-1.2385635622339894,-0.9999991926137479,73.55615078669469,73.45744841783608,-0.0390625
192,train,1,2,80.55910221133712,0.484375,54.705005347528555,13.669379741878155,66.89194797134249,0.48046875,42.41243909458167,10.621917998437448,98.77421133005045,0.48046875,74.58777972178456,18.673244660502835,-19.88277437425603,-22.233953440074895,199.0025780640374,0.6875,135.63135070231357,40.30364617003746,213.07045871635677,0.796875,129.4634631297239,38.404241755667975,327.0754503968441,0.796875,195.5011003173679,57.98296536824961,-59.869749615054296,-36.10276238011684,0.448576269059459,0.8678320449644631,1.314546498759319,-0.41925577590500407,-0.3184843585035477,39.75139491373961,39.42908073070753,0.0390625
193,train,-1,2,-484.21632986522457,0.25,-678.2210547913821,-169.62607071233205,-145.06764611133207,0.25,-197.21413339763293,-49.2873246673917,-242.70402967514735,0.25,-367.2808628392537,-91.80515888293635,-310.940191952129,325.53682541768507,-782.1863443184956,0.73046875,-813.1174109360182,-241.38848175979686,-178.72616856300073,0.64453125,-216.02621273154912,-64.08259495411143,-461.6362664972571,0.69140625,-491.85907911769687,-146.02222587721528,-321.25833181832155,436.4620322953084,2.8902878579103115,5.595030928045731,-2.8484471279039316,-2.70474307013542,-0.31875558474673044,444.6340690593846,444.6340690593846,0.0
194,train,-1,2,-117.8669628183477,0.5,-171.40383973323347,-42.95798332976135,-34.84335992737435,0.25,-56.686670626362854,-14.243518843844345,-106.76567421149667,0.5,-126.45709923892863,-31.68808271589353,-44.946740494304876,92.24379885971825,73.2174953450149,0.78515625,20.301431871544178,6.196723381942619,91.36520916746504,0.78515625,62.202722075022024,18.62698464193604,116.5713514935216,0.78125,49.02306764733722,14.74221794754428,-28.721635775793043,27.540472315581333,2.0842742257060602,2.41631433522797,0.4633763342209262,-0.3320401095219099,-0.07377702521555862,100.00905417422729,100.00199679427071,-0.0390625
195,train,-1,2,114.93409699435529,0.359375,104.82510108780873,26.210901938493237,74.28532171083208,0.5,59.89285695760336,14.959028278878154,124.44590221036768,0.5,103.47893249564402,25.862677018171755,1.3461685921647397,-44.259159834122975,211.79679065393393,0.5625,103.34956436506477,30.867576619919447,189.5040295009751,0.56640625,124.97425452358378,37.25461334687396,242.72257283404315,0.56640625,167.2295116059585,49.83405790950332,-63.879947240893586,-10.315283461927867,-0.18958296030771155,0.06226345988450965,0.9083789696215537,-0.2518464201922212,-0.9999960293418959,53.421274803990954,53.289632209609,-0.0390625
196,train,-1,2,78.71045092930225,0.5,3.4290879983521214,0.7486483583965636,79.61998009594139,0.5,11.2059121362993,2.7061054794767254,89.98710691065976,0.5,11.905781681472522,2.854391193872864,-8.4766936831204,3.5384772963869757,118.43378492534502,0.53125,51.542188887699176,15.334671856543299,131.48763816709084,0.53125,55.1551029349035,16.44964213522499,150.25504827389886,0.53125,64.91674885166147,19.39354543695624,-13.37455996396229,-3.0743659347768264,0.3375889079612786,0.44504328920716824,0.4216273919051514,-0.10745438124588963,-0.13729852200834017,37.92544229312355,37.89612054455004,-0.0390625
197,train,-1,2,-197.38924276738297,0.5,-209.12130364045518,-52.30134907692445,-31.0518394442754,0.49609375,-51.171944507852466,-12.818968281006416,-125.81063828801254,0.25390625,-154.27844565752832,-38.618382026319935,-54.84285798292682,130.52793014113925,-48.663192550005704,0.67578125,-120.34694083409826,-35.59159786329028,114.85912264996873,0.67578125,34.372356833654074,10.372541875613353,36.54216667596987,0.6796875,-60.07946050592531,-17.592849177765064,-60.267480328173015,124.58555750366587,2.358383726224347,2.8691947950625045,0.031741110454327766,-0.5108110688381573,-0.0977146434134804,120.51101126009873,120.51101126009873,-0.0390625
198,train,-1,2,10.546351733580991,0.296875,-11.644458862241557,-2.8838873502343754,44.09936908122987,0.30078125,30.89019671657609,7.7582177187434365,56.79714384315335,0.296875,38.50264826702689,9.667491544532497,-50.14710712926843,17.461102014183425,33.332471354780694,0.6015625,-40.795873401066125,-12.002945487473893,120.91669428437632,0.609375,53.112300528467266,15.897130018173831,131.27898610146914,0.60546875,59.95201990492399,17.94689288409269,-100.74789330599008,43.534227276538346,0.0863805215519771,0.717418942409153,0.2726306324593441,-0.631038420857176,-0.7850684954166579,41.11418578535691,41.03176476876008,-0.0390625
199,train,-1,2,264.3868577856844,0.49609375,209.8643686690669,52.46885478623583,109.75340461678589,0.42578125,87.14755663285422,21.79315976756253,176.38731293419715,0.48828125,146.394501929643,36.59829808626655,63.46986673942386,-90.98187866650063,454.6611514220691,0.796875,376.3994349825027,111.81021153692183,292.9989991778982,0.7890625,216.00463276738782,64.20638729809279,479.64083719630355,0.79296875,349.58519689223607,103.8722613012902,26.814238090266613,-146.98768316998158,0.12812246437768565,-0.2134903282945985,2.191086713570798,0.34161279267228417,0.9999970727177256,59.71091533330825,60.12314118803994,0.0
