index,split,y,task,左源投影,右源投影,公共源投影,左右源差,归一选择指数,左模板误差,右模板误差,最佳时间偏移
0,train,-1,1,-5.38177864601886,9.028769304380589,6.459014635225289,-14.41054795039945,-0.999999930606391,50.21740568218285,49.68151110849066,0.0
3,train,-1,1,1.2045524288770573,7.412209849934883,-2.122430531954256,-6.207657421057826,-0.7204163814412834,35.795630660346525,33.59324155995918,0.0
4,train,1,1,-1.3627158536061794,6.368609598612936,-3.0840962850214138,-7.7313254522191155,-0.9999998706560891,34.033578667612346,32.19573618168453,0.0
5,train,-1,1,13.896144274191176,4.336704051485129,-6.552508113310695,9.559440222706048,0.5242976592388126,73.87531118552558,77.28607115878062,0.0
6,train,-1,1,2.4911996436424566,-1.3455999369869422,0.8752239151500524,3.836799580629399,0.9999997393661778,15.723390628715979,15.994180214632852,-0.0390625
7,train,-1,1,-4.800627051052346,2.894892426190587,1.1837097735287905,-7.695519477242932,-0.9999998700542734,42.14411461842499,42.14411461842499,0.0
8,train,1,1,1.7446091776822927,-1.5020489577923808,0.6937391051446441,3.2466581354746733,0.999999691991072,12.438856515637136,12.443230331996704,0.0
9,train,1,1,-2.8046008511671867,1.1830559109120986,0.5272781360236551,-3.9876567620792853,-0.9999997492262226,30.231845823361787,30.231845823361787,0.0
10,train,1,1,0.16165227113095942,8.282196867084982,-5.710500317748146,-8.120544595954023,-0.9617111226549755,50.68203434440726,48.66782654807632,0.0390625
11,train,1,1,-3.48429334344729,2.609986698190784,-0.28611053791169244,-6.094280041638074,-0.9999998359117354,22.899467279262723,22.899467279262723,0.0
12,train,-1,1,-1.227257090177857,-0.06026687585954636,-0.14661571683208846,-1.1669902143183106,-0.9063825907080771,20.771631300343024,20.771631300343024,0.0
15,train,-1,1,4.757222567826906,-1.3953485295541175,0.1571491224874584,6.152571097381023,0.9999998374663499,21.257868520315125,22.482059471535273,0.0
16,train,1,1,-1.4961062955244255,-0.28867307381337604,1.732419471833307,-1.2074332217110495,-0.6765164176245605,36.09858116874008,36.09858116874008,0.0390625
17,train,-1,1,-0.0772060911435965,0.7526021876752628,0.2613353857847237,-0.8298082788188592,-0.9999987949038104,9.537000430042738,9.469823351282772,0.0
18,train,-1,1,-2.785565488087811,1.3622431651194296,-3.157201549143042,-4.147808653207241,-0.999999758908898,40.402105914065196,40.402105914065196,0.0390625
20,train,-1,1,-2.814056459890595,2.8967680638613755,3.3937145841125638,-5.71082452375197,-0.9999998248939674,27.555112329367375,27.555112329367375,0.0390625
22,train,1,1,-8.559161364183316,-4.923820353663386,6.32063868189331,-3.63534101051993,-0.26962439147148237,232.48087313281255,232.48087313281255,0.0390625
23,train,-1,1,-0.6151128802058728,-0.45665567244183236,-0.14511787944346466,-0.1584572077640405,-0.14784634194224586,28.636055247773612,28.636055247773612,-0.0390625
24,train,-1,1,18.707339568847086,-9.190289819363532,-0.08561403110416814,27.897629388210618,0.9999999641546616,80.85368386201309,85.0761302833439,0.0
25,train,1,1,-0.32845545569092727,-0.00399672111612556,-1.71246112291065,-0.32445873457480173,-0.9759531784023504,27.181472052267647,27.17794208534416,0.0390625
27,train,-1,1,-0.24832274043751595,-3.127394177043875,-14.130155479662097,2.879071436606359,0.8528767826532205,70.48691635930707,70.55460726572754,0.0390625
28,train,-1,1,-4.821682683377434,1.3552219055544132,2.3539022024197815,-6.176904588931847,-0.9999998381066401,68.48122809639001,68.48122809639001,0.0
29,train,-1,1,-1.4924494538147342,1.9420126193052987,0.053493092306816314,-3.4344620731200326,-0.9999997088336724,14.776649314754785,14.656793773127626,0.0390625
30,train,-1,1,5.949213743337988,-3.1528872516970647,0.14384592083735306,9.102100995035052,0.9999998901352677,28.246386337268067,29.387726347471972,0.0
31,train,1,1,-1.5249518032325127,2.3828648814921514,-0.9295317573775413,-3.907816684724664,-0.9999997441026985,18.655473425663214,18.361282322995994,0.0390625
32,train,1,1,0.027018095465538124,-0.3478629916883174,-0.9198521976855585,0.37488108715385554,0.9999973324945783,9.833306645427664,9.833306645427664,0.0390625
33,train,-1,1,0.21336206412268444,0.6783317472906821,-1.7213325334377905,-0.4649696831679977,-0.5214448679262863,18.005790830631135,17.955247161471885,0.0
34,train,1,1,0.2578124655605005,0.6517352665212637,-0.9919973387487573,-0.39392280096076315,-0.43309697113112056,12.20435157074444,12.156789066288768,0.0390625
36,train,-1,1,-0.8858080049054228,0.9559146647970354,1.0269413598144974,-1.8417226697024582,-0.9999994570303806,16.035037201766507,16.035037201766507,0.0390625
37,train,-1,1,-3.38157384855101,4.082401652669526,-0.055223968592760304,-7.463975501220537,-0.999999866023158,22.28930723157913,21.970066192970087,0.0
41,train,1,1,-8.763071253405966,3.576769219856349,-6.152176499759836,-12.339840473262315,-0.9999999189616818,60.941985847684066,60.941985847684066,0.0
42,train,-1,1,0.03467090896585944,0.892949115051453,6.206540547015956,-0.8582782060855936,-0.9252466081122103,39.12196188512412,39.12196188512412,0.0390625
43,train,1,1,-2.2814359997482168,1.3785020101913295,0.8723138802677409,-3.6599380099395464,-0.9999997267714031,27.596774411595966,27.596774411595966,0.0
44,train,-1,1,-4.675227684942053,10.450705198397618,-0.8446174122402558,-15.12593288333967,-0.9999999338883796,46.609026411099975,43.975710144450915,0.0
46,train,-1,1,0.5498960599747964,0.34710767983586416,0.6321995907908337,0.20278838013893224,0.22607280780003097,9.478633294637698,9.4975297893801,0.0
47,train,1,1,1.5999512699722411,-0.34442070328099,3.430436770719885,1.9443719732532312,0.9999994856953817,22.832929897601677,22.864188383510857,0.0390625
48,train,-1,1,-2.4160085779000733,0.5237078271612366,0.5642899400748542,-2.93971640506131,-0.9999996598312483,31.672765332871563,31.672765332871563,0.0390625
49,train,-1,1,6.578175344726927,-5.069697632272927,0.38747028260946964,11.647872976999853,0.9999999141474228,35.55860666917236,36.12816868082754,0.0
50,train,1,1,-9.564920049358713,1.4262342864999538,-3.940964090966127,-10.991154335858667,-0.9999999090177539,114.81360868917827,114.81360868917827,-0.0390625
54,train,1,1,1.3978873517497865,-2.963173825881664,0.8096159138911362,4.36106117763145,0.999999770698064,33.584958200262406,33.584958200262406,0.0
55,train,-1,1,2.9405023926051475,-7.531237240102428,1.1963545021397728,10.471739632707575,0.9999999045048923,80.87585377298177,80.87585377298177,0.0
56,train,-1,1,-0.11686263611478173,1.882418936836856,7.884613553246367,-1.9992815729516378,-0.9999994998205789,41.012153980048716,41.012153980048716,0.0390625
57,train,1,1,0.08819942560020196,1.5595561651064271,3.4674653231358517,-1.4713567395062253,-0.89294544340147,20.902330588065215,20.84702250735689,0.0390625
58,train,1,1,-0.5612885868048009,1.6028440096501222,5.838134699844041,-2.164132596454923,-0.9999995379213179,37.95162510635452,37.95162510635452,0.0390625
59,train,-1,1,3.9312016665668703,5.611336479062412,6.292424655088697,-1.6801348124955413,-0.17606789837116724,33.584963103251944,33.14113481037511,0.0390625
60,train,1,1,-1.3865359392203385,-0.17204695064961414,-0.18563192610877463,-1.2144889885707244,-0.7792259348144942,26.34703584387551,26.34703584387551,0.0
61,train,-1,1,-0.06278667711806812,2.7564352464953785,4.43008116690076,-2.819221923613447,-0.999999645292328,29.136229568569906,28.97132959740921,0.0
62,train,1,1,6.450378669961107,2.2762498146214947,-1.866642612522101,4.174128855339612,0.47832085259424334,35.35482485047177,36.64396574385838,0.0390625
63,train,1,1,6.7493582415589,4.823562668664873,0.9770733257939498,1.9257955728940273,0.16640530263949482,35.36659251739105,36.08163418729254,0.0390625
64,train,-1,1,1.7498596569214115,0.4847494046520035,1.805946480404767,1.265110252269408,0.5661436301681327,10.728295259448402,10.953548230684913,0.0390625
65,train,1,1,5.378221439191782,-4.885018192498018,-3.1384577820021975,10.2632396316898,0.9999999025648881,41.947607701409666,42.39710048484937,0.0390625
66,train,-1,1,1.7449353813598156,2.4013931966638196,1.544484526838196,-0.6564578153040039,-0.15832263281321388,11.611623507396938,11.340033251396552,0.0
67,train,-1,1,0.3733566557824367,-0.1689727075862297,1.3616839551202737,0.5423293633686664,0.9999981561054524,27.053897343953338,27.053897343953338,0.0390625
68,train,1,1,-0.8702664258750114,1.6081111868290556,3.3977652612349023,-2.478377612704067,-0.9999995965103979,27.710114551892083,27.710114551892083,0.0390625
69,train,1,1,-2.109510779680368,-0.17658803604453255,1.0954186021937584,-1.9329227436358356,-0.845511088509897,39.866757698319276,39.866757698319276,0.0390625
70,train,-1,1,0.8011436587629288,0.9470320125892101,-0.3548103937099973,-0.1458883538262813,-0.0834517221382682,21.568294913821745,21.55123024014296,-0.0390625
71,train,1,1,3.2104992962799592,0.2836193630792804,-0.007277211882104242,2.926879933200679,0.8376587577248048,15.812957813334375,16.564503719760957,0.0390625
73,train,1,1,10.377069415213187,-0.6896863973576799,-1.3506359663888403,11.066755812570866,0.9999999096392903,42.37500388923876,45.413917305335474,0.0390625
74,train,-1,1,5.709477358978198,-3.5569690350543226,3.373827126464973,9.26644639403252,0.9999998920837775,30.819313007784924,31.21699355562346,0.0
75,train,1,1,3.5935113327647445,1.6879102907707162,0.7122331096961504,1.9056010419940284,0.360812072395447,15.90812146567782,16.683402202157325,0.0
78,train,-1,1,-0.050222870944473995,-0.7674604008882246,0.22624897934263638,0.7172375299437507,0.8771570576210133,15.723471884993272,15.723471884993272,0.0
79,train,-1,1,-1.346813692093866,1.1630844490335701,1.9923724193778245,-2.509898141127436,-0.9999996015776157,23.456237957413705,23.456237957413705,0.0390625
80,train,-1,1,1.7723770229686513,-0.13818819354810793,6.962965928685672,1.9105652165167593,0.9999994765949533,37.6311111726908,37.6311111726908,0.0390625
81,train,1,1,0.8691316194720082,-1.2256373638842468,-0.708168165558886,2.0947689833562553,0.999999522620618,13.209809017839481,13.209809017839481,0.0390625
82,train,-1,1,1.120703291841743,-4.535660986191668,-0.5527182935853999,5.656364278033411,0.999999823208023,55.19925340328726,55.19925340328726,0.0
83,train,1,1,12.612905468490386,-0.29013463886675045,0.8555523357682621,12.903040107357135,0.9999999224988907,46.317188555157685,50.53043971216558,0.0
84,train,-1,1,-5.7811530336387955,12.565222108421159,-1.564836715129766,-18.346375142059955,-0.9999999454933228,58.35812246272026,55.55979649797487,0.0390625
85,train,1,1,4.038082214407669,-2.9874758667223578,-0.6158657192223751,7.0255580811300264,0.9999998576625734,37.506688575641256,37.786106029983344,0.0390625
86,train,1,1,-2.5626218991259617,1.6749625966511101,-0.739039722246862,-4.237584495777072,-0.9999997640165605,17.436906308249586,17.436906308249586,0.0
88,train,1,1,-5.101271506323782,1.4494841950934336,3.7702987005551223,-6.5507557014172155,-0.9999998473458799,78.38553181981463,78.38553181981463,0.0390625
89,train,1,1,-0.38359373021938026,1.9546356601963082,3.8072591833794123,-2.3382293904156883,-0.999999572326147,22.756164847441312,22.69067131449495,0.0
90,train,-1,1,5.885546394541007,12.07480926686056,2.1481321516212355,-6.189262872319554,-0.3446069022460361,47.1346392953697,44.05970062912749,0.0
91,train,1,1,1.0353912678795756,-0.053493438965880796,1.8882969186597343,1.0888847068454564,0.9999990816299694,11.51700349498672,11.558143483912788,-0.0390625
92,train,1,1,0.3933941150856192,0.7131153443360633,4.736533894074378,-0.31972122925044405,-0.28894551021013065,34.12444832159535,34.12444832159535,0.0390625
93,train,1,1,-0.6296014385105391,0.9192970037019706,-0.8120026321317448,-1.5488984422125096,-0.9999993543802956,11.785584853392473,11.685655426672437,-0.0390625
94,train,-1,1,-1.3853705461050319,2.3622854867791947,-0.03154611575490248,-3.7476560328842266,-0.9999997331666182,23.56013252040818,23.350754385974216,-0.0390625
95,train,1,1,0.08228049542462904,1.8315596818459585,0.21174979266080857,-1.7492791864213295,-0.9140148133483328,18.46665096018852,18.233510328780635,-0.0390625
96,train,1,1,-2.67937542808899,-1.2567928597164144,5.227925516748492,-1.4225825683725755,-0.3614129536501035,104.45392606015895,104.45392606015895,0.0390625
98,train,-1,1,1.1087006533986064,-0.09299188206054036,2.197642394873684,1.2016925354591468,0.9999991678410756,13.028091076301983,13.075317328959976,0.0390625
99,train,1,1,-2.0466851921656737,3.677742906216981,0.8061094110902375,-5.7244280983826545,-0.9999998253100907,19.23943731000447,18.752913745051508,0.0390625
100,train,1,2,-0.550824775151531,-1.3274049163630863,-1.6015167171031557,0.7765801412115553,0.41346366275450225,129.23010933322655,129.23010933322655,0.0390625
101,train,-1,2,1.5188617580516073,1.876958761906617,-0.4823323657278208,-0.35809700385500975,-0.10545224528155268,118.68887110849481,118.68887110849481,-0.0390625
102,train,-1,2,0.0984808179905684,0.21197150519420657,0.3873218713754062,-0.11349068720363817,-0.3655644141264064,26.518124466435097,26.471288461463892,-0.0390625
103,train,-1,2,0.619360581296442,0.4479159578341709,-0.038757825069773585,0.17144462346227113,0.16063733862695842,33.75216965710007,33.75216965710007,0.0
104,train,1,2,-0.6439535944463527,-0.7163674313470657,-0.040551193100324984,0.07241383690071301,0.05323286363644453,40.40455452395642,40.41119328345654,0.0390625
105,train,-1,2,1.436934578726095,1.7412810899823963,1.0168769359001246,-0.3043465112563013,-0.09576015199114049,62.503118324602134,62.426241267173225,0.0390625
106,train,1,2,-0.3107656978590287,-0.39779115182100955,-0.1232186351309853,0.08702545396198086,0.12282053469773671,25.490024822944026,25.491874836882026,0.0390625
107,train,1,2,0.5032103586139887,0.8053559908605367,1.2190909555489415,-0.302145632246548,-0.23089803697752287,34.22742249724164,33.9777464417133,0.0390625
108,train,-1,2,0.4132511784927548,0.6098235542828183,0.654092356262587,-0.19657237579006354,-0.19213863597054415,22.091623135813055,21.963144781600107,0.0390625
109,train,-1,2,0.35854700132323203,0.1793630174906207,1.6522994128053594,0.17918398383261133,0.33311082607627157,30.797300149026313,31.088565070721174,0.0
110,train,1,2,0.4388277108967645,0.8928736037693099,0.4358684754359939,-0.45404589287254543,-0.3409514933421122,38.65702245666845,38.57559055373403,0.0390625
111,train,1,2,-1.1807166557438684,-1.4242791078830808,1.2055139822995666,0.24356245213921235,0.09349817840084347,57.863950730113004,58.06845935840636,0.0
112,train,1,2,-0.6463064078968338,-1.0256215323433795,0.27017588575484636,0.3793151244465457,0.22687275476674734,64.6891802438568,64.7784047994076,-0.0390625
113,train,-1,2,1.616811126520184,2.363567294782968,2.7896992812435255,-0.7467561682627839,-0.18760929278905286,69.24444678333813,68.47297079451468,0.0
114,train,-1,2,1.4262553460480847,2.000343467440634,1.0376762571047535,-0.5740881213925495,-0.16753871261320533,53.050224439781786,52.8774973255885,0.0390625
115,train,-1,2,-0.11416724564904633,0.06318896865472945,-0.5761071331469331,-0.1773562143037758,-0.9999943616615544,55.625810198974044,55.625810198974044,0.0390625
116,train,1,2,-0.06276028915316621,-0.142034602410305,1.9684443859014622,0.07927431325713878,0.38708937299442725,83.07208632595724,83.13317276598468,0.0
118,train,-1,2,-0.13549813839299268,-1.0156570903490525,2.4572707571586565,0.8801589519560598,0.7645868822843234,83.13516762013066,84.00106390861919,0.0
119,train,-1,2,0.6258172237187309,0.8321484761283489,1.3048917963622366,-0.20633125240961792,-0.14151986628450375,32.83817572237993,32.65359635580382,0.0390625
120,train,1,2,0.7726501520621892,1.3963474307184636,0.6181725629099725,-0.6236972786562743,-0.2875508004512826,50.61408399607572,50.50147277302681,0.0390625
123,train,1,2,-0.07914913277325818,-0.1290114903148087,0.27774234934829495,0.04986235754155054,0.2395367445826231,10.441317026410873,10.476888017272065,0.0390625
124,train,-1,2,0.6700444172438942,1.03906448211762,1.4857428189042012,-0.36902006487372585,-0.21591359631793347,38.437741307635186,38.11378524415528,0.0390625
125,train,-1,2,0.4165165921274075,0.6648132533961745,0.6932481650751323,-0.24829666126876698,-0.22962136176605727,34.056056775521895,33.92844552279478,-0.0390625
126,train,1,2,-0.17604032924510127,-0.8911928733561988,1.8433484205068087,0.7151525441110975,0.6700989739346519,66.6143299815492,67.29068584502242,0.0
127,train,1,2,1.0422214312002975,0.8909442604083608,1.454275861722398,0.1512771707919367,0.07825355746536966,37.904353077391555,38.038281646473614,0.0390625
128,train,1,2,0.2043950924723628,-0.44204464909151076,2.6145268560882013,0.6464397415638735,0.9999984530677977,72.91904918470506,73.66487176759045,0.0
131,train,-1,2,0.19428193843163674,-0.011284735194889105,0.2878837827957803,0.20556667362652584,0.9999951354219155,24.713467665621486,24.783651690831096,-0.0390625
134,train,-1,2,0.22545576453949023,-0.022326412077160244,0.7984092703330026,0.24778217661665047,0.9999959642134965,31.24537561292452,31.43649447149997,0.0
135,train,1,2,0.32318757429538636,0.5488620725788854,0.027507257644729294,-0.22567449828349906,-0.2587859995200895,28.012326319207205,28.012326319207205,-0.0390625
136,train,1,2,1.5126633497676116,0.9286562516650788,0.9311904306161713,0.5840070981025328,0.23921769953516467,65.22431088519352,65.37064553895486,0.0390625
137,train,-1,2,0.09260530885359311,-0.06332535485195377,0.7519161295958149,0.15593066370554687,0.9999935869343259,32.74568925599342,32.84289290486396,0.0390625
139,train,-1,2,-0.31758186957176315,-1.3748225299493355,1.526562593957082,1.0572406603775724,0.6246970499365818,83.36921364715703,84.07063243358697,0.0
141,train,-1,2,-0.024572940922575903,0.04339568082998458,0.321420494765427,-0.06796862175256048,-0.9999852875450206,27.419462412159888,27.396238168830166,-0.0390625
143,train,-1,2,0.3162961892599897,0.6899354336440422,0.3990727075501083,-0.3736392443840525,-0.37132491620646635,49.66113499193163,49.6064267795312,0.0390625
145,train,-1,2,0.2142782355358018,0.36817899833017254,1.478144706309111,-0.15390076279437073,-0.2642262635260193,37.046114978265464,36.87169531406398,0.0
146,train,-1,2,-0.4580495880583786,-1.0789129235093344,0.18116847750504378,0.6208633354509558,0.4039545056067539,36.81426792179728,37.01587524739427,0.0
147,train,-1,2,1.0165650789754692,0.698550483904137,-0.19247988902955027,0.31801459507133223,0.1854186484779784,68.79610139248146,68.79610139248146,-0.0390625
149,train,1,2,-0.5471111687924977,1.1130228405728981,-1.6433299939566388,-1.6601340093653958,-0.9999993976393521,181.60811790515058,181.60811790515058,0.0390625
150,train,-1,2,-3.22754056962313,-4.673685515067303,1.9551217281868738,1.4461449454441735,0.18302789300237315,166.53407289116447,167.3515315850421,0.0
152,train,1,2,0.2157672882507821,0.25219779923433927,0.6884242199347554,-0.03643051098355718,-0.07784861330302159,31.75237126357644,31.732341485715715,0.0
153,train,-1,2,0.49627538540131927,0.8495750629619688,2.885407957048081,-0.35329967756064956,-0.2625101588962906,70.26176147547726,69.86195835487969,0.0
155,train,1,2,0.6166847280335168,-0.6689356117998775,2.3088257587374494,1.2856203398333943,0.9999992221659917,66.92041508438997,68.14000058005959,0.0390625
156,train,1,2,-0.04649221329803417,-0.3616787012892698,-0.8195463836898658,0.31518648799123566,0.7721905322905807,74.82196625092027,74.82196625092027,0.0390625
157,train,1,2,0.609884108043097,1.0468180730355139,1.3637105291271352,-0.4369339649924169,-0.2637370230121411,44.22598119309585,43.92338352588644,0.0390625
158,train,1,2,0.7923131302728068,1.1260389732401477,1.1961167613490817,-0.33372584296734087,-0.17396476298143995,36.65930017106135,36.43464681105665,0.0390625
159,train,1,2,-0.03222624400520316,-1.3986473875869059,1.786078696701836,1.3664211435817026,0.9549551815460658,81.01399891674944,82.06067161201585,0.0
160,train,-1,2,1.4338964493404402,0.18898021148984454,0.5857871478440532,1.2449162378505958,0.7671041803691357,63.82923499072025,64.02664112371559,0.0390625
163,train,-1,2,-0.043573650428888354,1.4268386210475013,1.7006700210194396,-1.4704122714763896,-0.9999993199190872,117.77167759080194,117.17739597506417,-0.0390625
164,train,1,2,1.1243135602076495,1.2188747477779784,0.43281750409768593,-0.09456118757032894,-0.040355760948576735,90.25181237736099,90.24826453096375,0.0390625
165,train,-1,2,0.6149293992110669,0.9279275305214959,-0.32202962800898566,-0.312998131310429,-0.2028690557170638,81.89327508124677,81.89327508124677,-0.0390625
168,train,-1,2,0.28062596715207627,0.07848762595468274,0.19762609117843552,0.20213834119739355,0.5628797745272943,20.68321965004397,20.72778112136345,-0.0390625
169,train,-1,2,0.44890329848191496,1.1519200138350512,1.5445270841768748,-0.7030167153531361,-0.43915919438755846,47.91799658974541,47.3908749780381,0.0390625
170,train,1,2,0.610058617142972,1.199271385262456,0.24704673393150217,-0.5892127681194839,-0.32565228105645166,45.79962855719027,45.793524237011724,-0.0390625
172,train,1,2,1.2490280000509744,1.4933674154791365,0.48533639417613533,-0.24433941542816218,-0.08909704448433318,52.67147067443074,52.65633554800371,0.0390625
173,train,1,2,0.6196150197544067,0.2875505235821634,1.4670282102083083,0.3320644961722433,0.36604579237557183,36.53933779179892,36.884683320598064,0.0390625
175,train,-1,2,-0.3454025774999809,-0.055307016397006366,-0.41512979441764336,-0.2900955611029745,-0.7239528116333029,42.853575786630564,42.853575786630564,0.0
176,train,-1,2,0.7856901209387682,1.6443812561527278,0.7822204101586002,-0.8586911352139596,-0.3533603127663668,50.86395003657072,50.65108153521299,0.0390625
177,train,1,2,0.3991576813987023,0.08297699926775293,2.441670986386251,0.31618068213094935,0.6557919166942663,69.03737516980698,69.39765876522348,0.0
178,train,-1,2,0.4539299649034703,0.220864988769989,-0.0057755901918245195,0.23306497613348132,0.345385853108218,39.05296170630666,39.05296170630666,0.0
181,train,1,2,-0.4603246348058732,-0.21156126467735148,0.5327465052452044,-0.24876337012852173,-0.37024590049285927,71.35404197036374,71.28539443454726,-0.0390625
182,train,1,2,0.7295400722372369,1.1306087078011897,2.095151107440424,-0.4010686355639528,-0.21561093620948502,50.53507132513541,50.09445709164481,0.0
183,train,-1,2,0.4448246069797148,0.15873261480876066,1.5931252436732861,0.28609199217095416,0.47400893872872907,41.07368936749988,41.412776728702724,0.0
184,train,1,2,1.8847377442288995,2.8904168213823205,2.5987086654217806,-1.005679077153421,-0.21060655790900795,64.75733038869808,63.909281402597344,0.0390625
186,train,-1,2,-0.09662859017474495,0.2460310235398629,3.5894042497478225,-0.34265961371460785,-0.999997081660512,103.75762207426429,103.4112771066715,0.0
187,train,1,2,-0.8106865914355935,-3.895895084491553,2.703449520541598,3.08520849305596,0.655509252782478,155.02390311978155,156.8153074607936,0.0390625
188,train,-1,2,1.0964937805718997,2.2229649338048687,1.950289422333924,-1.126471153232969,-0.3393537654197635,58.40033170142114,57.60222681045347,0.0390625
189,train,-1,2,-2.1606179228520292,-1.3214489913300111,2.4229211770234222,-0.8391689315220181,-0.24099729017466454,119.71139138226103,119.10158432738044,0.0
190,train,-1,2,0.19441865023361982,0.27242112746419667,-0.0141503699883038,-0.07800247723057685,-0.16708582659646634,21.2930301519406,21.2930301519406,0.0
191,train,-1,2,-0.5456057569458244,0.6929578052881651,0.20376043695622417,-1.2385635622339894,-0.9999991926137479,73.55615078669469,73.45744841783608,-0.0390625
192,train,1,2,0.448576269059459,0.8678320449644631,1.314546498759319,-0.41925577590500407,-0.3184843585035477,39.75139491373961,39.42908073070753,0.0390625
193,train,-1,2,2.8902878579103115,5.595030928045731,-2.8484471279039316,-2.70474307013542,-0.31875558474673044,444.6340690593846,444.6340690593846,0.0
194,train,-1,2,2.0842742257060602,2.41631433522797,0.4633763342209262,-0.3320401095219099,-0.07377702521555862,100.00905417422729,100.00199679427071,-0.0390625
195,train,-1,2,-0.18958296030771155,0.06226345988450965,0.9083789696215537,-0.2518464201922212,-0.9999960293418959,53.421274803990954,53.289632209609,-0.0390625
196,train,-1,2,0.3375889079612786,0.44504328920716824,0.4216273919051514,-0.10745438124588963,-0.13729852200834017,37.92544229312355,37.89612054455004,-0.0390625
197,train,-1,2,2.358383726224347,2.8691947950625045,0.031741110454327766,-0.5108110688381573,-0.0977146434134804,120.51101126009873,120.51101126009873,-0.0390625
198,train,-1,2,0.0863805215519771,0.717418942409153,0.2726306324593441,-0.631038420857176,-0.7850684954166579,41.11418578535691,41.03176476876008,-0.0390625
199,train,-1,2,0.12812246437768565,-0.2134903282945985,2.191086713570798,0.34161279267228417,0.9999970727177256,59.71091533330825,60.12314118803994,0.0
