index,split,y,task,重建F3中期峰幅,重建F3中期峰时,重建F3中期均幅,重建F3中期面积,重建Fz中期峰幅,重建Fz中期峰时,重建Fz中期均幅,重建Fz中期面积,重建F4中期峰幅,重建F4中期峰时,重建F4中期均幅,重建F4中期面积,重建中期双侧差,重建中期中额与双侧差,重建F3晚期峰幅,重建F3晚期峰时,重建F3晚期均幅,重建F3晚期面积,重建Fz晚期峰幅,重建Fz晚期峰时,重建Fz晚期均幅,重建Fz晚期面积,重建F4晚期峰幅,重建F4晚期峰时,重建F4晚期均幅,重建F4晚期面积,重建晚期双侧差,重建晚期中额与双侧差
0,train,-1,1,-34.838014118729134,0.25,-42.658177976395955,-10.675424406267418,29.50740011957587,0.5,20.940162663956617,5.23621756692334,-11.05495855747111,0.5,-15.139491215377955,-3.791458495480133,-27.518686761017996,49.83899725984357,-28.3223084621209,0.796875,-37.91105892993135,-11.259908085827119,42.89876329874981,0.796875,36.99682142271792,10.986531905625462,8.920112320433418,0.796875,-1.4242832020893201,-0.4242280603217144,-36.48677572784204,56.66449248872828
3,train,-1,1,-115.62058399346022,0.25,-170.1592430875231,-42.564975938968416,2.3049790664178085,0.29296875,1.9727643703550064,0.49418595987423497,-107.44200936790244,0.25,-158.30496935152232,-39.59955767593676,-11.854273736000712,166.20487058987766,-211.81333663271187,0.5,-231.7406545176018,-68.82089564890619,1.1954937330399522,0.5,-0.4181106476364685,-0.12396516198836272,-197.23047625038004,0.5,-216.0231811156877,-64.1531904544849,-15.717473401914107,223.46380716900825
4,train,1,1,-75.38677653235483,0.25,-113.00998862322216,-28.268115545133995,-1.4210660302158202,0.25,-3.9123184175066195,-0.9776918017324195,-65.20077271858877,0.25,-98.24608623037756,-24.57483607779747,-14.76390239284456,101.71571900929324,-142.63658537792617,0.5,-158.74358457729628,-47.142364957309425,-6.602125758645919,0.5,-9.595683615967577,-2.849387681931909,-124.47436539819226,0.5,-139.16826108335124,-41.32897263790287,-19.575323493945046,139.36023921435617
5,train,-1,1,-235.82516038877196,0.25,-349.76266473702094,-87.49096140822418,1.7088913410713262,0.25,-1.4590997623760165,-0.36288160812332865,-248.41970128188672,0.25,-368.01757371097375,-92.05753728346647,18.254908973952794,357.4310194616213,-437.9490144131995,0.5,-482.66609895073503,-143.33875782168448,-5.596477090809168,0.5,-11.30069648462526,-3.355402292096307,-460.4057920098624,0.5,-506.87011622267516,-150.52675898810227,24.204017271940003,483.4674111020799
6,train,-1,1,-10.095314333951364,0.25,-12.414387010057764,-3.1058527617184795,5.059738884361891,0.5,3.840298974489948,0.9603740327195562,-16.003376857123513,0.25,-20.31735191886117,-5.0827147182995365,7.902964908803402,20.20616843894942,0.0,0.765625,-11.493141730462257,-3.4304012568700974,6.6230645257344625,0.76171875,5.2451135008378715,1.5677494926653717,0.0,0.765625,-20.14692799127055,-6.015086862949607,8.653786260808298,21.06514836170428
7,train,-1,1,41.88171091921511,0.5,32.91762837248401,8.233769838562282,2.5512587140050345,0.5,1.5156460535331997,0.3787648638409732,59.959816474051834,0.5,47.613154919182115,11.90994467448665,-14.695526546698122,-38.749745592299874,49.93873972974991,0.796875,47.062893198564126,13.976299027206856,4.71942296650643,0.796875,3.7015641612416372,1.0991605452162114,69.8269338149637,0.796875,66.54755778188557,19.762767867424536,-19.484664583321408,-53.10366132898321
8,train,1,1,4.05570583356317,0.5,2.635973177286863,0.6589510313565861,3.0037744357249476,0.5,2.114566776606757,0.5287471062420568,-3.0395855982537903,0.25,-3.5639137775850878,-0.8919881838290751,6.19988695487195,2.578537076755868,6.726123546602572,0.796875,5.4980368056076445,1.6326481224285385,4.425520118652929,0.796875,3.795308521735595,1.1270473003767654,-1.6644948278430292,0.796875,-2.7223367472769002,-0.8086017751669504,8.220373552884544,2.407458492570221
9,train,1,1,34.8222255227816,0.5,27.804370266998507,6.955086607785265,0.27906451539496335,0.5,-0.021820401186851007,-0.005629183184768535,44.1899205919071,0.5,35.41928385139651,8.860003291630958,-7.614913584397974,-31.63364746038437,40.029850214902,0.796875,38.38796427918304,11.400184420422866,1.1590171783021315,0.796875,0.7247546118094229,0.21518384477530084,50.34286173317268,0.78515625,48.48450873109381,14.39861118907577,-10.096544451910768,-42.71148189332899
10,train,1,1,-101.21090530947576,0.25,-170.07780757931053,-42.54382369086721,-1.927477285176118,0.25,-6.45779027139072,-1.6134287789025086,-92.46720436230066,0.25,-155.96880089635803,-39.0141973875917,-14.109006682952506,156.56551396644358,-226.46635027688149,0.5,-260.40336958299787,-77.33521655843852,-11.509723197532765,0.5,-17.333672443199433,-5.147112832590517,-208.20784971728764,0.5,-240.1526908378496,-71.32099756201151,-20.250678745148328,232.94435776722423
11,train,1,1,9.600905214473357,0.5,8.077043929373398,2.020708457105632,-0.9649633956604342,0.25,-1.570510580483098,-0.3927801064091966,23.91742253331971,0.5,19.71480982675644,4.931965974989603,-11.637765897383044,-15.466437458548018,10.023920280427475,0.63671875,9.883195575142715,2.9351227752671862,-2.0979975856336437,0.5,-2.4912891863258624,-0.7398245292644212,25.74431704714781,0.6953125,25.313603209000156,7.517576457410721,-15.430407633857433,-20.089688578397293
12,train,-1,1,25.496579285256626,0.5,20.865605691558823,5.219753311546207,-1.0169410283511064,0.25,-1.56205555043003,-0.39071018343816377,28.238041033004208,0.5,23.094114855230757,5.777228355607036,-2.228509163671925,-23.541915823824816,27.80240716123987,0.71484375,27.242194554757713,8.090293906020863,-2.006666607212896,0.5,-2.28068624002955,-0.6772939781590729,30.829688943817878,0.71875,30.196954524536547,8.967785351784984,-2.954759969778819,-31.00026077967667
15,train,-1,1,-36.53423496242588,0.25,-52.76314844250729,-13.199123416314048,4.350037287521043,0.5,3.4619924744413173,0.8659874851058207,-44.64023348101131,0.25,-64.5122281712228,-16.138226762269195,11.749079728715518,62.0996807813064,-64.72387341072945,0.5,-69.50444252504154,-20.64114997523326,5.039521147004063,0.796875,4.814851619221059,1.429878107276402,-79.17732649612674,0.5,-85.08244015236433,-25.2674342757928,15.577997627322826,82.10829295792401
16,train,1,1,48.38686159228182,0.5,35.89739004050277,8.979098905830268,4.316856188210426,0.5,2.5967136841858003,0.6489766561588407,51.10169430993815,0.5,37.99523990673315,9.503914453413543,-2.097849866230391,-34.34960128943215,61.51023264035255,0.796875,56.46567868743383,16.76917465553159,7.794292114005891,0.796875,6.173719630234807,1.8332845210037956,64.64249393539505,0.796875,59.4767257902688,17.663421061437624,-3.011047102835017,-51.79748260861649
17,train,-1,1,-8.01788888284584,0.25,-11.304277669887808,-2.8280042946073833,1.7796121734622399,0.5,1.3233821906764132,0.3309674648255837,-6.924618350518495,0.25,-9.719658252561445,-2.4316021644774355,-1.5846194173263686,11.835350151901045,-13.60000936358949,0.5,-14.233688329015578,-4.227107924452359,2.3800807158708457,0.796875,2.1282105546672243,0.6320014307215228,-11.650646270022316,0.5,-12.132655899812843,-3.603152678423891,-2.1010324292027405,15.311382669081429
18,train,-1,1,5.2820865199113065,0.30078125,4.3668786383284015,1.0948062062717265,-4.164007710092711,0.25,-8.569919963907088,-2.142758183053663,12.25741727668948,0.40625,11.573471658809678,2.8976673752884397,-7.206593020481279,-16.54009511247613,2.1303395187821828,0.5,-2.7388107923133056,-0.8125144377052873,-12.833397874353249,0.5,-16.759255647255095,-4.976870330776336,11.456409429586646,0.5,7.604823127793026,2.259426033884783,-10.343633920106333,-19.19226181499495
20,train,-1,1,16.43844770767914,0.5,9.778085003823518,2.4436392268956517,12.257687745370372,0.5,8.024147580752413,2.0061360192296136,29.278854102912724,0.5,19.70033349574496,4.925871325278414,-9.922248491921447,-6.715061669031831,30.0996243242586,0.796875,23.71580305738517,7.042374216416753,19.654261032119955,0.796875,16.309929137926932,4.843392848561051,44.914352208902244,0.796875,37.95722140487338,11.27191189460681,-14.24141834748821,-14.526583093202332
22,train,1,1,322.6871870164493,0.5,243.9053628343822,61.012683687386044,8.345681315641498,0.5,3.752525358568386,0.936432257184137,330.86100776093036,0.5,250.22157106477516,62.59279880164826,-6.316208230392856,-243.3109415910103,393.0389517137159,0.796875,368.1087231713501,109.32229927667531,19.894469497427288,0.796875,14.312484695712426,4.249770492825477,402.46956678772887,0.796875,377.1743864483898,112.0146971455144,-9.065663277039505,-358.32907011415745
23,train,-1,1,22.694695376768824,0.5,19.385910588518286,4.849308946174256,-1.0505587147979485,0.25,-1.4947345876788267,-0.3738549433429225,23.079772446171148,0.5,19.712297653099018,4.930951997679021,-0.3263870645807241,-21.043838708487485,23.940219158083785,0.67578125,20.879363818636026,6.235795571666367,0.0,0.765625,-1.809175218885521,-0.5405503457353459,24.351202297276735,0.67578125,21.236759293342978,6.342541325641891,-0.3573954747069576,-22.867236774875025
24,train,-1,1,-98.09606703134818,0.25,-142.28729065967008,-35.59397025336203,10.223332978364533,0.5,8.350830202241527,2.0890383891355024,-134.85113071344705,0.25,-195.5611930228247,-48.920759100062064,53.27390236315462,177.27507204348885,-175.1389490044054,0.5,-188.90461291494393,-56.10003337205565,11.187621456482992,0.72265625,10.949913743915921,3.251864785025515,-240.67530302198696,0.5,-259.5399940489336,-77.07701402270516,70.63538113398948,235.17221722585467
25,train,1,1,-0.6257689366998943,0.25,-3.037511150471564,-0.7586135293016785,-2.0349861581519404,0.25,-4.2875621185958614,-1.0719807043332943,-0.27641180784003727,0.25,-2.4737816615972554,-0.6175862779454949,-0.5637294888743087,-1.5319157125614502,-5.840553622144139,0.5,-9.244909057505646,-2.7451540022881846,-6.493968640663356,0.5,-8.57241028395515,-2.5456708516561903,-5.111029891709759,0.5,-8.435787264959206,-2.5048541231386174,-0.8091217925464445,0.26793787727727736
27,train,-1,1,4.140615494101237,0.25,-10.05041094439242,-2.503769737359603,-17.113144759973295,0.25,-35.89739978436411,-8.975181383053492,1.040609164503298,0.25,-15.052641725812636,-3.7551693388984124,5.002230781420219,-23.345873449261585,-28.76393273699925,0.5,-54.734686108243665,-16.251630570252374,-54.25595908397494,0.5,-71.47925636649076,-21.226566350863205,-35.237332004159136,0.5,-61.91439555483632,-18.383921812730808,7.179709446592661,-13.154715534950784
28,train,-1,1,86.96633188562664,0.5,68.45174996364513,17.12208011714072,5.432080631126432,0.5,3.3055659270643245,0.8261453579196074,101.47694854913901,0.5,80.24729744182399,20.072807651634907,-11.795547478178886,-71.04395777567022,103.35696404141001,0.796875,97.55594243018058,28.97127312172026,9.779564760214297,0.796875,7.747463921322405,2.3005816376802914,119.32047081620368,0.796875,113.19555122259904,33.61585443147441,-15.639608792418432,-97.62828290506737
29,train,-1,1,-6.21796959537614,0.25,-9.970095025954535,-2.4942416279446475,0.6693008745088516,0.5,0.49437208965855733,0.12365650337475705,-2.519952925812051,0.25,-4.00290307602785,-1.0014393253840013,-5.967191949926683,7.48087114064975,-12.842670271053699,0.5,-14.157491967720338,-4.204627432788474,0.8590915551611993,0.796875,0.7851199634142939,0.23316422253150615,-5.120512361200014,0.5,-5.592772288722137,-1.661004058937669,-8.564719678998202,10.660252091635535
30,train,-1,1,-27.72447236141823,0.25,-40.010153281710515,-10.008875855638852,3.670025460928592,0.5,2.915491000993899,0.7292811427841782,-39.71646985547009,0.25,-57.39171760609672,-14.356979285295564,17.381564324386204,51.616426444897535,-49.051016173855544,0.5,-52.633772748322876,-15.630971085335245,4.2699262540797545,0.796875,4.071234838123385,1.2090433854609235,-70.43342486577413,0.5,-75.67983031678656,-22.4750865403135,23.04605756846367,68.22803637067813
31,train,1,1,-12.711758617491748,0.25,-21.612618508324072,-5.406099821718543,-0.5764683575509937,0.25,-1.4751051395690027,-0.3686818010789939,-8.504062933554746,0.25,-14.822998542687248,-3.707552095540755,-6.789619965636821,16.74270338593665,-29.005538744742164,0.5,-33.67231402030072,-10.00003116328748,-2.422117633974492,0.5,-3.429975016564696,-1.0185347877349167,-20.219074698921236,0.5,-23.927162159830864,-7.105832989493173,-9.745151860469857,25.369763073501097
32,train,1,1,1.4323845210042898,0.29296875,1.1365593242640182,0.2850162532586138,-1.165456747330769,0.25,-2.419834019524729,-0.6050265939597979,0.9757329831027581,0.25390625,0.4852237270675515,0.12207273017544137,0.6513355971964663,-3.2307255451905146,0.4450231942455032,0.5,-0.9927714548381371,-0.2945850657480745,-3.639349683467659,0.5,-4.772275615283716,-1.4171839854923232,-0.3978718183611827,0.5,-1.9276344278667095,-0.5722286312898801,0.934862973028572,-3.3120726739312927
33,train,-1,1,-16.309753000812506,0.25,-25.72844187610308,-6.434999836855623,-1.9769974763023386,0.25,-3.8995052876945406,-0.9749276411197856,-15.69715649387392,0.25,-24.840525947540833,-6.212882297710328,-0.8879159285622611,21.384978624127406,-33.6677744225083,0.5,-39.08308770564087,-11.606387849546712,-5.7957376706576875,0.5,-7.630773956624152,-2.265988215672879,-32.5754802587462,0.5,-37.905808076275626,-11.256764592630281,-1.1772796293652554,30.863673934334106
34,train,1,1,-11.47278910879449,0.25,-19.687359798985938,-4.924414585355955,-0.6182685684943194,0.25,-1.5791729753048802,-0.3946932418765594,-11.048637362913976,0.25,-19.002940254748495,-4.753194507280919,-0.6844195442374548,17.76597705156234,-26.583717057129146,0.5,-31.08718381037917,-9.232259753755402,-2.5912783803416963,0.5,-3.6675623119244065,-1.089086857210316,-25.69800802655964,0.5,-30.104835397857666,-8.94051355808223,-0.9823484125214926,26.928447292194008
36,train,-1,1,3.9071113398722517,0.5,2.1342100861956723,0.5331468268735773,3.757065111485746,0.5,2.465111054004245,0.616313985209319,8.048101392698676,0.5,5.334103535204476,1.3336587508594917,-3.1998934490088033,-1.2690457566958306,7.876908936742755,0.796875,5.992806694166494,1.779508223877002,6.002636900505736,0.796875,4.988501147120711,1.48138569266523,12.654611364324179,0.796875,10.585618627048898,3.1435206168134933,-4.5928119328824115,-3.30071151348699
37,train,-1,1,-13.639254394676868,0.25,-19.83615478411943,-4.962097969066443,0.5600051545707867,0.5,0.4812672143693677,0.12040977989019933,-3.80548353725338,0.25,-5.582789504952037,-1.3965324481572006,-14.25336527916739,13.190739358905095,-24.466707378829156,0.5,-26.460024122164548,-7.857969331163679,0.5717355673954092,0.58984375,0.5591712218162801,0.16606547134400154,-6.932538650024483,0.5,-7.561617129695385,-2.245604657189212,-18.89840699246916,17.56999184774624
41,train,1,1,49.65977111248246,0.46875,46.056120637956,11.525239686444712,-12.276998217223884,0.25,-21.490196885974232,-5.373911276162604,78.4359005165175,0.5,69.62054066094515,17.420021859535943,-23.56442002298913,-79.32852753542478,49.44748209133205,0.5,43.30228991770998,12.860912415617523,-30.00602356417432,0.5,-37.28751542444675,-11.072890330722107,78.66462329571634,0.53125,74.54613945174451,22.13957158904231,-31.24384953403455,-96.21173010917401
42,train,-1,1,24.66026689233454,0.5,13.707457802980121,3.424548690904036,23.24183117967689,0.5,15.311997603806857,3.828287920959605,26.590047945924084,0.5,15.19866972878218,3.7976026524865123,-1.491211925802063,0.8589338379257058,48.81354532285553,0.796875,37.379830520341564,11.099648609213697,36.89571811698732,0.796875,30.742674854108053,9.129364019992138,51.04004659593693,0.796875,39.52016926487127,11.735304633297485,-2.140338744529687,-7.7073250384983645
43,train,1,1,22.307313769470028,0.5,17.30242348817105,4.327735510322491,2.4365648671534856,0.5,1.5692697446747192,0.39227995209864763,30.905140838000953,0.5,24.29151842105861,6.0760998738941145,-6.989094932887558,-19.22770120994011,27.38805287986274,0.796875,25.459746130166913,7.560753002727288,4.09007110766983,0.796875,3.3275571554457226,0.9881194647730819,36.84674604499355,0.796875,34.72652334128381,10.312759194677167,-9.266777211116887,-26.765577580279633
44,train,-1,1,-83.00201127606857,0.25,-121.3304516954031,-30.350993978562293,3.105535428770719,0.45703125,2.901658525301683,0.7261408270536628,-63.07362888049319,0.25,-92.44565075532029,-23.125286344392794,-28.884800940082798,109.78970975066339,-150.2477921024432,0.5,-163.309592042239,-48.49879117587888,3.0795388035926923,0.5,2.6399949039446855,0.7840948918175433,-114.71436098203255,0.5,-125.0114979872168,-37.125193907039694,-38.29809405502222,146.80053991867254
46,train,-1,1,-8.94196979911776,0.25,-12.193677620956867,-3.0507355597206542,3.487413314668232,0.5,2.536735015997258,0.6343749644614388,-9.209143031734648,0.25,-12.580926595182225,-3.1476082324868195,0.387248974225358,14.924037124066809,-13.623788965796354,0.796875,-14.342144149467497,-4.259388468171679,4.858144191278093,0.796875,4.267093573968323,1.267161822041358,-14.14787245026492,0.796875,-14.855594031582251,-4.411870525595116,0.5134498821147532,18.86596266449321
47,train,1,1,0.8685461820056677,0.5,-2.284988522502028,-0.5741867958355129,13.635008444683654,0.5,9.072787047405509,2.268458837518303,-3.503243953768088,0.5,-5.663229580182284,-1.4193156389879378,3.378241057680256,13.046896098747666,12.256191292171428,0.796875,6.506413240116534,1.931372854499549,21.302998260262957,0.796875,17.866904781201754,5.3057916593752426,7.212201309556923,0.796875,1.657618713325875,0.4913365712820231,4.848794526790661,13.784888804480559
48,train,-1,1,40.2188336363321,0.5,30.592282434834438,7.652799178543858,0.013753439295672187,0.5,-0.2301073515555965,-0.05777364114578774,46.82858905268706,0.5,35.69988056632679,8.930558351573298,-5.1075981314923595,-33.37618885213621,48.25406451242024,0.796875,45.51890825119954,13.518435493234325,0.9323510396145224,0.796875,0.4666590853632515,0.138514442709044,55.88012593627808,0.796875,52.849851615564496,15.695641472281185,-7.330943364364961,-48.71772084801877
49,train,-1,1,-9.596793642466054,0.25,-13.439743303255755,-3.3622864099189957,3.2012642979532098,0.5,2.4195437722225486,0.6051380840444488,-24.942839970386274,0.25,-35.68276757890796,-8.926513445756644,22.243024275652214,26.98079921330441,-16.07919390225628,0.5,-16.70089506153162,-4.959832408881728,4.14789433880546,0.796875,3.761897152792504,1.117154302525951,-43.44206106024768,0.5,-46.19271802905487,-13.718182541778864,29.491822967523245,35.20870369808575
50,train,1,1,135.9079816021375,0.5,119.27139241864253,29.836993313616755,-13.27899232885972,0.25,-20.191848309080175,-5.0497209317798735,162.6182938733448,0.5,141.9107576495166,35.50004513815473,-22.639365230874056,-150.78292334315967,138.81023733338338,0.59765625,121.14384297821152,36.17235124422351,0.0,0.765625,-26.79294492418256,-8.007635444421572,166.9901756510945,0.61328125,145.93406159225609,43.576615608074384,-24.79021861404457,-160.33189720941633
54,train,1,1,45.65159679489004,0.5,36.33850513086147,9.08976744767246,1.454424740926929,0.5,0.8004659832302795,0.199979336967669,35.40671020426214,0.5,28.010530587079504,7.006474252645785,8.327974543781977,-31.374051875740204,52.86506216068681,0.796875,50.51848608318675,15.002598042685905,2.908281671869951,0.796875,2.2185874171089583,0.6587885855898098,41.5943959795781,0.796875,39.476500610370174,11.723398413697591,11.041985472816577,-42.778905929669506
55,train,-1,1,121.7849415208853,0.5,97.85818753860529,24.47903517016532,-0.3783691511212286,0.5,-0.8717849992387374,-0.21846954489749687,97.18501490349746,0.5,77.86113234075422,19.476650881495654,19.997055197851065,-88.73144493891847,137.94699082611902,0.77734375,133.20349711724012,39.55794918138219,1.5168953527756592,0.796875,0.5541653568615217,0.16445886475589824,110.83225529781838,0.78515625,106.6895840603556,31.68396546050102,26.513913056884515,-119.39237523193628
56,train,-1,1,18.06975070670422,0.5,7.168663340137398,1.7874996790419626,30.149352055461314,0.5,19.933797079937655,4.983896899061011,22.56500139921453,0.5,10.642306855121944,2.656495193340358,-3.473643514984543,11.02831198230799,46.71486932358156,0.796875,32.781754050622425,9.733604499542126,47.590745624719226,0.796875,39.74625105161078,11.803090945835699,51.90130297162534,0.796875,37.76747986944382,11.214307803756851,-4.985725818821385,4.471634091577641
57,train,1,1,-9.605294334307636,0.25,-11.393398193912281,-2.8528497949420175,14.184369510170974,0.5,9.48150132605828,2.3706925424963337,-7.56912879579011,0.5,-8.836995501284543,-2.213318863500502,-2.5564026926277448,19.59669817365669,-1.1742878700498807,0.796875,-6.461269079006021,-1.9198901844392608,21.996967611427756,0.796875,18.505827501857862,5.495539254227563,2.642630269592111,0.796875,-2.7920604072015474,-0.8301773519196104,-3.6692086718044736,23.13249224496164
58,train,1,1,18.149196383906883,0.5,8.993587260712033,2.245562081184564,22.041739187912547,0.5,14.541810764227238,3.6357474288807845,23.015103560021007,0.5,12.753650505902627,3.1862107342353765,-3.7600632451906004,3.6681918809199034,40.09272790092459,0.796875,29.563047829234655,8.778256721518174,34.91276106058258,0.796875,29.116934182342288,8.646588601234797,45.70680961354271,0.796875,34.95987232232934,10.381051610283507,-5.396824493094687,-3.1445258934397113
59,train,-1,1,-82.29106275806146,0.25,-125.3354855537013,-31.35965289912267,32.69959906036443,0.5,22.583718892796334,5.647410449913077,-80.4819973465226,0.25,-122.41634226008873,-30.629375765962436,-2.919143293612542,146.4596327996913,-155.17977487229973,0.5,-161.94371455671023,-48.097178894317345,47.9471854623219,0.796875,41.301079446906286,12.26507705136892,-151.40210429224686,0.5,-157.75386374875592,-46.85284132724043,-4.189850807954345,201.14986859963943
60,train,1,1,31.03220010729295,0.5,25.402628996212325,6.354742639231495,-1.2430222452661839,0.25,-1.913181114935086,-0.47853373741441335,33.88524468673887,0.5,27.72184282251634,6.934908003180455,-2.3192138263040105,-28.47541702429942,33.82161785548138,0.71484375,33.14514136340252,9.843332293888205,-2.461249140115315,0.5,-2.802009801221604,-0.8321105852691159,36.97177503395365,0.71875,36.22016581788104,10.756539350271325,-3.0750244544785286,-37.4846633918634
61,train,-1,1,-21.588630830864425,0.25,-25.91594251093573,-6.4859263431843175,20.451761305031972,0.5,14.535781103455427,3.63477954729961,-17.874312316755443,0.25,-20.5322967749967,-5.139174805081895,-5.38364573593904,37.759900746421636,-14.902327918758225,0.796875,-21.57079523429869,-6.40685650445865,29.657934014762628,0.796875,25.60517317434928,7.603685495175768,-7.616369777540996,0.796875,-14.432668467158798,-4.287007433464903,-7.138126767139896,43.606905025078035
62,train,1,1,-88.95395052644704,0.25,-145.74815999004173,-36.46017997968902,2.9433318744422774,0.37890625,2.7858763893964076,0.697626278311784,-93.44839470993792,0.25,-153.0004829370562,-38.27448132696673,7.252322947014444,152.16019785294537,-190.6946985782008,0.5,-214.5175562840343,-63.70872953307791,2.5746644186241485,0.5,1.3623601145675424,0.4048631472645468,-200.07994770040963,0.5,-224.9268264372273,-66.80016321202417,10.409270153192912,221.0845514751982
63,train,1,1,-112.31191777406809,0.25,-180.07173354601014,-45.04896831817124,15.79522199710247,0.5,11.788706708146407,2.9488005054019593,-114.38549552194091,0.25,-183.41769911357804,-45.886022856632245,3.3459655675679527,193.53342303794042,-231.94166430356887,0.5,-255.66992057217865,-75.93130251086536,19.810770196669637,0.796875,18.300244793672857,5.434827550843453,-236.27168664749738,0.5,-260.4723900389355,-77.35758078332321,4.8024694667567625,276.37140009922973
64,train,-1,1,-17.645818567635377,0.25,-26.335181626423555,-6.589572900211146,8.849461680579516,0.5,6.067854809598153,1.5173190397425753,-19.00801116202866,0.25,-28.533242211280655,-7.139457993530927,2.198060584857094,33.502066728450245,-31.072262162560875,0.796875,-32.6470744025913,-9.696310015385121,13.143241948082464,0.796875,11.259694113947145,3.343750370935936,-34.35414625013754,0.796875,-35.801954102244196,-10.633273050544622,3.1548796996528923,45.48420836636491
65,train,1,1,-6.304338074475368,0.25,-13.889111343158971,-3.472277845308434,-3.1688088552661386,0.25,-6.953059788730635,-1.7382779232819627,-17.355160716764956,0.25,-31.72093466993458,-7.933234882460947,17.83182332677559,15.851963217816142,-21.473879738272444,0.5,-28.88819033315068,-8.578585050242433,-10.730666959351172,0.5,-14.412102427540793,-4.279795372038424,-44.55008655472409,0.5,-54.48223346781648,-16.179721898692858,25.594043134665814,27.27310947294279
66,train,-1,1,-46.47717990440373,0.25,-65.49141994661507,-16.38408461275634,10.689186116580535,0.5,7.960747946886942,1.990929297433083,-45.612298216058306,0.25,-64.23783423610968,-16.070492566293083,-1.2535857105053625,72.82537503824933,-78.75609142430848,0.5,-82.37510588128862,-24.463690867653533,14.255132366401345,0.796875,12.762753780307115,3.790077663445925,-77.21395853614445,0.5,-80.71298802399212,-23.970082514844204,-1.6621178572964945,94.30680073294745
67,train,-1,1,6.213621828696676,0.5,3.628073338462756,0.9066147404305626,5.100064213122239,0.5,3.360088691808748,0.8400855928008382,4.994230583744385,0.5,2.685805425059227,0.6708891725987643,0.9422679134035288,0.20314931004775694,11.636241838126402,0.796875,9.091876339630774,2.699802915305306,8.095800591459847,0.796875,6.745812475768041,2.0032407352806563,10.229358837476923,0.796875,7.739437770780161,2.298144193904147,1.3524385688506182,-1.6698445794374275
68,train,1,1,6.448532631322543,0.5,2.0550240757094316,0.5115711391873355,12.968021511327866,0.5,8.57132020314552,2.143019773707175,12.020998676393969,0.5,6.361071027036284,1.5888076111855187,-4.306046951326853,4.363272651772661,18.58696389430986,0.796875,12.642437394263652,3.7537106683417396,20.480393490248865,0.796875,17.101007504453055,5.078333477898816,25.01624390018212,0.796875,18.82291313095794,5.589240975763567,-6.180475736694283,1.3683322418422614
69,train,1,1,53.40482418956355,0.5,40.32388137228982,10.086941200972518,1.5001301534809328,0.5,0.6918819320534799,0.1726830092456234,57.750871499482955,0.5,43.68223001323892,10.927093591926171,-3.358348640949119,-41.31117376071089,65.20996592952626,0.796875,61.001846062047036,18.116541998898725,3.50989530079868,0.796875,2.5400913825648757,0.7542266551967011,70.22425490827258,0.796875,65.82208897285653,19.54809878010185,-4.820242910809529,-60.871876134886925
70,train,-1,1,-26.40157825709818,0.25,-35.758025085167574,-8.944376285283356,0.6371887096874148,0.3203125,0.5959617219404264,0.1491743911327898,-26.17693334206018,0.25,-35.45752710067211,-8.869209175162867,-0.30049798449546905,36.203737814860276,0.0,0.765625,-40.00681751099429,-11.950056390514668,0.4887178844500544,0.5,0.2309849160286356,0.06852140465617153,0.0,0.765625,-39.67777070898575,-11.851777728753666,-0.32904680200854003,40.07327902601863
71,train,1,1,-33.31200906118699,0.25,-53.76152575840269,-13.449424414523188,3.6849601084000585,0.5,2.8506071193904066,0.7131342379251618,-36.4634926275657,0.25,-58.846821214855574,-14.721604165115485,5.085295456452881,59.15478060601952,-69.58103929528743,0.5,-77.18475948320574,-22.92298502397342,4.2427773185564295,0.7734375,4.081203309221858,1.2120715130401092,-76.1619327645302,0.5,-84.48369178417484,-25.09068408485746,7.29893230096901,84.91542894291211
73,train,1,1,-93.69592788358344,0.25,-152.7888939033369,-38.221932793337174,5.445465656694059,0.5,4.784112090839231,1.1973312481003173,-105.61192712934132,0.25,-172.0167831013054,-43.032141264754124,19.22788919796851,167.18695059316036,-199.2306893615834,0.5,-223.15111212864005,-66.27294043176788,5.447164987831486,0.5078125,4.959174088179336,1.4730043095324215,-224.11354848625206,0.5,-250.748930730983,-74.46917557958598,27.59781860234297,241.90919551799092
74,train,-1,1,-9.121306271237032,0.5,-10.628617285611176,-2.6610188595022555,15.687683104059708,0.5,11.161245003841886,2.790960839989283,-22.365806978941272,0.25,-28.32401905540143,-7.0876306240389,17.695401769790244,30.637563174348188,0.9774475763477,0.796875,-4.351178920769648,-1.2928470607492892,22.710082223310955,0.796875,19.621107606750815,5.826665636937995,-22.97062830205607,0.796875,-27.813350695005543,-8.260538257838814,23.462171774235905,35.70337241463841
75,train,1,1,-61.123586158611104,0.25,-87.73018331980053,-21.946701592274014,8.668161831673366,0.5,6.710373499076688,1.6784099642816064,-63.634211225584124,0.25,-91.3691593217262,-22.857013445633058,3.6389760019257014,96.26004481984012,-107.08903017116576,0.5,-114.2642281957849,-33.933819110425574,10.686943850254966,0.796875,9.915281872985462,2.9445279350738933,-111.56561643469858,0.5,-119.08911327894032,-35.36669197677238,4.82488508315542,126.59195261034805
78,train,-1,1,20.448259395082488,0.5,16.40667255500819,4.104080425541575,-0.015522402183734685,0.5,-0.11931919249969043,-0.029921653488797117,18.763344450411473,0.5,15.037020617572933,3.7614537105086323,1.3696519374352616,-15.84116577879025,23.240024430813552,0.78125,22.40670324044214,6.654199043450337,0.3485115355930848,0.796875,0.16519379455441066,0.04903682661712866,21.383345166534287,0.78515625,20.59069423171297,6.114888782417627,1.8160090087291672,-21.333504941523145
79,train,-1,1,15.439080874871593,0.5,10.21343100436692,2.5535927582356175,6.949499629404986,0.5,4.5201528163501274,1.1300643114669378,21.082418716662602,0.5,14.574243167671929,3.644529750550097,-4.36081216330501,-7.873684269669299,24.349268327219328,0.796875,20.343025077435517,6.041088892037066,11.253925445165672,0.796875,9.301559763458416,2.762181208003956,30.86031727020919,0.796875,26.60210540615395,7.899963860470385,-6.259080328718445,-14.171005478336324
80,train,-1,1,18.527053274260027,0.5,8.316258573992641,2.075278104395174,26.704805390735824,0.5,17.665260387745164,4.416720763245263,14.231275366422121,0.5,4.996754926234561,1.2448434995903765,3.319503647758084,11.008753637631555,44.218872992264195,0.796875,31.799700611214657,9.4422030622276,42.11969074802843,0.796875,35.18859708399351,10.449647372648894,39.26258276292176,0.796875,27.035211978197037,8.0272046611582,4.764488633017628,5.7711407892876645
81,train,1,1,4.665432087407073,0.48046875,4.2073986940748895,1.0530852685179009,-0.9529437523220345,0.25,-1.9528267543125253,-0.48827423327222275,0.8787803289909704,0.26953125,0.5678509720981441,0.1425857797737859,3.6395477219767476,-4.340451587399044,4.655069904896944,0.5,4.018683318099417,1.1937003790266767,-2.9181268729282253,0.5,-3.803023332783212,-1.1293564300923595,-0.05487783356955589,0.5,-1.2051650612794824,-0.3577225906968371,5.223848379378899,-5.209782461193179
82,train,-1,1,76.60069670291527,0.5,62.7945383396402,15.708794905330475,-2.9382775792952707,0.25,-4.590840225170641,-1.1482475323926107,63.31291921404183,0.5,51.99302563455961,13.006731180689279,10.801512705080619,-61.98462221227053,83.26388792104576,0.7109375,81.66284908243789,24.25197596344124,-5.968215107871531,0.5,-6.877003161959288,-2.042248758265346,68.59977808272744,0.70703125,67.34122192724973,19.998802965757278,14.321627155188194,-81.37903866680311
83,train,1,1,-139.43995692214662,0.25,-201.07040530112414,-50.29953724769785,17.04669692599589,0.5,13.453617280959408,3.3652267837871346,-156.43968310816456,0.25,-225.71032324188292,-56.463361728924845,24.639917940758853,226.84398155246296,-246.34966140269353,0.5,-264.1271907734377,-78.43948151589244,20.135972939678865,0.796875,19.06094635109268,5.6605528675832,-276.6611331271033,0.5,-296.7970331850471,-88.14162569811344,32.66984241160937,299.52305833033523
84,train,-1,1,-81.02705942950926,0.25,-132.59979946963085,-33.17110169338207,2.030067077300213,0.35546875,1.8991503803665304,0.47568424751136745,-61.27281563325152,0.25,-100.72396572120878,-25.1967783575508,-31.87583374842207,118.56103297578635,-173.34280461088028,0.5,-194.78472802299362,-57.84839039138728,1.593772557297246,0.5,0.5158738181377894,0.1534247509404621,-132.09220905787765,0.5,-149.03329537586046,-44.26074037713479,-45.75143264713309,172.42488551756483
85,train,1,1,-8.058313339573814,0.25,-13.732310297230647,-3.434930092094246,-0.13669131791189226,0.25,-0.5815968914044659,-0.14527001649100746,-15.623000427065062,0.25,-25.938837180602725,-6.488616246431905,12.206526883372067,19.25397684751222,-18.457818148157187,0.5,-21.46689563959467,-6.375249608526844,-1.0926561212728236,0.5,-1.7045385976785257,-0.5061433158959816,-34.254314878152854,0.5,-38.98694223563586,-11.578502219575318,17.520046596041187,28.522380339936745
86,train,1,1,8.466136946217176,0.5,7.5860726976514234,1.8981851811466142,-1.639494455363296,0.25,-2.8202658403961265,-0.7052673310868663,18.420955466102676,0.5,15.678253561558353,3.9224931612051726,-8.092180863906929,-14.452428970001021,8.473349473453652,0.515625,7.924484675339428,2.353521252075418,-3.8981912796576044,0.5,-4.7957407204678875,-1.424146852685886,18.97761092987526,0.609375,18.65383345911782,5.539875430648496,-10.729348783778395,-18.08489978769651
88,train,1,1,96.05036284002298,0.5,70.97258627303125,17.752283464216767,9.641755443647916,0.5,5.842064838258665,1.4601092150417454,110.77929822444064,0.5,82.35416972197073,20.59959491689622,-11.38158344893942,-70.82131315924231,123.18799193228219,0.796875,112.62265118804235,33.446581890988696,17.24773027570964,0.796875,13.709822753932105,4.0711390984105185,140.181626170498,0.796875,128.95865521829472,38.298187459418834,-16.33600403025235,-107.08083044923646
89,train,1,1,-6.639960406087262,0.5,-9.024452005580292,-2.260010612233263,16.750967687283087,0.5,11.821168623118604,2.9559044239361114,-1.1470553648670077,0.5,-4.55931977107204,-1.1430307811660936,-4.465132234508249,18.61305451144477,5.121945212018829,0.796875,-0.9727879936533343,-0.2896315152901268,24.580197563521832,0.796875,21.115637750999326,6.270462985162289,11.164832903987737,0.796875,4.947490101391704,1.4685462853031288,-5.920278095045039,19.12828669713014
90,train,-1,1,-217.0209338691135,0.25,-311.9502611082113,-78.03764886729411,28.397720072722265,0.5,22.071167153489544,5.520540595457703,-208.86659401995445,0.25,-300.13111399103053,-75.08101774038627,-11.819147117180872,328.1118547031105,-381.23679014376916,0.5,-407.40973093067845,-120.99114195488686,34.71216506578182,0.796875,32.33447774369072,9.60234313943333,-366.69714173623737,0.5,-391.738831592203,-116.33726811823405,-15.67089933847542,431.9087590051315
91,train,1,1,-4.474601979508942,0.5,-5.746240319954613,-1.4384440238012417,9.20628178558097,0.5,6.835978399278804,1.7094347649916166,-7.120770858449717,0.5,-7.989103791734043,-1.9994779550321728,2.242863471779431,13.703650455123135,0.6710487223557653,0.76171875,-1.7599538459433512,-0.5206216607339201,12.471661314877394,0.76171875,9.72916070109049,2.90836809801241,0.0,0.765625,-4.215900610344767,-1.2541560998723518,2.455946764401416,12.717087929234546
92,train,1,1,10.889594830974012,0.5,4.333123252057924,1.0804821981296562,18.160391873219595,0.5,12.012513253242115,3.0034035561770764,11.608466598034044,0.5,4.888621581864997,1.2194502743643711,-0.5554983298070726,7.401640836280653,28.10292261763516,0.796875,19.731322867320685,5.858654695544483,28.645475513587396,0.796875,23.930866454581597,7.106538216052264,28.932327021603292,0.796875,20.528630464742246,6.0954458944348975,-0.7973075974215512,3.800889788550136
93,train,1,1,-8.390047360021095,0.25,-12.233985177229343,-3.059771494550982,-1.3055750012448648,0.25,-2.24690866387387,-0.5618182141006914,-6.004989541302741,0.25,-9.043594389577704,-2.2617213643131957,-3.190390787651642,8.391881119529652,0.0,0.765625,-15.345208614720136,-4.585424035541426,0.0,0.765625,-3.4252217183941256,-1.0241064823240054,0.0,0.765625,-11.851714681318697,-3.541998278022729,-3.4934939334014388,10.173239929625291
94,train,-1,1,-16.947459988581624,0.25,-22.709175271798063,-5.680496374735787,0.986459480125361,0.5,0.8522697056136854,0.2131971296137673,-11.176664383461393,0.25,-14.98982650318429,-3.749564492037606,-7.719348768613778,19.70177059310485,0.0,0.765625,-24.942376574805643,-7.449794552811763,1.0245025102035843,0.640625,0.8957555833606394,0.2674998053855725,0.0,0.765625,-16.489650909555046,-4.925161091727022,-8.452725665250595,21.611769325540983
95,train,1,1,-27.863488576488326,0.25,-37.00817148875718,-9.257410929948552,3.102932873542635,0.5,2.5215557453261486,0.6306871719019645,-25.169876208503872,0.25,-33.40504035420881,-8.356117181759569,-3.603131134548373,37.72816166680916,0.0,0.765625,-40.01590097574835,-11.951258479369054,3.5992615450429533,0.76171875,3.0127235450112497,0.9001103380042769,0.0,0.765625,-36.07045428987075,-10.772844898168655,-3.945446685877597,41.05590117782079
96,train,1,1,118.30047720090619,0.5,86.90996213723083,21.738224106356483,14.566759588689763,0.5,9.025947493371664,2.256078264393676,121.49905881249424,0.5,89.38162234758428,22.356555154548843,-2.471660210353465,-79.11984474903593,153.64122913248082,0.796875,139.65578586296297,41.47470569641193,25.297377960724454,0.796875,20.338224131534258,6.039496833411838,157.33161982058954,0.796875,143.20336352110607,42.52829551487743,-3.547577658143081,-121.09135056050026
98,train,-1,1,-3.8981617154429804,0.5,-4.906048250745873,-1.228974647783423,8.95950345941885,0.5,5.9857843339257,1.4966431749467037,-5.946999529619117,0.25,-6.993923985348048,-1.7512949837519896,2.0878757346021777,11.935770451972664,2.7121816502498577,0.796875,-0.7724096107037842,-0.23000996090466735,13.906370524831704,0.796875,11.695080542642932,3.4730010343413293,-0.405187451145411,0.796875,-3.7691408272469036,-1.1200047130083377,2.9967312165431195,13.965855761618274
99,train,1,1,-17.585823097088003,0.25,-27.42229807624525,-6.860790273749066,4.623028013530852,0.5,3.2284824965455092,0.807366754936915,-11.422112425416742,0.25,-17.476414109743438,-4.372645328725583,-9.945883966501807,25.677838589539864,-34.58830665527178,0.5,-37.05966517402446,-11.006519822453326,6.643088111650304,0.796875,5.772293921711535,1.714193648082803,-21.717313533732842,0.5,-22.78432279393269,-6.766907096217361,-14.275342380091748,35.69428790569009
100,train,1,2,-12.0983228465982,0.25,-80.05032389179911,-20.021088835815128,-16.468579613774608,0.25,-57.03632249875441,-14.26563548884256,-12.937453011664173,0.25,-81.44415797569602,-20.36973497002021,1.393834083896929,23.71091843499315,-143.64629914993554,0.5,-202.73394690111164,-60.203474075284,-94.24797493690863,0.5,-127.15211892691018,-37.75924888140154,-145.49877917846825,0.5,-204.87886661384715,-60.84045770603724,2.1449197127356077,76.65428783056926
101,train,-1,2,-74.78342463167624,0.25,-116.2393473111229,-29.07300654999969,-9.949804712756048,0.25,-20.132668088053073,-5.03526162661283,-74.22222868407516,0.25,-115.46380224473842,-28.879028551680985,-0.7755450663845065,95.71890668987761,0.0,0.765625,-153.76496136685725,-45.95478843414367,0.0,0.765625,-32.224614919551996,-9.635444538481716,0.0,0.765625,-152.85497482913618,-45.682923201202584,-0.9099865377211264,121.08535317844472
102,train,-1,2,46.5585995115809,0.5,31.936377108795185,7.987406689709407,27.260677551892684,0.5,19.274202207261872,4.8206000901565265,46.85743891461975,0.5,32.182168449113135,8.048883597068537,-0.24579134031796168,-12.78507057169229,68.19120766275036,0.76171875,51.4253586431862,15.376848889724796,38.60196237198007,0.76171875,29.52291318243849,8.826695219811787,68.53487940391427,0.76171875,51.71375814499785,15.463010381670019,-0.2883995018116538,-22.046645211653527
103,train,-1,2,-14.435463138712379,0.25,-22.79606748616892,-5.701901073228741,-0.01637520472189946,0.25,-0.6228685505112036,-0.1557795781374339,-14.66356479166313,0.25,-23.137179882042417,-5.787222853955541,0.3411123958734904,22.34375513359446,-29.679960570132135,0.5,-34.27551465239789,-10.178488493049814,-1.1973923553684283,0.5,-1.7712445210447312,-0.5259650632399743,-30.111718648613703,0.5,-34.76169771755508,-10.322866676039729,0.48618306515720144,32.74736166393173
104,train,1,2,25.451203550930934,0.5,19.859638894584446,4.967640280008187,-1.0870459496861398,0.25,-2.557177544364134,-0.6396101694275532,25.2784651823722,0.5,19.729667924865204,4.935130043190897,0.1299709697192358,-22.351830954088957,30.16811923336231,0.796875,28.547082637964767,8.477795709887268,-3.8656280707439423,0.5,-4.932293084230672,-1.464720271444076,29.950896711174526,0.796875,28.347075120387977,8.418398841105862,0.20000751757679577,-33.37937196340705
105,train,-1,2,47.52983218093796,0.5,17.963779966458073,4.491923475488195,62.07981438325387,0.5,37.898465778573794,9.479005029563384,48.25583044426764,0.5,18.510032076436495,4.628560029756465,-0.546252109978422,19.661559757126494,105.84425229498531,0.796875,78.15215596787819,23.207144403471332,100.87654885044331,0.796875,83.325383306946,24.744438800851537,106.75721202234782,0.796875,78.9927631336467,23.456782187724563,-0.8406071657685049,4.752923756183514
106,train,1,2,4.733083024491654,0.25,3.2490520493218233,0.8128747692809786,-1.554969720416593,0.25,-4.866513830279711,-1.217197148880695,4.639048063162191,0.25,3.092855621597608,0.7738046379562821,0.15619642772421571,-8.037467665739428,1.451801515484223,0.5,-1.1204335372620124,-0.33250242582253003,-7.886887989029994,0.5,-10.518824041650799,-3.1236916627010847,1.2442081109103542,0.5,-1.3607984420632124,-0.4038843562774704,0.24036490480120032,-9.278208051988186
107,train,1,2,112.36862994514509,0.5,63.21012530260208,15.809313817974088,71.60600071517139,0.5,43.31391056354385,10.833453443942265,113.08937815868028,0.5,63.75242719544831,15.94496228625112,-0.5423018928462381,-20.167365685481368,196.54280585275683,0.796875,157.82406978450194,46.867178341826964,117.39184647294425,0.796875,96.63142037164347,28.6957829883691,197.44916352020937,0.796875,158.6585981072473,47.11501087272885,-0.8345283227452965,-61.60991357423117
108,train,-1,2,53.152454051052715,0.5,28.544140911004703,7.138951406747108,38.781234771468036,0.5,23.51182140566795,5.880661703365939,53.62136431670052,0.5,28.896956110349524,7.227202696309821,-0.3528151993448236,-5.208727105009168,96.47717255603487,0.796875,76.41434270148619,22.69175615121443,63.44036084917258,0.796875,52.26549544908646,15.520829499098976,97.06683813776766,0.796875,76.95727696085777,22.852993065464126,-0.5429342593715888,-24.420314382085536
109,train,-1,2,200.11131301718686,0.5,130.27257936991717,32.583335478610216,105.81198914103217,0.5,69.82147523382072,17.46357146014941,199.66006449744972,0.5,129.91606846398756,32.494162098485624,0.3565109059296303,-60.27284868313163,312.90702937824335,0.796875,261.75474043068425,77.72892907017568,163.01270416410807,0.796875,137.17952711198194,40.73598141003923,312.3648052295031,0.796875,261.2466100692442,77.57803336120443,0.5081303614399364,-124.32114813798233
110,train,1,2,20.66335083138161,0.5,7.918417082821735,1.980053096193159,26.575076050491727,0.5,16.21865159115234,4.056540505374837,21.746446965248044,0.5,8.73335504936801,2.1838972803294396,-0.8149379665462785,7.892765525057465,45.73371154845645,0.796875,33.83498149137099,10.047246264240812,43.19581565385772,0.796875,35.67621694788357,10.594465855995546,47.095730166169105,0.796875,35.08905938291941,10.419673765308932,-1.2540778915484223,1.2141965107383608
111,train,1,2,216.11009928553645,0.5,150.43677327907338,37.62736946391098,73.63445773545476,0.5,48.124468779139434,12.036741079325125,215.49672305826132,0.5,149.9521726545906,37.506157251389915,0.4846006244827639,-102.07000418769256,312.54025451660095,0.796875,269.92259346224506,80.15513484254613,114.64908926761775,0.796875,96.0706674054549,28.52851412780661,311.8032163034108,0.796875,269.23189848944946,79.9500242734639,0.6906949727957227,-173.5065785703923
112,train,1,2,79.17156939120642,0.5,60.68291563191715,15.177582120091351,16.666717700079662,0.5,11.512729557523821,2.879383528711408,78.17277109201365,0.5,59.8614176294132,14.97211045241456,0.8214980025039622,-48.75943707314135,101.26657393094791,0.76171875,80.93510092293387,24.189128853008995,24.22542612194291,0.76171875,18.3267969091404,5.479804699819415,100.11793440394919,0.76171875,79.971195464121,23.901154942153568,0.9639054588128523,-62.12635128438704
113,train,-1,2,264.82983638202853,0.5,162.2488676868256,40.58047552416016,182.30483992604053,0.5,120.77211976213941,30.20724883000935,266.71043200405666,0.5,163.73464064689438,40.95210902749323,-1.4857729600688372,-42.21963440472063,440.5471187522802,0.796875,359.70087916283507,106.8135906951998,279.6178429798691,0.796875,235.72565637714985,69.99966484213898,442.8068588194009,0.796875,361.8185320555252,107.44245438618637,-2.1176528926901153,-125.03404923203034
114,train,-1,2,44.13323937362325,0.5,15.044081682225864,3.76157646308655,63.556229979770166,0.5,38.82911531929543,9.711778105971927,45.502688221282924,0.5,16.07447577588491,4.019313679884688,-1.0303940936590446,23.269836590240043,102.51536856639864,0.796875,74.69224424291669,22.179603526306927,103.19972889815119,0.796875,85.26897733921427,25.3216143581271,104.23748239193615,0.796875,76.27787959859437,22.65049470228577,-1.5856353556777127,9.783915418458733
115,train,-1,2,-10.855154165541407,0.25,-39.598085578078766,-9.904035854721116,-5.605335106536125,0.25,-19.98783691469416,-4.999245896911052,-10.66351270899834,0.25,-39.27976023936759,-9.824411672730324,-0.31832533871116286,19.45108599402901,-66.02961336748606,0.5,-89.55131693009926,-26.593234726534092,-33.1995645852454,0.5,-44.924922290871955,-13.34095017028678,-65.60654197086066,0.5,-89.06145784145089,-26.447759714582812,-0.4898590886483912,44.3814650949031
116,train,1,2,257.969724071042,0.5,170.65970025546665,42.68500213773475,125.05172391603922,0.5,82.38610982517119,20.606197800064425,257.77008336797627,0.5,170.50197322746038,42.645550182716256,0.15772702800632799,-88.1947269162923,396.29281324153834,0.796875,333.8746445854802,99.1453764235379,192.99420844461247,0.796875,162.294208734394,48.19387150925003,396.0529232351693,0.796875,333.6498383020913,99.07861736702911,0.22480628338904463,-171.46803270939182
118,train,-1,2,343.9183959209019,0.5,230.33154192212783,57.61016263937716,155.04070230154719,0.5,102.0035311770058,25.512846810823714,341.701845000957,0.5,228.58034598032387,57.1721394013953,1.7511959418039327,-127.45241277422001,521.0039906474426,0.796875,441.43180017861386,131.08510711120746,239.64066325349998,0.796875,201.39737895454837,59.80569334657307,518.3405637703711,0.796875,438.9358433591707,130.34390130574405,2.4959568194433146,-238.78644281434399
119,train,-1,2,119.14994870640989,0.5,66.81072116876491,16.709825974005163,76.71026964430844,0.5,46.410968085725514,11.608074565619857,119.64213812005448,0.5,67.18105195231158,16.802458517255715,-0.3703307835466783,-20.58491847481272,208.95808186274948,0.796875,167.6266282617731,49.77811078465606,125.73519652308791,0.796875,103.50719616064919,30.737622544087067,209.577021515347,0.796875,168.19651660575826,49.94735233916283,-0.569888343985163,-64.40437627311648
120,train,1,2,23.13243401740874,0.5,6.585326089118788,1.6463428426978934,38.00607830532741,0.5,23.23983010445772,5.812652440263331,24.62022219437448,0.5,7.704760489886,1.9263521213004762,-1.119434400767213,16.094786814955317,57.09878329669365,0.796875,40.838595810535566,12.126782299821052,61.65986065961828,0.796875,50.96367629995493,15.134258225054907,58.969711585400866,0.796875,42.561252001153996,12.638364989058473,-1.7226561906184006,9.263752394110139
123,train,1,2,36.93636596329164,0.5,22.93016063228323,5.73523344020362,15.74332485541472,0.5,9.438854494577345,2.360789471068326,36.81742264164402,0.5,22.840665872172018,5.712847703978006,0.08949476011122355,-13.446558757650276,59.03276100225367,0.796875,49.08186089988726,14.575463772689634,26.02768269993927,0.796875,21.354742613687456,6.341522177641628,58.88318700464524,0.796875,48.94414072403072,14.534564573934455,0.13772017585652843,-27.658258198271533
124,train,-1,2,134.41845788597305,0.5,75.13354549849888,18.791396316430134,87.39720261388929,0.5,52.88488851409736,13.227299335413013,135.2987305893671,0.5,75.79587603821679,18.95706810255334,-0.6623305397179006,-22.579822254260492,236.35289201943343,0.796875,189.4171996401488,56.24897928647954,143.23096312857288,0.796875,117.91676966217706,35.016707738735946,237.45985544880784,0.796875,190.43643560761478,56.55166503424709,-1.019235967465981,-72.01004796170474
125,train,-1,2,70.4438381623219,0.5,46.56023714744959,11.64473410819167,49.446366452814196,0.5,35.03570664640487,8.762658636032935,71.0976435789457,0.5,47.09798320109908,11.779234226382084,-0.5377460536494878,-11.793403527869469,107.22932825346513,0.76171875,79.60488630019414,23.80607158606948,69.84365768863746,0.76171875,53.47258795957505,15.986976912737788,107.98121854513556,0.76171875,80.23585114123806,23.99457701596039,-0.6309648410439215,-26.44778076114102
126,train,1,2,262.81763089571655,0.5,176.59654286561084,44.17008597660626,116.06317424847771,0.5,76.32763190439313,19.090858399784086,261.01662435476453,0.5,175.1736496140739,43.81418045257979,1.422893251536946,-99.55746433544924,396.6327781123117,0.796875,336.5763963766123,99.94788014255907,179.47790712184056,0.796875,150.80759750014445,44.78286901103892,394.46867297771246,0.796875,334.54836511538457,99.3456307235092,2.0280312612277354,-184.7547832458538
127,train,1,2,126.42853450806956,0.5,69.67257174804567,17.425462363693306,85.83944811857967,0.5,51.985474360944586,13.00234678620582,126.06767292689676,0.5,69.40105401848294,17.357546384400035,0.27151772956277276,-17.551338522319725,224.87961910558116,0.796875,179.45054283841122,53.289209850589216,140.56620999869213,0.796875,115.75892720238834,34.37591627158306,224.42582726143522,0.796875,179.0327142480326,53.16512596486073,0.4178285903786743,-63.482701340833565
128,train,1,2,342.5197889928785,0.5,226.57822757521913,56.671211448616866,166.137056650041,0.5,109.4591600721509,27.377638496033903,340.89182554301755,0.5,225.2920477897024,56.349501798183034,1.2861797855166899,-116.4759776103099,526.2189214662209,0.796875,443.322992827983,131.6464886426763,256.3878528433791,0.796875,215.60841612380526,64.02572494838397,524.2627464159507,0.796875,441.4898174933121,131.1021041445529,1.8331753346707775,-226.7979890368423
131,train,-1,2,36.15265275083322,0.5,25.009787903860342,6.255059498194927,20.20258250649511,0.5,14.277037842197066,3.5707770377509713,35.61136232828951,0.5,24.564583900956496,6.14370583859477,0.4452040029038517,-10.510148060211339,52.46357533926136,0.76171875,39.71590732233823,11.875189599393076,28.62328111707009,0.76171875,21.886103814197284,6.543471493906032,51.841079710842656,0.76171875,39.1935267841308,11.719124535991902,0.5223805382074379,-17.56861323903722
134,train,-1,2,98.22468211607185,0.5,64.15689489660352,16.046718667395513,51.06195601097844,0.5,33.68512778493418,8.425238722454903,97.60067913308224,0.5,63.6638985563651,15.923406450807118,0.49299634023842337,-30.22526894155012,153.03701194212712,0.796875,128.2041633276144,38.0706630046766,78.68835022499127,0.796875,66.2105792386161,19.661482219747878,152.28720452678084,0.796875,127.50150205025257,37.86199889077937,0.702661277361763,-61.64225345031735
135,train,1,2,-11.40826779940907,0.25,-15.030415798380508,-3.759414778263961,2.993278310212192,0.5,2.2384097776622727,0.5598508541905332,-11.054599344911512,0.25,-14.541663471864442,-3.6371688868508767,-0.4887523265160608,17.02444941278475,0.0,0.765625,-16.645038452390533,-4.971895512010223,3.957336449616464,0.76171875,3.1170054826637257,0.9316905586328158,0.0,0.765625,-16.071560447452796,-4.800564701128736,-0.5734780049377416,19.475304932585395
136,train,1,2,54.92531307989526,0.5,25.028022076623355,6.259056163081145,56.32013109889158,0.5,34.307273822471096,8.580783707662196,53.532203176172445,0.5,23.979825045338085,5.9968658155606445,1.048197031285269,9.803350261490374,111.2618125962806,0.796875,84.76700120695257,25.171740351942425,91.7115646608756,0.796875,75.69201380780173,22.477614122347056,109.50994444158887,0.796875,83.15396956910594,24.6927132148917,1.6130316378466276,-8.268471580227539
137,train,-1,2,86.91329776604603,0.5,52.23410348308793,13.06449229405441,43.28900328933678,0.5,26.05588319310923,6.516951031121054,86.5413355885176,0.5,51.954233496381356,12.994487126242428,0.27986998670656565,-26.038285296625432,143.36458502405858,0.796875,117.72886451023403,34.960873538644435,71.30328614251454,0.796875,58.58592848621342,17.39773573719729,142.8968339214209,0.796875,117.29818294029317,34.83297266268593,0.43068156994097045,-58.9275952390502
139,train,-1,2,237.11104837150808,0.5,161.62191009863201,40.424796167323024,95.1554390790771,0.5,62.45052916503854,15.619947238826771,234.44854320337336,0.5,159.51838601375096,39.89864577556084,2.103524084881137,-98.11961889115298,351.852810514802,0.796875,300.6470736758328,89.27868259217169,147.47820741048736,0.796875,123.80766393548768,36.76513007729598,348.65352113175993,0.796875,297.64894813248895,88.38835146107058,2.998125543343784,-175.3403469686731
141,train,-1,2,44.49975855761785,0.5,31.324702744469,7.834494873145938,22.325341324823544,0.5,15.750462522740104,3.939287551123462,44.678730972451,0.5,31.47190511897002,7.8713128779159005,-0.14720237450100548,-15.647841408979401,63.33122470382095,0.76171875,48.33363624218329,14.450937935036345,31.692387311492276,0.76171875,24.213042776909827,7.239225090467366,63.53704683035631,0.76171875,48.50635628763592,14.50253933070992,-0.1727200454526343,-24.20695348799977
143,train,-1,2,23.67969030881038,0.5,10.831992640422312,2.7088912472274043,24.091560371325876,0.5,14.66885529140296,3.668908611073974,24.570981756229642,0.5,11.502613850348558,2.8766368168457244,-0.6706212099262432,3.501552046017526,47.85962377848571,0.796875,36.490926381182895,10.836061227763416,39.247364828931964,0.796875,32.386490884108795,9.617540372954087,48.98044353513977,0.796875,37.522920554354364,11.142535820467186,-1.0319941731714566,-4.620432583659837
145,train,-1,2,176.2604111359879,0.5,114.36199489041276,28.60380912262156,94.77969336812961,0.5,62.55734530163393,15.646686590917142,176.64798758066755,0.5,114.66820138941733,28.680399959194023,-0.30620649900460906,-51.95775283828108,276.611083435044,0.796875,231.0587642050597,68.61362928321907,145.9756531330697,0.796875,122.85623002354887,36.48262515063541,277.07679866422774,0.796875,231.4951963490043,68.74323330371439,-0.43643214394451285,-108.42075025348315
146,train,-1,2,59.951352424052644,0.5,44.313788050864446,11.083958140055316,9.703376928888977,0.5,6.1557355763732,1.5396412081904893,58.387799392755895,0.5,43.07849600385376,10.774976940768457,1.2352920470106683,-37.54040645098589,79.98210775251104,0.796875,71.50163717240487,21.23304426635506,15.592465444103139,0.796875,12.903394740828006,3.8316932572549236,78.10332882178118,0.796875,69.74099147015163,20.710198355837534,1.7606457022532214,-57.71791958045027
147,train,-1,2,-34.71090889457395,0.25,-53.11359094491341,-13.28444893076116,-3.704093543395879,0.25,-7.665890955062932,-1.9172650545623469,-35.20928922200135,0.25,-53.8023279284423,-13.456714640677697,0.6887369835289077,45.792068481614926,0.0,0.765625,-69.2547266643787,-20.696894228359113,0.0,0.765625,-12.427472476338293,-3.7160326927289713,0.0,0.765625,-70.06285685591449,-20.938329121801406,0.8081301915358083,57.23131928380831
149,train,1,2,-38.71185343478736,0.25,-125.82195493387394,-31.470098371254203,-15.625995583554582,0.25,-56.411685705909846,-14.109362910060094,-36.918003127030225,0.25,-122.8422864575723,-30.724780182039826,-2.979668476301643,67.92043498981327,-205.45192188667744,0.5,-275.24708562040024,-81.73785138591796,-93.89933623395318,0.5,-127.2190700567461,-37.779091876321615,-201.49178315297334,0.5,-270.6617840224026,-80.37613978307849,-4.585301597997718,145.73536476465537
150,train,-1,2,437.6297897122753,0.5,312.82530246058263,78.24461998701611,115.04812949010831,0.5,74.59380076535845,18.65712863132311,433.98788627872597,0.5,309.94800040725016,77.52492601561835,2.877302053332445,-236.79285066855792,611.5897277150634,0.796875,535.8879979030376,159.13580499929787,180.68459421259013,0.796875,150.88424416053505,44.80554858792912,607.2135848521441,0.796875,531.7870166763364,157.91796698637685,4.100981226701271,-382.9532631291523
152,train,1,2,77.54380242828407,0.5,49.67012400708065,12.423270107232032,44.376237240055964,0.5,29.320027062534805,7.333453716695119,77.6355473141995,0.5,49.74260746345007,12.441400253323128,-0.07248345636940468,-20.38633867273056,123.36396195499955,0.796875,102.49217529965068,30.435326624536955,68.26717812311934,0.796875,57.48196727282985,17.069491298149646,123.47420340841366,0.796875,102.5954850281073,30.4660057492303,-0.10330972845658776,-45.06186289104916
153,train,-1,2,339.12661482731636,0.5,219.3355459598919,54.85936902593447,185.26288233177075,0.5,122.31117993247145,30.592168184612046,340.0163481232999,0.5,220.03848371927032,55.035193481732065,-0.7029377593784186,-97.37583490710969,534.0194958159619,0.796875,445.4726163129489,132.2844468780291,285.2498953384219,0.796875,240.100921922566,71.2988851531347,535.0886070881753,0.796875,446.4745043668679,132.58197015094956,-1.0018880539189903,-205.87263841734253
155,train,1,2,270.980502560297,0.5,163.47848756990405,40.888358115302786,132.76257486684514,0.5,79.88639651783521,19.980733978230564,267.9137411567653,0.5,161.1710097533643,40.31117806941718,2.3074778165397074,-82.43835214379898,445.3764790676728,0.796875,366.25055909468006,108.76216624795461,218.74168620223716,0.796875,179.70786532138683,53.36622460629779,441.5199551663439,0.796875,362.69966683815073,107.70764647803155,3.550892256529253,-184.7672476450287
156,train,1,2,-11.773813815883681,0.25,-50.23742413404399,-12.564957962453533,-8.145241152961786,0.25,-28.718449760777673,-7.182903664778083,-12.114387152309753,0.25,-50.80313222575564,-12.706461130974407,0.5657080917116509,21.80182841912213,-85.83284683362427,0.5,-118.01544869748561,-35.04585166750023,-47.60655138175835,0.5,-64.34627048561362,-19.108338621972607,-86.58470313702679,0.5,-118.88599595385197,-35.304380855707116,0.8705472563663427,54.10445184005515
157,train,1,2,121.31569523646462,0.5,67.41075802101534,16.85983269013043,80.31791289620784,0.5,48.615744090643304,12.159524114117303,122.35797200995162,0.5,68.19498288139938,17.055994463672363,-0.7842248603840495,-19.187126360564076,214.34661726188142,0.796875,171.47153398117112,50.919831876175806,131.59126475510067,0.796875,108.3463873402196,32.174676704575205,215.65730458308076,0.796875,172.67834860974745,51.27822345567982,-1.2068146285763137,-63.72855395523971
158,train,1,2,96.17880421448123,0.5,51.43077184570426,12.862922448101235,70.9714551308233,0.5,43.03554226179239,10.763839999977757,96.97488491020665,0.5,52.02975504128201,13.012748871493123,-0.5989831955777442,-8.694721181700759,175.14276920217384,0.796875,138.55612839684983,41.14516054628558,116.0785526368682,0.796875,95.63811804124502,28.400820645671942,176.14385922075695,0.796875,139.4778814796845,41.41889649168057,-0.9217530828347016,-43.37888689702216
159,train,1,2,264.7625102743868,0.5,179.09757881319896,44.795716939729935,111.98526177714065,0.5,73.58333532085574,18.4044584236503,261.32137951487215,0.5,176.37889810658623,44.11569861755258,2.718680706612668,-104.15490313903682,396.45854693673914,0.796875,337.50414759129575,100.22347201532892,173.33464148366946,0.796875,145.59073356908755,43.233697395270845,392.3236542663571,0.796875,333.6292473088243,99.07277158550335,3.874900282471418,-189.9759638809725
160,train,-1,2,33.672739145929725,0.5,15.082853212870946,3.771914254567963,35.52765011013853,0.5,21.655645607570943,5.416415777142156,30.703074657450305,0.5,12.848432588612164,3.2130083404164647,2.23442062425878,7.690002706829379,68.88608932405084,0.796875,52.30653979141754,15.532516209781885,57.81673682417003,0.796875,47.72948136041016,14.17381980970479,65.15166705515193,0.796875,48.868072545648815,14.511383652963508,3.4384672457687393,-2.8578248081230426
163,train,-1,2,202.66073439193732,0.5,138.77117855092595,34.70716665230794,119.7224120602575,0.5,84.65060075662024,21.171651827095843,206.532568603678,0.5,141.95570947527978,35.503676050749405,-3.1845309243538864,-55.712843256482664,297.38048608011223,0.76171875,224.09177933528534,67.00678375633203,169.5239814275106,0.76171875,129.65466228069997,38.7638585530616,301.83317870202154,0.76171875,227.82835170963915,68.12311248961079,-3.7365723743536883,-96.30540324176216
164,train,1,2,-1.6266142037187628,0.5,-8.799489726984703,-2.2016695555274692,27.539305097479197,0.5,16.970589094289632,4.244628231795913,-1.4010448102301822,0.5,-8.629767892424692,-2.15921625194337,-0.1697218345600076,25.685217903994328,17.56532272696601,0.796875,7.956871117137445,2.36214735061703,44.339919293885856,0.796875,36.75832287449569,10.915825191955019,17.848981493636018,0.796875,8.218049770203255,2.4397104061091697,-0.261178653065807,28.670862430825352
165,train,-1,2,-39.46515811730085,0.25,-63.14648711917324,-15.793704126475605,-7.179226464864225,0.25,-14.182637739619366,-3.547145550455038,-38.97463940028515,0.25,-62.468614492727994,-15.624155790869663,-0.6778726264452588,48.624913066331224,0.0,0.765625,-85.69370031296235,-25.6125550655791,0.0,0.765625,-22.38429738402789,-6.692884061108637,0.0,0.765625,-84.89831782509414,-25.374928643233226,-0.7953824878682368,62.91171168500032
168,train,-1,2,19.199722505399567,0.5,12.5477084031534,3.1381739708312333,14.159062441950345,0.5,10.039748713210072,2.511007215911211,18.667459438683764,0.5,12.109929277511059,3.0286774087633486,0.43777912564233756,-2.2890701271221587,29.55395729839165,0.76171875,21.84209540793355,6.532193301399154,19.983262020077824,0.76171875,15.304618246043145,4.575687787985731,28.941843323342386,0.76171875,21.328426856488804,6.3787310087120925,0.5136685514447502,-6.280642886168026
169,train,-1,2,143.24520418200578,0.5,80.74602293608427,20.195187913558996,90.65691029411299,0.5,54.828171179012266,13.713340375467823,144.9222035743474,0.5,82.00782272648287,20.510807702273958,-1.2617997903986147,-26.548751652271317,250.11622807250637,0.796875,200.973852759243,59.68088260286896,148.64872112840942,0.796875,122.35271086370118,36.33400750310052,252.22509387198835,0.796875,202.91558978176204,60.25752642372073,-1.9417370225190884,-79.5920104068012
170,train,1,2,-10.310147525656571,0.5,-12.534940173449625,-3.135514293346827,19.391947862171765,0.5,13.942139146095691,3.4870370249656455,-8.758654656715255,0.5,-11.258858412232641,-2.816342917677023,-1.2760817612169808,25.839038438936825,0.0,0.765625,-5.808337918267669,-1.7269021325928997,26.92646608280005,0.76171875,20.764860967581015,6.20780593973692,0.0,0.765625,-4.311046175890449,-1.279575110215652,-1.4972917423772216,25.82455301466007
172,train,1,2,-4.528974965113722,0.5,-11.90250762215871,-2.9779160478313935,31.010423324285043,0.5,19.127230292730633,4.784042014594489,-3.9461196186483036,0.5,-11.46395841494888,-2.868219716310405,-0.4385492072098271,30.81046331128443,16.295151217530204,0.796875,5.790369169857647,1.7186536638782444,49.88299130438046,0.796875,41.368529087843704,12.284882939256374,17.02810539259991,0.796875,6.465236322567117,1.9190711091823918,-0.6748671527094692,35.24072634163134
173,train,1,2,150.81110642008704,0.5,87.79518461748178,21.958536873764167,85.41696361557415,0.5,51.557090382320546,12.895184193157702,150.01898875611465,0.5,87.19918326713194,21.809456313042386,0.5960013503498087,-35.94009355998633,256.1190762339273,0.796875,207.97217159252537,61.75934422381813,140.3209759512337,0.796875,115.4132810908673,34.273256539895996,255.12296982008746,0.796875,207.05500716101113,61.48697098480374,0.9171644315141351,-92.10030828590098
175,train,-1,2,-10.11768121329451,0.25,-28.07655237392104,-7.022358718453143,-7.611551234869818,0.25,-17.791791390585846,-4.4500406733509275,-9.731718237816152,0.25,-27.499367800373438,-6.877988662662545,-0.5771845735476023,9.996168696561389,-44.38646354843235,0.5,-59.131495004705926,-17.55922971840251,-26.9005047856152,0.5,-34.8212225501841,-10.340297371784354,-43.65590052750789,0.5,-58.30884133241633,-17.31493235194294,-0.8226536722895846,23.89894561837702
176,train,-1,2,36.14256141413003,0.5,13.503015507548863,3.37646410937007,47.7375529369257,0.5,29.140450180905077,7.288486730331577,38.19091173143306,0.5,15.044225368947203,3.7619740250646103,-1.5412098613983372,14.866829742657046,80.89227905129707,0.796875,59.63224197801721,17.707676609666457,77.5772013206527,0.796875,64.07783178639926,19.02865496259357,83.4681272890754,0.796875,62.003952823208685,18.4120111245188,-2.3717108451914335,3.25973438578632
177,train,1,2,303.0779025544049,0.5,198.32804258112807,49.60520362179487,155.99068815250126,0.5,102.88413211004979,25.733116783020076,302.28164799119367,0.5,197.69895811156266,49.447851945865764,0.6290844695654023,-95.12936823629556,471.2456653656839,0.796875,395.0993483358109,117.3261251480367,240.44353487158264,0.796875,202.29689388374914,60.0728270216275,470.28887895235846,0.796875,394.2027224161548,117.05986079129745,0.8966259196559094,-192.35414149223368
178,train,-1,2,-8.373296996174854,0.25,-12.701881998546755,-3.1770918478216803,0.4351002448071554,0.5,0.39190586733123234,0.0980292343250741,-8.683382580822393,0.25,-13.165596466796538,-3.2930798466703797,0.46371446824977386,13.325645100002873,-16.200336730203528,0.5,-18.36976020823577,-5.455123078846611,0.4391153407630975,0.5625,0.4269247379782349,0.1267848937690823,-16.78727660749218,0.5,-19.03068641396366,-5.651393437713504,0.6609262057278923,19.127148049077956
181,train,1,2,90.73779030814592,0.5,65.88618416855707,16.47869944682489,36.12918988381432,0.5,25.386728651368028,6.349368253731695,91.39282464496115,0.5,66.42494099233228,16.613452377100966,-0.5387568237752494,-40.76883392907666,124.49792551176911,0.76171875,96.49913531916428,28.84790829852179,51.523641160122665,0.76171875,39.28855911888564,11.746697098485487,125.25122908809223,0.76171875,97.131286148292,29.036768051156276,-0.6321508291277084,-57.52665161484255
182,train,1,2,225.45560629213355,0.5,142.83791763968827,35.72587932814131,135.57328715310373,0.5,89.64232255592253,22.421123561017716,226.46563868587862,0.5,143.63589823787862,35.92547666452271,-0.7979805981902889,-53.594585382860856,362.7795184031638,0.796875,300.05473829065227,89.10194252356467,208.38755849129996,0.796875,175.52465274298953,52.12272593120311,363.993182118266,0.796875,301.1920896676686,89.43969333597036,-1.1373513770165529,-125.09876123617084
183,train,-1,2,191.1053543893242,0.5,124.15392952880481,31.05294290454921,102.12353034657697,0.5,67.40074624642921,16.85810566923367,190.38487376815218,0.5,123.58471060015681,30.910565280038437,0.5692189286480032,-56.46857381805163,299.4906680854472,0.796875,250.30927670033697,74.33014177612716,157.29606777591812,0.796875,132.38042836175683,39.31087181560168,298.62493230037154,0.796875,249.49797635821096,74.08921592401555,0.8113003421260062,-117.52319816751704
184,train,1,2,195.1978317688467,0.5,101.38463843903747,25.356127503990177,154.8783984128495,0.5,94.01481672344137,23.51453759505443,197.5968119985412,0.5,103.18966756714724,25.807627747034573,-1.8050291281097595,-8.272336279651025,363.2125106197692,0.796875,285.09513893492584,84.6606270577929,253.05526131198934,0.796875,208.57774144062665,61.93952836353843,366.22928413986693,0.796875,287.8728314907859,85.48552725281763,-2.777692555860106,-77.90624377222917
186,train,-1,2,457.58295613496176,0.5,301.0665556469486,75.30195210920822,228.6503469156434,0.5,150.72019330078854,37.697744856635886,458.44589399444624,0.5,301.74832355219297,75.4724813905287,-0.6817679052443275,-150.68724629878216,707.2271390404921,0.796875,594.3777601239963,176.50266594515617,352.66699401268187,0.796875,296.6393959815048,88.08818289106136,708.2640526829953,0.796875,595.3494750599151,176.7912289307608,-0.9717149359193145,-298.224221610451
187,train,1,2,421.8915226792199,0.5,270.1191332828915,67.56231499068937,150.21987089648405,0.5,89.60208115541236,22.410686335690173,414.53196400143923,0.5,264.5816896562224,66.17720873154333,5.537443626669051,-177.7483303141446,653.0308834144821,0.796875,549.9568981606943,163.3172654504947,249.54651404034064,0.796875,204.36270626539167,60.687676523307616,643.7760669454186,0.796875,541.4355309978271,160.78664793499712,8.52136716286737,-341.333508313869
188,train,-1,2,151.89143001939772,0.5,80.14952024442739,20.045407556579352,115.93604697668664,0.5,70.33261066694769,17.59125281906338,154.57855167412697,0.5,82.1713513531308,20.55113747681075,-2.0218311087033864,-10.827825131831432,279.3740251974527,0.796875,220.2101649146662,65.39277332351907,189.53954705200084,0.796875,156.18954827274766,46.382255546825085,282.7531432714273,0.796875,223.3214860187934,66.31675224989964,-3.1113211041269664,-65.57627719398222
189,train,-1,2,391.7456958514322,0.5,268.6961923984181,67.20626912232945,150.08145991308263,0.5,98.37184325220414,24.604475119185853,393.8590194312475,0.5,270.36583311968025,67.62389311147614,-1.6696407212622,-171.15916950684493,576.9674987395988,0.796875,494.5308365029254,146.85358520870994,232.9359341374522,0.796875,195.43818847630186,58.03606177988273,579.5068867463355,0.796875,496.91055372632314,147.56027220249248,-2.379717223397515,-300.28250663832245
190,train,-1,2,-6.315654610166227,0.25,-9.88597513272204,-2.472746974841808,0.04252689030730297,0.25,-0.15487053537769066,-0.038731141842179,-6.211874779505841,0.25,-9.730778595467868,-2.433927966557894,-0.15519653725416974,9.653506328717262,-12.814661524692896,0.5,-14.741895395170536,-4.377770590160651,-0.34535186621144337,0.5,-0.5432902531775368,-0.1613265493013166,-12.61822375367532,0.5,-14.52069578736737,-4.312082581380714,-0.22119960780317108,14.08800533809141
191,train,-1,2,23.331012793480916,0.5,15.84495028142676,3.9628670741248855,14.321303976346679,0.5,10.123343163084952,2.5319120697598643,26.592351716378992,0.5,18.52735714256631,4.633786065365336,-2.682406861139543,-7.062810548911585,34.5370199169969,0.76171875,25.931899331544148,7.754260711453747,20.284692978764546,0.76171875,15.512103978057448,4.637778727821291,38.287629825732,0.76171875,29.07930396104838,8.694571207588032,-3.147404629504235,-11.993497668238824
192,train,1,2,123.14775737986989,0.5,69.64974691826728,17.41995088358122,77.10617554612584,0.5,46.62519484368965,11.661653324434653,124.14786401471031,0.5,70.40224232642356,17.608176023209932,-0.7524954081562741,-23.40079977865575,214.4228709894719,0.796875,172.4750498172072,51.217943444298,126.44962365689064,0.796875,104.07426933435673,30.90601890290609,215.68052837902235,0.796875,173.63303716544652,51.56183463102546,-1.157987348239347,-68.97977415697011
193,train,-1,2,-208.44521552650306,0.25,-400.5485374488483,-100.18585581941936,-45.16653642740214,0.25,-111.52091096815879,-27.893235695233624,-204.8466403560151,0.25,-395.16708324956215,-98.83980313784778,-5.381454199286394,286.3368993810464,-567.7064732810699,0.5,-702.0513037362288,-208.4787733420458,-171.21521347362204,0.5,-223.87917593320702,-66.48166041275152,-560.8949755089918,0.5,-694.3811869968112,-206.201035597726,-7.670116739417751,474.3370694333129
194,train,-1,2,-41.448320986157285,0.25,-44.89386042546261,-11.229331513048438,37.74953176275689,0.5,27.283131986789932,6.823734627782525,-40.927960408161034,0.25,-44.17474782186832,-11.049468305277335,-0.7191126035942843,71.8174361104554,0.0,0.765625,-35.98370749850049,-10.734678037355259,52.08829275313686,0.76171875,40.27655607335248,12.040703327213917,0.0,0.765625,-35.13993604440944,-10.482595052160807,-0.8437714540910406,75.83837784480744
195,train,-1,2,130.08954600983597,0.5,92.08689835642619,23.031526024949944,62.86998759819736,0.5,44.328323575829174,11.086784130366631,130.75269851795915,0.5,92.63233226557382,23.16794901633692,-0.5454339091475895,-48.03129173517082,183.95903542655213,0.76171875,140.77345234868062,42.08793381970113,89.30887672789109,0.76171875,68.21273799898637,20.394319656729884,184.7216750744913,0.76171875,141.41343774225004,42.27913420661825,-0.6399853935694226,-72.88070704647896
196,train,-1,2,39.85042969140117,0.5,25.85591362647664,6.466530431491749,30.228290844735085,0.5,21.436260938631158,5.361350111122238,40.1333745209431,0.5,26.088631896497102,6.524737524989497,-0.23271827002046575,-4.536011822855699,61.77404119327299,0.76171875,45.526654030787896,13.615731037206906,42.6570633289131,0.76171875,32.671572515239475,9.76795679004325,62.09943383304265,0.76171875,45.799714233191885,13.697309799591036,-0.27306020240399537,-12.991611616750415
197,train,-1,2,-74.67817843314408,0.25,-102.35313819265474,-25.600429020141107,8.704540590517793,0.5,6.901441433369433,1.7261577964542656,-73.87765483552744,0.25,-101.24685414105058,-25.323727155602796,-1.106284051604159,108.70143760022214,0.0,0.765625,-118.95271823720941,-35.536930625450246,10.60467882016211,0.76171875,8.663884746585056,2.58893302809293,0.0,0.765625,-117.65465879812551,-35.14912573257601,-1.2980594390839093,126.96757326425252
198,train,-1,2,17.761854645541533,0.5,10.133969537226191,2.534363703384341,19.916400994104883,0.5,14.165602827212314,3.542914169767412,19.423481247953116,0.5,11.500634794757934,2.8761916673782317,-1.366665257531747,3.348300661220256,30.736915232701683,0.76171875,21.711876320503386,6.495834177171834,28.008590568130757,0.76171875,21.483326296930095,6.422882517056898,32.64782156502632,0.76171875,23.31545429402179,6.974915000061332,-1.6035779735184044,-1.0303390103324863
199,train,-1,2,284.1382362948921,0.5,187.58474656739523,46.918230087213445,139.36541363351913,0.5,91.8384625780117,22.97039692067426,283.2779347002996,0.5,186.90506145498847,46.74822177081813,0.6796851124066953,-95.40644143318015,437.4997494493847,0.796875,368.2490973644467,109.35297462574316,215.02677973437528,0.796875,180.84161850091763,53.701595812057434,436.4660035657204,0.796875,367.2803510060933,109.0652931966257,0.9687463583532738,-186.92310568435258
