fold,scheme,false_positive_rate,true_positive_rate
A_to_B,erp,0.0,0.0
A_to_B,erp,0.013333333333333334,0.0
A_to_B,erp,0.013333333333333334,0.024691358024691357
A_to_B,erp,0.04,0.024691358024691357
A_to_B,erp,0.04,0.037037037037037035
A_to_B,erp,0.09333333333333334,0.037037037037037035
A_to_B,erp,0.09333333333333334,0.07407407407407407
A_to_B,erp,0.10666666666666667,0.07407407407407407
A_to_B,erp,0.10666666666666667,0.09876543209876543
A_to_B,erp,0.12,0.09876543209876543
A_to_B,erp,0.12,0.12345679012345678
A_to_B,erp,0.16,0.12345679012345678
A_to_B,erp,0.16,0.14814814814814814
A_to_B,erp,0.17333333333333334,0.14814814814814814
A_to_B,erp,0.17333333333333334,0.20987654320987653
A_to_B,erp,0.22666666666666666,0.20987654320987653
A_to_B,erp,0.22666666666666666,0.2222222222222222
A_to_B,erp,0.24,0.2222222222222222
A_to_B,erp,0.24,0.2716049382716049
A_to_B,erp,0.25333333333333335,0.2716049382716049
A_to_B,erp,0.25333333333333335,0.2962962962962963
A_to_B,erp,0.26666666666666666,0.2962962962962963
A_to_B,erp,0.26666666666666666,0.3333333333333333
A_to_B,erp,0.29333333333333333,0.3333333333333333
A_to_B,erp,0.29333333333333333,0.35802469135802467
A_to_B,erp,0.30666666666666664,0.35802469135802467
A_to_B,erp,0.30666666666666664,0.37037037037037035
A_to_B,erp,0.3333333333333333,0.37037037037037035
A_to_B,erp,0.3333333333333333,0.38271604938271603
A_to_B,erp,0.3466666666666667,0.38271604938271603
A_to_B,erp,0.3466666666666667,0.41975308641975306
A_to_B,erp,0.36,0.41975308641975306
A_to_B,erp,0.36,0.4444444444444444
A_to_B,erp,0.37333333333333335,0.4444444444444444
A_to_B,erp,0.37333333333333335,0.4691358024691358
A_to_B,erp,0.4,0.4691358024691358
A_to_B,erp,0.4,0.48148148148148145
A_to_B,erp,0.41333333333333333,0.48148148148148145
A_to_B,erp,0.41333333333333333,0.49382716049382713
A_to_B,erp,0.44,0.49382716049382713
A_to_B,erp,0.44,0.5185185185185185
A_to_B,erp,0.48,0.5185185185185185
A_to_B,erp,0.48,0.5925925925925926
A_to_B,erp,0.5066666666666667,0.5925925925925926
A_to_B,erp,0.5066666666666667,0.6049382716049383
A_to_B,erp,0.52,0.6049382716049383
A_to_B,erp,0.52,0.6296296296296297
A_to_B,erp,0.5333333333333333,0.6296296296296297
A_to_B,erp,0.5333333333333333,0.6790123456790124
A_to_B,erp,0.5733333333333334,0.6790123456790124
A_to_B,erp,0.5733333333333334,0.7160493827160493
A_to_B,erp,0.5866666666666667,0.7160493827160493
A_to_B,erp,0.5866666666666667,0.7283950617283951
A_to_B,erp,0.6133333333333333,0.7283950617283951
A_to_B,erp,0.6133333333333333,0.7654320987654321
A_to_B,erp,0.6533333333333333,0.7654320987654321
A_to_B,erp,0.6533333333333333,0.7901234567901234
A_to_B,erp,0.68,0.7901234567901234
A_to_B,erp,0.68,0.8024691358024691
A_to_B,erp,0.6933333333333334,0.8024691358024691
A_to_B,erp,0.6933333333333334,0.8148148148148148
A_to_B,erp,0.7333333333333333,0.8148148148148148
A_to_B,erp,0.7333333333333333,0.8518518518518519
A_to_B,erp,0.7733333333333333,0.8518518518518519
A_to_B,erp,0.7733333333333333,0.8641975308641975
A_to_B,erp,0.7866666666666666,0.8641975308641975
A_to_B,erp,0.7866666666666666,0.8765432098765432
A_to_B,erp,0.8133333333333334,0.8765432098765432
A_to_B,erp,0.8133333333333334,0.8888888888888888
A_to_B,erp,0.8266666666666667,0.8888888888888888
A_to_B,erp,0.8266666666666667,0.9012345679012346
A_to_B,erp,0.92,0.9012345679012346
A_to_B,erp,0.92,0.9135802469135802
A_to_B,erp,0.9466666666666667,0.9135802469135802
A_to_B,erp,0.9466666666666667,0.9382716049382716
A_to_B,erp,0.96,0.9382716049382716
A_to_B,erp,0.96,0.9629629629629629
A_to_B,erp,0.9866666666666667,0.9629629629629629
A_to_B,erp,0.9866666666666667,0.9876543209876543
A_to_B,erp,1.0,0.9876543209876543
A_to_B,erp,1.0,1.0
A_to_B,source,0.0,0.0
A_to_B,source,0.013333333333333334,0.0
A_to_B,source,0.04,0.0
A_to_B,source,0.04,0.012345679012345678
A_to_B,source,0.05333333333333334,0.012345679012345678
A_to_B,source,0.05333333333333334,0.08641975308641975
A_to_B,source,0.06666666666666667,0.08641975308641975
A_to_B,source,0.06666666666666667,0.09876543209876543
A_to_B,source,0.08,0.09876543209876543
A_to_B,source,0.08,0.12345679012345678
A_to_B,source,0.13333333333333333,0.12345679012345678
A_to_B,source,0.13333333333333333,0.13580246913580246
A_to_B,source,0.14666666666666667,0.13580246913580246
A_to_B,source,0.14666666666666667,0.14814814814814814
A_to_B,source,0.16,0.14814814814814814
A_to_B,source,0.16,0.16049382716049382
A_to_B,source,0.17333333333333334,0.16049382716049382
A_to_B,source,0.17333333333333334,0.2222222222222222
A_to_B,source,0.21333333333333335,0.2222222222222222
A_to_B,source,0.21333333333333335,0.2839506172839506
A_to_B,source,0.24,0.2839506172839506
A_to_B,source,0.24,0.2962962962962963
A_to_B,source,0.26666666666666666,0.2962962962962963
A_to_B,source,0.26666666666666666,0.30864197530864196
A_to_B,source,0.29333333333333333,0.30864197530864196
A_to_B,source,0.29333333333333333,0.345679012345679
A_to_B,source,0.3466666666666667,0.345679012345679
A_to_B,source,0.3466666666666667,0.35802469135802467
A_to_B,source,0.36,0.35802469135802467
A_to_B,source,0.36,0.37037037037037035
A_to_B,source,0.37333333333333335,0.37037037037037035
A_to_B,source,0.37333333333333335,0.38271604938271603
A_to_B,source,0.4,0.38271604938271603
A_to_B,source,0.4,0.3950617283950617
A_to_B,source,0.41333333333333333,0.3950617283950617
A_to_B,source,0.41333333333333333,0.4074074074074074
A_to_B,source,0.4266666666666667,0.4074074074074074
A_to_B,source,0.4266666666666667,0.4444444444444444
A_to_B,source,0.48,0.4444444444444444
A_to_B,source,0.48,0.5308641975308642
A_to_B,source,0.49333333333333335,0.5308641975308642
A_to_B,source,0.49333333333333335,0.5432098765432098
A_to_B,source,0.5333333333333333,0.5432098765432098
A_to_B,source,0.5333333333333333,0.5555555555555556
A_to_B,source,0.5466666666666666,0.5555555555555556
A_to_B,source,0.5466666666666666,0.5802469135802469
A_to_B,source,0.5733333333333334,0.5802469135802469
A_to_B,source,0.5733333333333334,0.5925925925925926
A_to_B,source,0.6,0.5925925925925926
A_to_B,source,0.6,0.6049382716049383
A_to_B,source,0.6133333333333333,0.6049382716049383
A_to_B,source,0.6133333333333333,0.6172839506172839
A_to_B,source,0.6266666666666667,0.6172839506172839
A_to_B,source,0.6266666666666667,0.6790123456790124
A_to_B,source,0.6666666666666666,0.6790123456790124
A_to_B,source,0.6666666666666666,0.691358024691358
A_to_B,source,0.68,0.691358024691358
A_to_B,source,0.68,0.7037037037037037
A_to_B,source,0.7066666666666667,0.7037037037037037
A_to_B,source,0.7066666666666667,0.7283950617283951
A_to_B,source,0.72,0.7283950617283951
A_to_B,source,0.72,0.7407407407407407
A_to_B,source,0.7333333333333333,0.7407407407407407
A_to_B,source,0.7333333333333333,0.7530864197530864
A_to_B,source,0.7466666666666667,0.7530864197530864
A_to_B,source,0.7466666666666667,0.7654320987654321
A_to_B,source,0.7733333333333333,0.7654320987654321
A_to_B,source,0.7733333333333333,0.7777777777777778
A_to_B,source,0.7866666666666666,0.7777777777777778
A_to_B,source,0.7866666666666666,0.8024691358024691
A_to_B,source,0.8,0.8024691358024691
A_to_B,source,0.8,0.8148148148148148
A_to_B,source,0.8133333333333334,0.8148148148148148
A_to_B,source,0.8133333333333334,0.8518518518518519
A_to_B,source,0.8266666666666667,0.8518518518518519
A_to_B,source,0.8266666666666667,0.8641975308641975
A_to_B,source,0.84,0.8641975308641975
A_to_B,source,0.84,0.8888888888888888
A_to_B,source,0.8933333333333333,0.8888888888888888
A_to_B,source,0.8933333333333333,0.9259259259259259
A_to_B,source,0.96,0.9259259259259259
A_to_B,source,0.96,0.9506172839506173
A_to_B,source,0.9866666666666667,0.9506172839506173
A_to_B,source,0.9866666666666667,0.9876543209876543
A_to_B,source,1.0,0.9876543209876543
A_to_B,source,1.0,1.0
A_to_B,scalp,0.0,0.0
A_to_B,scalp,0.013333333333333334,0.0
A_to_B,scalp,0.013333333333333334,0.024691358024691357
A_to_B,scalp,0.05333333333333334,0.024691358024691357
A_to_B,scalp,0.05333333333333334,0.09876543209876543
A_to_B,scalp,0.10666666666666667,0.09876543209876543
A_to_B,scalp,0.10666666666666667,0.12345679012345678
A_to_B,scalp,0.16,0.12345679012345678
A_to_B,scalp,0.16,0.14814814814814814
A_to_B,scalp,0.18666666666666668,0.14814814814814814
A_to_B,scalp,0.18666666666666668,0.1728395061728395
A_to_B,scalp,0.24,0.1728395061728395
A_to_B,scalp,0.24,0.18518518518518517
A_to_B,scalp,0.26666666666666666,0.18518518518518517
A_to_B,scalp,0.26666666666666666,0.19753086419753085
A_to_B,scalp,0.29333333333333333,0.19753086419753085
A_to_B,scalp,0.29333333333333333,0.20987654320987653
A_to_B,scalp,0.36,0.20987654320987653
A_to_B,scalp,0.36,0.2222222222222222
A_to_B,scalp,0.37333333333333335,0.2222222222222222
A_to_B,scalp,0.37333333333333335,0.2716049382716049
A_to_B,scalp,0.38666666666666666,0.2716049382716049
A_to_B,scalp,0.38666666666666666,0.2962962962962963
A_to_B,scalp,0.4266666666666667,0.2962962962962963
A_to_B,scalp,0.4266666666666667,0.35802469135802467
A_to_B,scalp,0.4666666666666667,0.35802469135802467
A_to_B,scalp,0.4666666666666667,0.38271604938271603
A_to_B,scalp,0.48,0.38271604938271603
A_to_B,scalp,0.48,0.43209876543209874
A_to_B,scalp,0.5066666666666667,0.43209876543209874
A_to_B,scalp,0.5066666666666667,0.48148148148148145
A_to_B,scalp,0.5866666666666667,0.48148148148148145
A_to_B,scalp,0.5866666666666667,0.5061728395061729
A_to_B,scalp,0.6,0.5061728395061729
A_to_B,scalp,0.6,0.5555555555555556
A_to_B,scalp,0.6133333333333333,0.5555555555555556
A_to_B,scalp,0.6133333333333333,0.6172839506172839
A_to_B,scalp,0.64,0.6172839506172839
A_to_B,scalp,0.64,0.6296296296296297
A_to_B,scalp,0.6666666666666666,0.6296296296296297
A_to_B,scalp,0.6666666666666666,0.7160493827160493
A_to_B,scalp,0.7066666666666667,0.7160493827160493
A_to_B,scalp,0.7066666666666667,0.7530864197530864
A_to_B,scalp,0.7333333333333333,0.7530864197530864
A_to_B,scalp,0.7333333333333333,0.8024691358024691
A_to_B,scalp,0.7466666666666667,0.8024691358024691
A_to_B,scalp,0.7466666666666667,0.8148148148148148
A_to_B,scalp,0.7866666666666666,0.8148148148148148
A_to_B,scalp,0.7866666666666666,0.8271604938271605
A_to_B,scalp,0.8,0.8271604938271605
A_to_B,scalp,0.8,0.8518518518518519
A_to_B,scalp,0.8133333333333334,0.8518518518518519
A_to_B,scalp,0.8133333333333334,0.8641975308641975
A_to_B,scalp,0.8266666666666667,0.8641975308641975
A_to_B,scalp,0.8266666666666667,0.8888888888888888
A_to_B,scalp,0.8533333333333334,0.8888888888888888
A_to_B,scalp,0.8533333333333334,0.9012345679012346
A_to_B,scalp,0.8666666666666667,0.9012345679012346
A_to_B,scalp,0.8666666666666667,0.9135802469135802
A_to_B,scalp,0.9066666666666666,0.9135802469135802
A_to_B,scalp,0.9066666666666666,0.9259259259259259
A_to_B,scalp,0.9466666666666667,0.9259259259259259
A_to_B,scalp,0.9466666666666667,0.9382716049382716
A_to_B,scalp,0.96,0.9382716049382716
A_to_B,scalp,0.96,0.9506172839506173
A_to_B,scalp,0.9866666666666667,0.9506172839506173
A_to_B,scalp,0.9866666666666667,0.9629629629629629
A_to_B,scalp,1.0,0.9629629629629629
A_to_B,scalp,1.0,1.0
A_to_B,combined,0.0,0.0
A_to_B,combined,0.013333333333333334,0.0
A_to_B,combined,0.02666666666666667,0.0
A_to_B,combined,0.02666666666666667,0.012345679012345678
A_to_B,combined,0.04,0.012345679012345678
A_to_B,combined,0.04,0.037037037037037035
A_to_B,combined,0.05333333333333334,0.037037037037037035
A_to_B,combined,0.05333333333333334,0.07407407407407407
A_to_B,combined,0.06666666666666667,0.07407407407407407
A_to_B,combined,0.06666666666666667,0.08641975308641975
A_to_B,combined,0.09333333333333334,0.08641975308641975
A_to_B,combined,0.09333333333333334,0.09876543209876543
A_to_B,combined,0.12,0.09876543209876543
A_to_B,combined,0.12,0.12345679012345678
A_to_B,combined,0.13333333333333333,0.12345679012345678
A_to_B,combined,0.13333333333333333,0.14814814814814814
A_to_B,combined,0.16,0.14814814814814814
A_to_B,combined,0.16,0.18518518518518517
A_to_B,combined,0.21333333333333335,0.18518518518518517
A_to_B,combined,0.21333333333333335,0.24691358024691357
A_to_B,combined,0.25333333333333335,0.24691358024691357
A_to_B,combined,0.25333333333333335,0.25925925925925924
A_to_B,combined,0.28,0.25925925925925924
A_to_B,combined,0.28,0.2839506172839506
A_to_B,combined,0.30666666666666664,0.2839506172839506
A_to_B,combined,0.30666666666666664,0.2962962962962963
A_to_B,combined,0.32,0.2962962962962963
A_to_B,combined,0.32,0.30864197530864196
A_to_B,combined,0.3466666666666667,0.30864197530864196
A_to_B,combined,0.3466666666666667,0.37037037037037035
A_to_B,combined,0.37333333333333335,0.37037037037037035
A_to_B,combined,0.37333333333333335,0.4444444444444444
A_to_B,combined,0.38666666666666666,0.4444444444444444
A_to_B,combined,0.38666666666666666,0.4691358024691358
A_to_B,combined,0.4,0.4691358024691358
A_to_B,combined,0.4,0.48148148148148145
A_to_B,combined,0.41333333333333333,0.48148148148148145
A_to_B,combined,0.41333333333333333,0.5308641975308642
A_to_B,combined,0.4533333333333333,0.5308641975308642
A_to_B,combined,0.4533333333333333,0.5555555555555556
A_to_B,combined,0.49333333333333335,0.5555555555555556
A_to_B,combined,0.49333333333333335,0.6172839506172839
A_to_B,combined,0.52,0.6172839506172839
A_to_B,combined,0.52,0.6790123456790124
A_to_B,combined,0.5333333333333333,0.6790123456790124
A_to_B,combined,0.5333333333333333,0.691358024691358
A_to_B,combined,0.5466666666666666,0.691358024691358
A_to_B,combined,0.5466666666666666,0.7037037037037037
A_to_B,combined,0.56,0.7037037037037037
A_to_B,combined,0.56,0.7283950617283951
A_to_B,combined,0.6133333333333333,0.7283950617283951
A_to_B,combined,0.6133333333333333,0.7530864197530864
A_to_B,combined,0.64,0.7530864197530864
A_to_B,combined,0.64,0.7777777777777778
A_to_B,combined,0.6666666666666666,0.7777777777777778
A_to_B,combined,0.6666666666666666,0.7901234567901234
A_to_B,combined,0.7066666666666667,0.7901234567901234
A_to_B,combined,0.7066666666666667,0.8395061728395061
A_to_B,combined,0.76,0.8395061728395061
A_to_B,combined,0.76,0.8518518518518519
A_to_B,combined,0.7866666666666666,0.8518518518518519
A_to_B,combined,0.7866666666666666,0.8641975308641975
A_to_B,combined,0.8266666666666667,0.8641975308641975
A_to_B,combined,0.8266666666666667,0.9012345679012346
A_to_B,combined,0.8533333333333334,0.9012345679012346
A_to_B,combined,0.8533333333333334,0.9382716049382716
A_to_B,combined,0.9466666666666667,0.9382716049382716
A_to_B,combined,0.9466666666666667,0.9506172839506173
A_to_B,combined,0.9733333333333334,0.9506172839506173
A_to_B,combined,0.9733333333333334,0.9753086419753086
A_to_B,combined,0.9866666666666667,0.9753086419753086
A_to_B,combined,0.9866666666666667,0.9876543209876543
A_to_B,combined,1.0,0.9876543209876543
A_to_B,combined,1.0,1.0
B_to_A,erp,0.0,0.0
B_to_A,erp,0.011235955056179775,0.0
B_to_A,erp,0.02247191011235955,0.0
B_to_A,erp,0.02247191011235955,0.06756756756756757
B_to_A,erp,0.033707865168539325,0.06756756756756757
B_to_A,erp,0.033707865168539325,0.0945945945945946
B_to_A,erp,0.056179775280898875,0.0945945945945946
B_to_A,erp,0.056179775280898875,0.12162162162162163
B_to_A,erp,0.06741573033707865,0.12162162162162163
B_to_A,erp,0.06741573033707865,0.14864864864864866
B_to_A,erp,0.07865168539325842,0.14864864864864866
B_to_A,erp,0.07865168539325842,0.1891891891891892
B_to_A,erp,0.0898876404494382,0.1891891891891892
B_to_A,erp,0.0898876404494382,0.20270270270270271
B_to_A,erp,0.10112359550561797,0.20270270270270271
B_to_A,erp,0.10112359550561797,0.24324324324324326
B_to_A,erp,0.11235955056179775,0.24324324324324326
B_to_A,erp,0.11235955056179775,0.2972972972972973
B_to_A,erp,0.12359550561797752,0.2972972972972973
B_to_A,erp,0.12359550561797752,0.36486486486486486
B_to_A,erp,0.15730337078651685,0.36486486486486486
B_to_A,erp,0.15730337078651685,0.3783783783783784
B_to_A,erp,0.21348314606741572,0.3783783783783784
B_to_A,erp,0.21348314606741572,0.3918918918918919
B_to_A,erp,0.23595505617977527,0.3918918918918919
B_to_A,erp,0.23595505617977527,0.4189189189189189
B_to_A,erp,0.24719101123595505,0.4189189189189189
B_to_A,erp,0.24719101123595505,0.44594594594594594
B_to_A,erp,0.2808988764044944,0.44594594594594594
B_to_A,erp,0.2808988764044944,0.4594594594594595
B_to_A,erp,0.30337078651685395,0.4594594594594595
B_to_A,erp,0.30337078651685395,0.4864864864864865
B_to_A,erp,0.3258426966292135,0.4864864864864865
B_to_A,erp,0.3258426966292135,0.5
B_to_A,erp,0.33707865168539325,0.5
B_to_A,erp,0.33707865168539325,0.5135135135135135
B_to_A,erp,0.34831460674157305,0.5135135135135135
B_to_A,erp,0.34831460674157305,0.5675675675675675
B_to_A,erp,0.38202247191011235,0.5675675675675675
B_to_A,erp,0.38202247191011235,0.5945945945945946
B_to_A,erp,0.39325842696629215,0.5945945945945946
B_to_A,erp,0.39325842696629215,0.6081081081081081
B_to_A,erp,0.4044943820224719,0.6081081081081081
B_to_A,erp,0.4044943820224719,0.6216216216216216
B_to_A,erp,0.42696629213483145,0.6216216216216216
B_to_A,erp,0.42696629213483145,0.6351351351351351
B_to_A,erp,0.4606741573033708,0.6351351351351351
B_to_A,erp,0.4606741573033708,0.6486486486486487
B_to_A,erp,0.5280898876404494,0.6486486486486487
B_to_A,erp,0.5280898876404494,0.6621621621621622
B_to_A,erp,0.5730337078651685,0.6621621621621622
B_to_A,erp,0.5730337078651685,0.6891891891891891
B_to_A,erp,0.6179775280898876,0.6891891891891891
B_to_A,erp,0.6179775280898876,0.7027027027027027
B_to_A,erp,0.651685393258427,0.7027027027027027
B_to_A,erp,0.651685393258427,0.7297297297297297
B_to_A,erp,0.6629213483146067,0.7297297297297297
B_to_A,erp,0.6629213483146067,0.7432432432432432
B_to_A,erp,0.7415730337078652,0.7432432432432432
B_to_A,erp,0.7415730337078652,0.7567567567567568
B_to_A,erp,0.7865168539325843,0.7567567567567568
B_to_A,erp,0.7865168539325843,0.7702702702702703
B_to_A,erp,0.797752808988764,0.7702702702702703
B_to_A,erp,0.797752808988764,0.7837837837837838
B_to_A,erp,0.8089887640449438,0.7837837837837838
B_to_A,erp,0.8089887640449438,0.8108108108108109
B_to_A,erp,0.8202247191011236,0.8108108108108109
B_to_A,erp,0.8202247191011236,0.8378378378378378
B_to_A,erp,0.8314606741573034,0.8378378378378378
B_to_A,erp,0.8314606741573034,0.8513513513513513
B_to_A,erp,0.8426966292134831,0.8513513513513513
B_to_A,erp,0.8426966292134831,0.8648648648648649
B_to_A,erp,0.8651685393258427,0.8648648648648649
B_to_A,erp,0.8651685393258427,0.8783783783783784
B_to_A,erp,0.8876404494382022,0.8783783783783784
B_to_A,erp,0.8876404494382022,0.8918918918918919
B_to_A,erp,0.898876404494382,0.8918918918918919
B_to_A,erp,0.898876404494382,0.9054054054054054
B_to_A,erp,0.9213483146067416,0.9054054054054054
B_to_A,erp,0.9213483146067416,0.9459459459459459
B_to_A,erp,0.9438202247191011,0.9459459459459459
B_to_A,erp,0.9438202247191011,0.972972972972973
B_to_A,erp,0.9550561797752809,0.972972972972973
B_to_A,erp,0.9550561797752809,0.9864864864864865
B_to_A,erp,0.9775280898876404,0.9864864864864865
B_to_A,erp,0.9775280898876404,1.0
B_to_A,erp,1.0,1.0
B_to_A,source,0.0,0.0
B_to_A,source,0.0,0.013513513513513514
B_to_A,source,0.033707865168539325,0.013513513513513514
B_to_A,source,0.033707865168539325,0.02702702702702703
B_to_A,source,0.0449438202247191,0.02702702702702703
B_to_A,source,0.0449438202247191,0.04054054054054054
B_to_A,source,0.07865168539325842,0.04054054054054054
B_to_A,source,0.07865168539325842,0.05405405405405406
B_to_A,source,0.10112359550561797,0.05405405405405406
B_to_A,source,0.10112359550561797,0.06756756756756757
B_to_A,source,0.15730337078651685,0.06756756756756757
B_to_A,source,0.15730337078651685,0.08108108108108109
B_to_A,source,0.16853932584269662,0.08108108108108109
B_to_A,source,0.16853932584269662,0.0945945945945946
B_to_A,source,0.1797752808988764,0.0945945945945946
B_to_A,source,0.1797752808988764,0.12162162162162163
B_to_A,source,0.19101123595505617,0.12162162162162163
B_to_A,source,0.19101123595505617,0.13513513513513514
B_to_A,source,0.21348314606741572,0.13513513513513514
B_to_A,source,0.21348314606741572,0.17567567567567569
B_to_A,source,0.23595505617977527,0.17567567567567569
B_to_A,source,0.23595505617977527,0.1891891891891892
B_to_A,source,0.29213483146067415,0.1891891891891892
B_to_A,source,0.29213483146067415,0.20270270270270271
B_to_A,source,0.30337078651685395,0.20270270270270271
B_to_A,source,0.30337078651685395,0.22972972972972974
B_to_A,source,0.3146067415730337,0.22972972972972974
B_to_A,source,0.3146067415730337,0.24324324324324326
B_to_A,source,0.34831460674157305,0.24324324324324326
B_to_A,source,0.34831460674157305,0.25675675675675674
B_to_A,source,0.4044943820224719,0.25675675675675674
B_to_A,source,0.4044943820224719,0.28378378378378377
B_to_A,source,0.4157303370786517,0.28378378378378377
B_to_A,source,0.4157303370786517,0.32432432432432434
B_to_A,source,0.43820224719101125,0.32432432432432434
B_to_A,source,0.43820224719101125,0.35135135135135137
B_to_A,source,0.449438202247191,0.35135135135135137
B_to_A,source,0.449438202247191,0.3783783783783784
B_to_A,source,0.47191011235955055,0.3783783783783784
B_to_A,source,0.47191011235955055,0.43243243243243246
B_to_A,source,0.48314606741573035,0.43243243243243246
B_to_A,source,0.48314606741573035,0.4864864864864865
B_to_A,source,0.4943820224719101,0.4864864864864865
B_to_A,source,0.4943820224719101,0.5135135135135135
B_to_A,source,0.550561797752809,0.5135135135135135
B_to_A,source,0.550561797752809,0.5405405405405406
B_to_A,source,0.5617977528089888,0.5405405405405406
B_to_A,source,0.5617977528089888,0.581081081081081
B_to_A,source,0.5842696629213483,0.581081081081081
B_to_A,source,0.5842696629213483,0.5945945945945946
B_to_A,source,0.6067415730337079,0.5945945945945946
B_to_A,source,0.6067415730337079,0.6351351351351351
B_to_A,source,0.6179775280898876,0.6351351351351351
B_to_A,source,0.6179775280898876,0.6486486486486487
B_to_A,source,0.6404494382022472,0.6486486486486487
B_to_A,source,0.6404494382022472,0.6621621621621622
B_to_A,source,0.6741573033707865,0.6621621621621622
B_to_A,source,0.6741573033707865,0.7027027027027027
B_to_A,source,0.6853932584269663,0.7027027027027027
B_to_A,source,0.6853932584269663,0.7162162162162162
B_to_A,source,0.7078651685393258,0.7162162162162162
B_to_A,source,0.7078651685393258,0.7432432432432432
B_to_A,source,0.7303370786516854,0.7432432432432432
B_to_A,source,0.7303370786516854,0.7837837837837838
B_to_A,source,0.7415730337078652,0.7837837837837838
B_to_A,source,0.7415730337078652,0.7972972972972973
B_to_A,source,0.7640449438202247,0.7972972972972973
B_to_A,source,0.7640449438202247,0.8108108108108109
B_to_A,source,0.7865168539325843,0.8108108108108109
B_to_A,source,0.7865168539325843,0.8243243243243243
B_to_A,source,0.8089887640449438,0.8243243243243243
B_to_A,source,0.8089887640449438,0.8378378378378378
B_to_A,source,0.8539325842696629,0.8378378378378378
B_to_A,source,0.8539325842696629,0.8648648648648649
B_to_A,source,0.8651685393258427,0.8648648648648649
B_to_A,source,0.8651685393258427,0.8918918918918919
B_to_A,source,0.898876404494382,0.8918918918918919
B_to_A,source,0.898876404494382,0.9054054054054054
B_to_A,source,0.9325842696629213,0.9054054054054054
B_to_A,source,0.9325842696629213,0.918918918918919
B_to_A,source,0.9438202247191011,0.918918918918919
B_to_A,source,0.9438202247191011,0.9594594594594594
B_to_A,source,0.9550561797752809,0.9594594594594594
B_to_A,source,0.9550561797752809,1.0
B_to_A,source,1.0,1.0
B_to_A,scalp,0.0,0.0
B_to_A,scalp,0.011235955056179775,0.0
B_to_A,scalp,0.06741573033707865,0.0
B_to_A,scalp,0.06741573033707865,0.013513513513513514
B_to_A,scalp,0.10112359550561797,0.013513513513513514
B_to_A,scalp,0.10112359550561797,0.02702702702702703
B_to_A,scalp,0.12359550561797752,0.02702702702702703
B_to_A,scalp,0.12359550561797752,0.06756756756756757
B_to_A,scalp,0.1348314606741573,0.06756756756756757
B_to_A,scalp,0.1348314606741573,0.08108108108108109
B_to_A,scalp,0.14606741573033707,0.08108108108108109
B_to_A,scalp,0.14606741573033707,0.0945945945945946
B_to_A,scalp,0.16853932584269662,0.0945945945945946
B_to_A,scalp,0.16853932584269662,0.10810810810810811
B_to_A,scalp,0.19101123595505617,0.10810810810810811
B_to_A,scalp,0.19101123595505617,0.12162162162162163
B_to_A,scalp,0.20224719101123595,0.12162162162162163
B_to_A,scalp,0.20224719101123595,0.13513513513513514
B_to_A,scalp,0.21348314606741572,0.13513513513513514
B_to_A,scalp,0.21348314606741572,0.14864864864864866
B_to_A,scalp,0.2247191011235955,0.14864864864864866
B_to_A,scalp,0.2247191011235955,0.17567567567567569
B_to_A,scalp,0.23595505617977527,0.17567567567567569
B_to_A,scalp,0.23595505617977527,0.24324324324324326
B_to_A,scalp,0.25842696629213485,0.24324324324324326
B_to_A,scalp,0.25842696629213485,0.25675675675675674
B_to_A,scalp,0.2808988764044944,0.25675675675675674
B_to_A,scalp,0.2808988764044944,0.2702702702702703
B_to_A,scalp,0.3258426966292135,0.2702702702702703
B_to_A,scalp,0.3258426966292135,0.3108108108108108
B_to_A,scalp,0.33707865168539325,0.3108108108108108
B_to_A,scalp,0.33707865168539325,0.36486486486486486
B_to_A,scalp,0.3595505617977528,0.36486486486486486
B_to_A,scalp,0.3595505617977528,0.3783783783783784
B_to_A,scalp,0.38202247191011235,0.3783783783783784
B_to_A,scalp,0.38202247191011235,0.3918918918918919
B_to_A,scalp,0.39325842696629215,0.3918918918918919
B_to_A,scalp,0.39325842696629215,0.40540540540540543
B_to_A,scalp,0.42696629213483145,0.40540540540540543
B_to_A,scalp,0.42696629213483145,0.4189189189189189
B_to_A,scalp,0.4606741573033708,0.4189189189189189
B_to_A,scalp,0.4606741573033708,0.43243243243243246
B_to_A,scalp,0.47191011235955055,0.43243243243243246
B_to_A,scalp,0.47191011235955055,0.44594594594594594
B_to_A,scalp,0.5056179775280899,0.44594594594594594
B_to_A,scalp,0.5056179775280899,0.4594594594594595
B_to_A,scalp,0.5168539325842697,0.4594594594594595
B_to_A,scalp,0.5168539325842697,0.47297297297297297
B_to_A,scalp,0.5280898876404494,0.47297297297297297
B_to_A,scalp,0.5280898876404494,0.4864864864864865
B_to_A,scalp,0.5393258426966292,0.4864864864864865
B_to_A,scalp,0.5393258426966292,0.5
B_to_A,scalp,0.5730337078651685,0.5
B_to_A,scalp,0.5730337078651685,0.5540540540540541
B_to_A,scalp,0.5842696629213483,0.5540540540540541
B_to_A,scalp,0.5842696629213483,0.5675675675675675
B_to_A,scalp,0.6067415730337079,0.5675675675675675
B_to_A,scalp,0.6067415730337079,0.6351351351351351
B_to_A,scalp,0.651685393258427,0.6351351351351351
B_to_A,scalp,0.651685393258427,0.6891891891891891
B_to_A,scalp,0.6853932584269663,0.6891891891891891
B_to_A,scalp,0.6853932584269663,0.7297297297297297
B_to_A,scalp,0.7078651685393258,0.7297297297297297
B_to_A,scalp,0.7078651685393258,0.7567567567567568
B_to_A,scalp,0.7191011235955056,0.7567567567567568
B_to_A,scalp,0.7191011235955056,0.7702702702702703
B_to_A,scalp,0.7640449438202247,0.7702702702702703
B_to_A,scalp,0.7640449438202247,0.7837837837837838
B_to_A,scalp,0.7752808988764045,0.7837837837837838
B_to_A,scalp,0.7752808988764045,0.7972972972972973
B_to_A,scalp,0.797752808988764,0.7972972972972973
B_to_A,scalp,0.797752808988764,0.8108108108108109
B_to_A,scalp,0.8089887640449438,0.8108108108108109
B_to_A,scalp,0.8089887640449438,0.8378378378378378
B_to_A,scalp,0.8202247191011236,0.8378378378378378
B_to_A,scalp,0.8202247191011236,0.8513513513513513
B_to_A,scalp,0.8426966292134831,0.8513513513513513
B_to_A,scalp,0.8426966292134831,0.8783783783783784
B_to_A,scalp,0.8539325842696629,0.8783783783783784
B_to_A,scalp,0.8539325842696629,0.9054054054054054
B_to_A,scalp,0.898876404494382,0.9054054054054054
B_to_A,scalp,0.898876404494382,0.918918918918919
B_to_A,scalp,0.9325842696629213,0.918918918918919
B_to_A,scalp,0.9325842696629213,0.9324324324324325
B_to_A,scalp,0.9550561797752809,0.9324324324324325
B_to_A,scalp,0.9550561797752809,0.9594594594594594
B_to_A,scalp,0.9775280898876404,0.9594594594594594
B_to_A,scalp,0.9775280898876404,0.9864864864864865
B_to_A,scalp,0.9887640449438202,0.9864864864864865
B_to_A,scalp,0.9887640449438202,1.0
B_to_A,scalp,1.0,1.0
B_to_A,combined,0.0,0.0
B_to_A,combined,0.0,0.013513513513513514
B_to_A,combined,0.0,0.04054054054054054
B_to_A,combined,0.02247191011235955,0.04054054054054054
B_to_A,combined,0.02247191011235955,0.08108108108108109
B_to_A,combined,0.056179775280898875,0.08108108108108109
B_to_A,combined,0.056179775280898875,0.10810810810810811
B_to_A,combined,0.06741573033707865,0.10810810810810811
B_to_A,combined,0.06741573033707865,0.13513513513513514
B_to_A,combined,0.0898876404494382,0.13513513513513514
B_to_A,combined,0.0898876404494382,0.14864864864864866
B_to_A,combined,0.12359550561797752,0.14864864864864866
B_to_A,combined,0.12359550561797752,0.1891891891891892
B_to_A,combined,0.1797752808988764,0.1891891891891892
B_to_A,combined,0.1797752808988764,0.20270270270270271
B_to_A,combined,0.19101123595505617,0.20270270270270271
B_to_A,combined,0.19101123595505617,0.21621621621621623
B_to_A,combined,0.21348314606741572,0.21621621621621623
B_to_A,combined,0.21348314606741572,0.2702702702702703
B_to_A,combined,0.2247191011235955,0.2702702702702703
B_to_A,combined,0.2247191011235955,0.3108108108108108
B_to_A,combined,0.23595505617977527,0.3108108108108108
B_to_A,combined,0.23595505617977527,0.33783783783783783
B_to_A,combined,0.24719101123595505,0.33783783783783783
B_to_A,combined,0.24719101123595505,0.36486486486486486
B_to_A,combined,0.2696629213483146,0.36486486486486486
B_to_A,combined,0.2696629213483146,0.4189189189189189
B_to_A,combined,0.3146067415730337,0.4189189189189189
B_to_A,combined,0.3146067415730337,0.43243243243243246
B_to_A,combined,0.3595505617977528,0.43243243243243246
B_to_A,combined,0.3595505617977528,0.44594594594594594
B_to_A,combined,0.3707865168539326,0.44594594594594594
B_to_A,combined,0.3707865168539326,0.4864864864864865
B_to_A,combined,0.38202247191011235,0.4864864864864865
B_to_A,combined,0.38202247191011235,0.527027027027027
B_to_A,combined,0.42696629213483145,0.527027027027027
B_to_A,combined,0.42696629213483145,0.5540540540540541
B_to_A,combined,0.43820224719101125,0.5540540540540541
B_to_A,combined,0.43820224719101125,0.5945945945945946
B_to_A,combined,0.4606741573033708,0.5945945945945946
B_to_A,combined,0.4606741573033708,0.6216216216216216
B_to_A,combined,0.5056179775280899,0.6216216216216216
B_to_A,combined,0.5056179775280899,0.6486486486486487
B_to_A,combined,0.5280898876404494,0.6486486486486487
B_to_A,combined,0.5280898876404494,0.6756756756756757
B_to_A,combined,0.5730337078651685,0.6756756756756757
B_to_A,combined,0.5730337078651685,0.6891891891891891
B_to_A,combined,0.6179775280898876,0.6891891891891891
B_to_A,combined,0.6179775280898876,0.7027027027027027
B_to_A,combined,0.6292134831460674,0.7027027027027027
B_to_A,combined,0.6292134831460674,0.7432432432432432
B_to_A,combined,0.6853932584269663,0.7432432432432432
B_to_A,combined,0.6853932584269663,0.7567567567567568
B_to_A,combined,0.7303370786516854,0.7567567567567568
B_to_A,combined,0.7303370786516854,0.7702702702702703
B_to_A,combined,0.7415730337078652,0.7702702702702703
B_to_A,combined,0.7415730337078652,0.7972972972972973
B_to_A,combined,0.7640449438202247,0.7972972972972973
B_to_A,combined,0.7640449438202247,0.8108108108108109
B_to_A,combined,0.797752808988764,0.8108108108108109
B_to_A,combined,0.797752808988764,0.8513513513513513
B_to_A,combined,0.8314606741573034,0.8513513513513513
B_to_A,combined,0.8314606741573034,0.8648648648648649
B_to_A,combined,0.8426966292134831,0.8648648648648649
B_to_A,combined,0.8426966292134831,0.8783783783783784
B_to_A,combined,0.898876404494382,0.8783783783783784
B_to_A,combined,0.898876404494382,0.9054054054054054
B_to_A,combined,0.9101123595505618,0.9054054054054054
B_to_A,combined,0.9101123595505618,0.9459459459459459
B_to_A,combined,0.9213483146067416,0.9459459459459459
B_to_A,combined,0.9213483146067416,0.9594594594594594
B_to_A,combined,0.9775280898876404,0.9594594594594594
B_to_A,combined,0.9775280898876404,0.9864864864864865
B_to_A,combined,0.9887640449438202,0.9864864864864865
B_to_A,combined,0.9887640449438202,1.0
B_to_A,combined,1.0,1.0
